OrderID,CustomerID,ProductID,OrderDate,Quantity,UnitPrice,CustomerName,Region,Segment,SignupDate,ProductName,Category,UnitCost,OrderSizeLabel,SegmentType,Quantity_MinMax,UnitPrice_Zscore,OrderYear,OrderMonth,OrderMonthName,OrderQuarter,OrderWeekday,YearMonth,Revenue,Cost,Profit,ProfitMargin%,CustomerLifetimeSpend,CustomerTier,AOV
ORD000001,CUST0074,PRD0001,2023-07-29,14.0,133.49,Customer_74,South,Home Office,2024-04-16,Product_1,Furniture,65.38,Bulk,B2B-Home,0.6341463414634146,-0.9462271147455267,2023,7,July,3,Saturday,2023-07,1868.8600000000001,915.3199999999999,953.5400000000002,51.02,14716.050000000001,Medium Value,1868.8600000000001
ORD000002,CUST0104,PRD0044,2024-07-16,11.0,162.81,Customer_104,West,Home Office,2022-09-25,Product_44,Electronics,105.58,Bulk,B2B-Home,0.4878048780487805,-0.8035063846938985,2024,7,July,3,Tuesday,2024-07,1790.91,1161.3799999999999,629.5300000000002,35.15,17920.66,Medium Value,1790.91
ORD000003,CUST0038,PRD0056,2023-04-28,8.0,711.44,Customer_38,North,Consumer,2022-09-29,Product_56,Groceries,375.64,Regular,B2C,0.34146341463414637,1.8670554887107675,2023,4,April,2,Friday,2023-04,5691.52,3005.12,2686.4000000000005,47.2,19394.91,Medium Value,5691.52
ORD000004,CUST0134,PRD0045,2024-12-13,8.0,554.21,Customer_134,North,Corporate,2023-09-18,Product_45,Clothing,274.19,Regular,B2B,0.34146341463414637,1.1017082722708798,2024,12,December,4,Friday,2024-12,4433.68,2193.52,2240.1600000000003,50.53,13210.79,Medium Value,4433.68
ORD000005,CUST0200,PRD0042,2024-01-12,13.0,259.69,Customer_200,East,Home Office,2023-04-14,Product_42,Clothing,132.33,Bulk,B2B-Home,0.5853658536585366,-0.33192438171293864,2024,1,January,1,Friday,2024-01,3375.97,1720.2900000000002,1655.6799999999996,49.04,8446.85,Low Value,3375.97
ORD000006,CUST0023,PRD0047,2024-07-04,7.0,491.72,Customer_23,South,Corporate,2023-10-03,Product_47,Furniture,240.28,Regular,B2B,0.2926829268292683,0.7975261978873105,2024,7,July,3,Thursday,2024-07,3442.04,1681.96,1760.08,51.13,9435.74,Medium Value,3442.04
ORD000007,CUST0047,PRD0059,2024-06-23,8.0,460.22,Customer_47,West,Home Office,2022-06-03,Product_59,Groceries,297.74,Regular,B2B-Home,0.34146341463414637,0.6441938992302065,2024,6,June,2,Sunday,2024-06,3681.76,2381.92,1299.8400000000001,35.3,23461.079999999998,High Value,3681.76
ORD000008,CUST0090,PRD0013,2023-03-25,13.0,326.99,Customer_90,South,Corporate,2022-09-15,Product_13,Office Supplies,162.15,Bulk,B2B,0.5853658536585366,-0.004328708709030647,2023,3,March,1,Saturday,2023-03,4250.87,2107.9500000000003,2142.9199999999996,50.41,18871.21,Medium Value,4250.87
ORD000009,CUST0046,PRD0055,2024-03-29,6.0,540.73,Customer_46,West,Home Office,2022-03-17,Product_55,Groceries,293.69,Regular,B2B-Home,0.24390243902439024,1.0360917838296808,2024,3,March,1,Friday,2024-03,3244.38,1762.1399999999999,1482.2400000000002,45.69,28122.76,High Value,3244.38
ORD000010,CUST0107,PRD0022,2024-10-28,2.0,365.55,Customer_107,South,Corporate,2023-02-21,Product_22,Office Supplies,230.79,Regular,B2B,0.04878048780487805,0.18336949561534813,2024,10,October,4,Monday,2024-10,731.1,461.58,269.52000000000004,36.86,10106.86,Medium Value,731.1
ORD000011,CUST0140,PRD0054,2024-09-20,2.0,103.87,Customer_140,North,Home Office,2023-12-30,Product_54,Office Supplies,54.1,Regular,B2B-Home,0.04878048780487805,-1.090408152403413,2024,9,September,3,Friday,2024-09,207.74,108.2,99.54,47.92,6014.009999999999,Low Value,207.74
ORD000012,CUST0218,PRD0021,2024-05-28,8.0,472.24,Customer_218,North,Home Office,2022-08-23,Product_21,Office Supplies,224.92,Regular,B2B-Home,0.34146341463414637,0.7027035573209489,2024,5,May,2,Tuesday,2024-05,3777.92,1799.36,1978.5600000000002,52.37,16281.71,Medium Value,3777.92
ORD000013,CUST0141,PRD0022,2024-08-27,11.0,365.55,Customer_141,West,Corporate,2022-10-04,Product_22,Office Supplies,230.79,Bulk,B2B,0.4878048780487805,0.18336949561534813,2024,8,August,3,Tuesday,2024-08,4021.05,2538.69,1482.3600000000001,36.86,18900.04,Medium Value,4021.05
ORD000014,CUST0104,PRD0028,2024-11-08,1.0,375.61,Customer_104,West,Home Office,2022-09-25,Product_28,Electronics,205.51,Regular,B2B-Home,0.0,0.23233847734520421,2024,11,November,4,Friday,2024-11,375.61,205.51,170.10000000000002,45.29,17920.66,Medium Value,375.61
ORD000015,CUST0190,PRD0009,2024-01-22,6.0,365.6,Customer_190,South,Home Office,2024-04-30,Product_9,Clothing,212.18,Regular,B2B-Home,0.24390243902439024,0.1836128802163912,2024,1,January,1,Monday,2024-01,2193.6000000000004,1273.08,920.5200000000004,41.96,20038.690000000002,High Value,2193.6000000000004
ORD000016,CUST0210,PRD0026,2023-12-16,13.0,174.95,Customer_210,North,Home Office,2022-07-05,Product_26,Furniture,132.85,Bulk,B2B-Home,0.5853658536585366,-0.7444126035606528,2023,12,December,4,Saturday,2023-12,2274.35,1727.05,547.3,24.06,10350.1,Medium Value,2274.35
ORD000017,CUST0217,PRD0009,2023-10-23,6.0,365.6,Customer_217,West,Home Office,2024-01-03,Product_9,Clothing,212.18,Regular,B2B-Home,0.24390243902439024,0.1836128802163912,2023,10,October,4,Monday,2023-10,2193.6000000000004,1273.08,920.5200000000004,41.96,14480.220000000001,Medium Value,2193.6000000000004
ORD000018,CUST0225,PRD0015,2023-09-15,11.0,547.01,Customer_225,South,Consumer,2023-05-07,Product_15,Office Supplies,346.88,Bulk,B2C,0.4878048780487805,1.0666608897206844,2023,9,September,3,Friday,2023-09,6017.11,3815.68,2201.43,36.59,20347.17,High Value,6017.11
ORD000019,CUST0111,PRD0010,2023-03-22,4.0,260.5,Customer_111,West,Home Office,2023-07-10,Product_10,Furniture,167.11,Regular,B2B-Home,0.14634146341463414,-0.32798155117604166,2023,3,March,1,Wednesday,2023-03,1042.0,668.44,373.55999999999995,35.85,17838.7,Medium Value,1042.0
ORD000020,CUST0104,PRD0024,2023-09-25,12.0,650.79,Customer_104,West,Home Office,2022-09-25,Product_24,Groceries,308.95,Bulk,B2B-Home,0.5365853658536586,1.5718299676455811,2023,9,September,3,Monday,2023-09,7809.48,3707.3999999999996,4102.08,52.53,17920.66,Medium Value,7809.48
ORD000021,CUST0060,PRD0058,2024-02-23,11.0,45.4,Customer_60,North,Consumer,2022-08-06,Product_58,Electronics,31.27,Bulk,B2C,0.4878048780487805,-1.3750221048631235,2024,2,February,1,Friday,2024-02,499.4,343.96999999999997,155.43,31.12,22112.15,High Value,499.4
ORD000022,CUST0171,PRD0057,2023-08-23,13.0,133.48,Customer_171,West,Home Office,2024-05-29,Product_57,Electronics,76.59,Bulk,B2B-Home,0.5853658536585366,-0.9462757916657354,2023,8,August,3,Wednesday,2023-08,1735.2399999999998,995.6700000000001,739.5699999999997,42.62,23186.15,High Value,1735.2399999999998
ORD000023,CUST0204,PRD0042,2023-11-07,11.0,259.69,Customer_204,North,Corporate,2022-05-24,Product_42,Clothing,132.33,Bulk,B2B,0.4878048780487805,-0.33192438171293864,2023,11,November,4,Tuesday,2023-11,2856.59,1455.63,1400.96,49.04,17106.79,Medium Value,2856.59
ORD000024,CUST0236,PRD0008,2023-12-23,13.0,68.43,Customer_236,West,Corporate,2022-07-13,Product_8,Furniture,36.69,Bulk,B2B,0.5853658536585366,-1.2629191576227072,2023,12,December,4,Saturday,2023-12,889.5900000000001,476.96999999999997,412.6200000000002,46.38,27547.510000000002,High Value,889.5900000000001
ORD000025,CUST0100,PRD0024,2023-08-01,10.0,650.79,Customer_100,North,Home Office,2023-06-29,Product_24,Groceries,308.95,Regular,B2B-Home,0.43902439024390244,1.5718299676455811,2023,8,August,3,Tuesday,2023-08,6507.9,3089.5,3418.3999999999996,52.53,21793.51,High Value,6507.9
ORD000026,CUST0240,PRD0016,2024-07-27,3.0,544.93,Customer_240,West,Consumer,2023-02-26,Product_16,Office Supplies,327.74,Regular,B2C,0.0975609756097561,1.0565360903172945,2024,7,July,3,Saturday,2024-07,1634.79,983.22,651.5699999999999,39.86,7942.71,Low Value,1634.79
ORD000027,CUST0068,PRD0049,2023-02-18,13.0,267.83,Customer_68,North,Home Office,2024-01-04,Product_49,Groceries,167.68,Bulk,B2B-Home,0.5853658536585366,-0.29230136866313466,2023,2,February,1,Saturday,2023-02,3481.79,2179.84,1301.9499999999998,37.39,12091.31,Medium Value,3481.79
ORD000028,CUST0133,PRD0026,2023-05-07,11.0,174.95,Customer_133,North,Home Office,2023-05-16,Product_26,Furniture,132.85,Bulk,B2B-Home,0.4878048780487805,-0.7444126035606528,2023,5,May,2,Sunday,2023-05,1924.4499999999998,1461.35,463.0999999999999,24.06,27927.370000000003,High Value,1924.4499999999998
ORD000029,CUST0120,PRD0027,2023-08-11,3.0,370.3,Customer_120,North,Consumer,2024-01-24,Product_27,Electronics,173.05,Regular,B2C,0.0975609756097561,0.20649103271443522,2023,8,August,3,Friday,2023-08,1110.9,519.1500000000001,591.75,53.27,21611.49,High Value,1110.9
ORD000030,CUST0037,PRD0037,2023-10-06,13.0,38.5,Customer_37,West,Consumer,2024-06-15,Product_37,Furniture,25.47,Bulk,B2C,0.5853658536585366,-1.4086091798070604,2023,10,October,4,Friday,2023-10,500.5,331.11,169.39,33.84,26289.41,High Value,500.5
ORD000031,CUST0072,PRD0004,2024-02-12,13.0,110.29,Customer_72,South,Consumer,2023-06-06,Product_4,Electronics,78.69,Bulk,B2C,0.5853658536585366,-1.059157569629489,2024,2,February,1,Monday,2024-02,1433.77,1022.97,410.79999999999995,28.65,24813.85,High Value,1433.77
ORD000032,CUST0127,PRD0050,2024-05-19,1.0,285.21,Customer_127,South,Home Office,2023-08-25,Product_50,Clothing,142.8,Regular,B2B-Home,0.0,-0.20770088134058018,2024,5,May,2,Sunday,2024-05,285.21,142.8,142.40999999999997,49.93,6170.860000000001,Low Value,285.21
ORD000033,CUST0106,PRD0024,2023-10-21,3.0,650.79,Customer_106,South,Corporate,2023-07-31,Product_24,Groceries,308.95,Regular,B2B,0.0975609756097561,1.5718299676455811,2023,10,October,4,Saturday,2023-10,1952.37,926.8499999999999,1025.52,52.53,13823.58,Medium Value,1952.37
ORD000034,CUST0241,PRD0019,2023-10-04,4.0,458.22,Customer_241,South,Consumer,2022-12-05,Product_19,Furniture,269.11,Regular,B2C,0.14634146341463414,0.6344585151884856,2023,10,October,4,Wednesday,2023-10,1832.88,1076.44,756.44,41.27,24028.78,High Value,1832.88
ORD000035,CUST0092,PRD0036,2024-03-13,11.0,291.11,Customer_92,West,Corporate,2024-06-14,Product_36,Clothing,215.37,Bulk,B2B,0.4878048780487805,-0.17898149841750338,2024,3,March,1,Wednesday,2024-03,3202.21,2369.07,833.1399999999999,26.02,32693.739999999998,High Value,3202.21
ORD000036,CUST0031,PRD0060,2023-04-17,11.0,320.42,Customer_31,North,Home Office,2022-04-28,Product_60,Groceries,231.92,Bulk,B2B-Home,0.4878048780487805,-0.036309445286083736,2023,4,April,2,Monday,2023-04,3524.6200000000003,2551.12,973.5000000000005,27.62,17397.95,Medium Value,3524.6200000000003
ORD000037,CUST0122,PRD0039,2024-10-19,5.0,112.92,Customer_122,North,Consumer,2023-12-28,Product_39,Electronics,58.09,Regular,B2C,0.1951219512195122,-1.046355539614626,2024,10,October,4,Saturday,2024-10,564.6,290.45000000000005,274.15,48.56,13334.26,Medium Value,564.6
ORD000038,CUST0137,PRD0010,2024-02-24,3.0,260.5,Customer_137,North,Corporate,2023-02-17,Product_10,Furniture,167.11,Regular,B2B,0.0975609756097561,-0.32798155117604166,2024,2,February,1,Saturday,2024-02,781.5,501.33000000000004,280.16999999999996,35.85,9525.82,Medium Value,781.5
ORD000039,CUST0246,PRD0025,2024-09-02,6.0,143.9,Customer_246,South,Consumer,2022-12-08,Product_25,Clothing,78.88,Regular,B2C,0.24390243902439024,-0.8955544408083695,2024,9,September,3,Monday,2024-09,863.4000000000001,473.28,390.1200000000001,45.18,24314.760000000002,High Value,863.4000000000001
ORD000040,CUST0051,PRD0018,2024-03-04,11.0,291.11,Customer_51,East,Home Office,2023-11-28,Product_18,Groceries,72.5,Bulk,B2B-Home,0.4878048780487805,-0.17898149841750338,2024,3,March,1,Monday,2024-03,3202.21,797.5,2404.71,75.1,22998.519999999997,High Value,3202.21
ORD000041,CUST0029,PRD0019,2024-01-10,14.0,458.22,Customer_29,West,Consumer,2022-04-06,Product_19,Furniture,269.11,Bulk,B2C,0.6341463414634146,0.6344585151884856,2024,1,January,1,Wednesday,2024-01,6415.08,3767.54,2647.54,41.27,35541.26,High Value,6415.08
ORD000042,CUST0206,PRD0036,2023-03-14,12.0,291.11,Customer_206,North,Corporate,2022-02-08,Product_36,Clothing,215.37,Bulk,B2B,0.5365853658536586,-0.17898149841750338,2023,3,March,1,Tuesday,2023-03,3493.32,2584.44,908.8800000000001,26.02,14861.295,Medium Value,3493.32
ORD000043,CUST0040,PRD0010,2024-09-25,5.0,260.5,Customer_40,East,Home Office,2023-12-05,Product_10,Furniture,167.11,Regular,B2B-Home,0.1951219512195122,-0.32798155117604166,2024,9,September,3,Wednesday,2024-09,1302.5,835.5500000000001,466.94999999999993,35.85,15046.16,Medium Value,1302.5
ORD000044,CUST0041,PRD0033,2023-01-30,3.0,406.65,Customer_41,East,Corporate,2023-03-23,Product_33,Groceries,234.59,Regular,B2B,0.0975609756097561,0.3834316376727122,2023,1,January,1,Monday,2023-01,1219.9499999999998,703.77,516.1799999999998,42.31,11456.41,Medium Value,1219.9499999999998
ORD000045,CUST0214,PRD0055,2023-07-07,6.0,540.73,Customer_214,East,Corporate,2022-05-13,Product_55,Groceries,293.69,Regular,B2B,0.24390243902439024,1.0360917838296808,2023,7,July,3,Friday,2023-07,3244.38,1762.1399999999999,1482.2400000000002,45.69,19948.84,High Value,3244.38
ORD000046,CUST0011,PRD0050,2023-12-30,6.0,285.21,Customer_11,East,Consumer,2024-04-10,Product_50,Clothing,142.8,Regular,B2C,0.24390243902439024,-0.20770088134058018,2023,12,December,4,Saturday,2023-12,1711.2599999999998,856.8000000000001,854.4599999999997,49.93,20185.96,High Value,1711.2599999999998
ORD000047,CUST0151,PRD0005,2024-03-26,14.0,160.38,Customer_151,East,Consumer,2023-07-02,Product_5,Office Supplies,117.61,Bulk,B2C,0.6341463414634146,-0.8153348763045895,2024,3,March,1,Tuesday,2024-03,2245.3199999999997,1646.54,598.7799999999997,26.67,25924.43,High Value,2245.3199999999997
ORD000048,CUST0001,PRD0047,2023-07-14,8.0,491.72,Customer_1,East,Corporate,2024-03-30,Product_47,Furniture,240.28,Regular,B2B,0.34146341463414637,0.7975261978873105,2023,7,July,3,Friday,2023-07,3933.76,1922.24,2011.5200000000002,51.13,21904.12,High Value,3933.76
ORD000049,CUST0046,PRD0049,2023-06-05,2.0,267.83,Customer_46,West,Home Office,2022-03-17,Product_49,Groceries,167.68,Regular,B2B-Home,0.04878048780487805,-0.29230136866313466,2023,6,June,2,Monday,2023-06,535.66,335.36,200.29999999999995,37.39,28122.76,High Value,535.66
ORD000050,CUST0101,PRD0035,2023-06-21,1.0,387.88,Customer_101,East,Home Office,2023-11-22,Product_35,Electronics,195.05,Regular,B2B-Home,0.0,0.29206505844116176,2023,6,June,2,Wednesday,2023-06,387.88,195.05,192.82999999999998,49.71,3627.76,Low Value,387.88
ORD000051,CUST0149,PRD0044,2023-02-10,4.0,162.81,Customer_149,North,Consumer,2023-11-20,Product_44,Electronics,105.58,Regular,B2C,0.14634146341463414,-0.8035063846938985,2023,2,February,1,Friday,2023-02,651.24,422.32,228.92000000000002,35.15,20440.949999999997,High Value,651.24
ORD000052,CUST0090,PRD0034,2023-03-04,7.0,138.13,Customer_90,South,Corporate,2022-09-15,Product_34,Clothing,65.97,Regular,B2B,0.2926829268292683,-0.9236410237687344,2023,3,March,1,Saturday,2023-03,966.91,461.78999999999996,505.12,52.24,18871.21,Medium Value,966.91
ORD000053,CUST0110,PRD0033,2023-01-23,11.0,406.65,Customer_110,East,Consumer,2022-02-12,Product_33,Groceries,234.59,Bulk,B2C,0.4878048780487805,0.3834316376727122,2023,1,January,1,Monday,2023-01,4473.15,2580.4900000000002,1892.6599999999994,42.31,11602.22,Medium Value,4473.15
ORD000054,CUST0164,PRD0055,2023-12-26,10.0,540.73,Customer_164,West,Consumer,2024-05-16,Product_55,Groceries,293.69,Regular,B2C,0.43902439024390244,1.0360917838296808,2023,12,December,4,Tuesday,2023-12,5407.3,2936.9,2470.4,45.69,19909.52,High Value,5407.3
ORD000055,CUST0182,PRD0021,2023-03-16,3.0,472.24,Customer_182,East,Corporate,2022-03-17,Product_21,Office Supplies,224.92,Regular,B2B,0.0975609756097561,0.7027035573209489,2023,3,March,1,Thursday,2023-03,1416.72,674.76,741.96,52.37,13319.94,Medium Value,1416.72
ORD000056,CUST0215,PRD0017,2024-07-13,3.0,160.45,Customer_215,East,Corporate,2022-06-12,Product_17,Clothing,106.87,Regular,B2B,0.0975609756097561,-0.8149941378631292,2024,7,July,3,Saturday,2024-07,481.34999999999997,320.61,160.73999999999995,33.39,28338.03,High Value,481.34999999999997
ORD000057,CUST0057,PRD0022,2024-11-02,5.0,365.55,Customer_57,West,Home Office,2024-01-20,Product_22,Office Supplies,230.79,Regular,B2B-Home,0.1951219512195122,0.18336949561534813,2024,11,November,4,Saturday,2024-11,1827.75,1153.95,673.8,36.86,16352.6,Medium Value,1827.75
ORD000058,CUST0001,PRD0048,2023-04-28,5.0,253.91,Customer_1,East,Corporate,2024-03-30,Product_48,Electronics,191.27,Regular,B2B,0.1951219512195122,-0.360059641593512,2023,4,April,2,Friday,2023-04,1269.55,956.35,313.19999999999993,24.67,21904.12,High Value,1269.55
ORD000059,CUST0063,PRD0037,2024-09-03,13.0,38.5,Customer_63,North,Consumer,2022-12-07,Product_37,Furniture,25.47,Bulk,B2C,0.5853658536585366,-1.4086091798070604,2024,9,September,3,Tuesday,2024-09,500.5,331.11,169.39,33.84,14462.820000000002,Medium Value,500.5
ORD000060,CUST0182,PRD0015,2024-01-15,10.0,547.01,Customer_182,East,Corporate,2022-03-17,Product_15,Office Supplies,346.88,Regular,B2B,0.43902439024390244,1.0666608897206844,2024,1,January,1,Monday,2024-01,5470.1,3468.8,2001.3000000000002,36.59,13319.94,Medium Value,5470.1
ORD000061,CUST0055,PRD0035,2024-11-09,3.0,387.88,Customer_55,East,Corporate,2022-02-16,Product_35,Electronics,195.05,Regular,B2B,0.0975609756097561,0.29206505844116176,2024,11,November,4,Saturday,2024-11,1163.6399999999999,585.1500000000001,578.4899999999998,49.71,25584.11,High Value,1163.6399999999999
ORD000062,CUST0115,PRD0028,2023-10-17,9.0,375.61,Customer_115,East,Corporate,2023-08-30,Product_28,Electronics,205.51,Regular,B2B,0.3902439024390244,0.23233847734520421,2023,10,October,4,Tuesday,2023-10,3380.4900000000002,1849.59,1530.9000000000003,45.29,19580.71,High Value,3380.4900000000002
ORD000063,CUST0168,PRD0007,2024-03-15,4.0,723.68,Customer_168,East,Home Office,2024-05-30,Product_7,Clothing,359.22,Regular,B2B-Home,0.14634146341463414,1.9266360390460988,2024,3,March,1,Friday,2024-03,2894.72,1436.88,1457.8399999999997,50.36,8955.15,Low Value,2894.72
ORD000064,CUST0143,PRD0032,2024-10-29,13.0,216.61,Customer_143,West,Home Office,2023-11-07,Product_32,Electronics,119.01,Bulk,B2B-Home,0.5853658536585366,-0.5416245539716065,2024,10,October,4,Tuesday,2024-10,2815.9300000000003,1547.13,1268.8000000000002,45.06,25298.78,High Value,2815.9300000000003
ORD000065,CUST0149,PRD0011,2023-01-07,13.0,816.42,Customer_149,North,Consumer,2023-11-20,Product_11,Groceries,393.04,Bulk,B2C,0.5853658536585366,2.3780657970606964,2023,1,January,1,Saturday,2023-01,10613.46,5109.52,5503.939999999999,51.86,20440.949999999997,High Value,10613.46
ORD000066,CUST0175,PRD0010,2023-07-15,3.0,260.5,Customer_175,West,Consumer,2023-11-30,Product_10,Furniture,167.11,Regular,B2C,0.0975609756097561,-0.32798155117604166,2023,7,July,3,Saturday,2023-07,781.5,501.33000000000004,280.16999999999996,35.85,13309.85,Medium Value,781.5
ORD000067,CUST0201,PRD0009,2024-02-25,11.0,365.6,Customer_201,East,Consumer,2023-04-29,Product_9,Clothing,212.18,Bulk,B2C,0.4878048780487805,0.1836128802163912,2024,2,February,1,Sunday,2024-02,4021.6000000000004,2333.98,1687.6200000000003,41.96,13455.37,Medium Value,4021.6000000000004
ORD000068,CUST0053,PRD0014,2024-07-21,2.0,635.89,Customer_53,East,Consumer,2022-08-08,Product_14,Office Supplies,387.94,Regular,B2C,0.04878048780487805,1.4993013565347606,2024,7,July,3,Sunday,2024-07,1271.78,775.88,495.9,38.99,10522.06,Medium Value,1271.78
ORD000069,CUST0137,PRD0013,2023-07-12,10.0,326.99,Customer_137,North,Corporate,2023-02-17,Product_13,Office Supplies,162.15,Regular,B2B,0.43902439024390244,-0.004328708709030647,2023,7,July,3,Wednesday,2023-07,3269.9,1621.5,1648.4,50.41,9525.82,Medium Value,3269.9
ORD000070,CUST0202,PRD0057,2024-07-12,13.0,133.48,Customer_202,West,Corporate,2023-07-19,Product_57,Electronics,76.59,Bulk,B2B,0.5853658536585366,-0.9462757916657354,2024,7,July,3,Friday,2024-07,1735.2399999999998,995.6700000000001,739.5699999999997,42.62,18852.37,Medium Value,1735.2399999999998
ORD000071,CUST0180,PRD0025,2023-05-28,11.0,143.9,Customer_180,East,Home Office,2023-03-21,Product_25,Clothing,78.88,Bulk,B2B-Home,0.4878048780487805,-0.8955544408083695,2023,5,May,2,Sunday,2023-05,1582.9,867.68,715.2200000000001,45.18,9544.42,Medium Value,1582.9
ORD000072,CUST0057,PRD0002,2024-10-30,9.0,136.86,Customer_57,West,Home Office,2024-01-20,Product_2,Clothing,102.15,Regular,B2B-Home,0.3902439024390244,-0.9298229926352269,2024,10,October,4,Wednesday,2024-10,1231.7400000000002,919.35,312.3900000000002,25.36,16352.6,Medium Value,1231.7400000000002
ORD000073,CUST0117,PRD0035,2023-07-21,4.0,387.88,Customer_117,North,Corporate,2024-06-16,Product_35,Electronics,195.05,Regular,B2B,0.14634146341463414,0.29206505844116176,2023,7,July,3,Friday,2023-07,1551.52,780.2,771.3199999999999,49.71,18738.5,Medium Value,1551.52
ORD000074,CUST0154,PRD0007,2024-03-19,3.0,723.68,Customer_154,East,Consumer,2023-10-25,Product_7,Clothing,359.22,Regular,B2C,0.0975609756097561,1.9266360390460988,2024,3,March,1,Tuesday,2024-03,2171.04,1077.66,1093.3799999999999,50.36,14464.37,Medium Value,2171.04
ORD000075,CUST0169,PRD0021,2024-02-23,7.0,472.24,Customer_169,East,Home Office,2022-03-03,Product_21,Office Supplies,224.92,Regular,B2B-Home,0.2926829268292683,0.7027035573209489,2024,2,February,1,Friday,2024-02,3305.6800000000003,1574.4399999999998,1731.2400000000005,52.37,18288.989999999998,Medium Value,3305.6800000000003
ORD000076,CUST0035,PRD0018,2024-03-02,8.0,141.2,Customer_35,South,Corporate,2022-08-25,Product_18,Groceries,72.5,Regular,B2B,0.34146341463414637,-0.9086972092646928,2024,3,March,1,Saturday,2024-03,1129.6,580.0,549.5999999999999,48.65,9883.67,Medium Value,1129.6
ORD000077,CUST0063,PRD0003,2024-04-23,11.0,136.62,Customer_63,North,Consumer,2022-12-07,Product_3,Electronics,68.47,Bulk,B2C,0.4878048780487805,-0.9309912387202336,2024,4,April,2,Tuesday,2024-04,1502.8200000000002,753.17,749.6500000000002,49.88,14462.820000000002,Medium Value,1502.8200000000002
ORD000078,CUST0244,PRD0042,2024-04-19,14.0,259.69,Customer_244,North,Home Office,2022-12-31,Product_42,Clothing,132.33,Bulk,B2B-Home,0.6341463414634146,-0.33192438171293864,2024,4,April,2,Friday,2024-04,3635.66,1852.6200000000001,1783.0399999999997,49.04,9010.9,Low Value,3635.66
ORD000079,CUST0025,PRD0054,2023-05-06,2.0,103.87,Customer_25,West,Corporate,2023-09-26,Product_54,Office Supplies,54.1,Regular,B2B,0.04878048780487805,-1.090408152403413,2023,5,May,2,Saturday,2023-05,207.74,108.2,99.54,47.92,14677.33,Medium Value,207.74
ORD000080,CUST0090,PRD0039,2024-01-30,7.0,112.92,Customer_90,South,Corporate,2022-09-15,Product_39,Electronics,58.09,Regular,B2B,0.2926829268292683,-1.046355539614626,2024,1,January,1,Tuesday,2024-01,790.44,406.63,383.81000000000006,48.56,18871.21,Medium Value,790.44
ORD000081,CUST0075,PRD0041,2024-07-29,12.0,700.93,Customer_75,North,Corporate,2022-04-10,Product_41,Furniture,396.03,Bulk,B2B,0.5365853658536586,1.8158960455715238,2024,7,July,3,Monday,2024-07,8411.16,4752.36,3658.8,43.5,11561.58,Medium Value,8411.16
ORD000082,CUST0038,PRD0049,2023-11-21,5.0,267.83,Customer_38,North,Consumer,2022-09-29,Product_49,Groceries,167.68,Regular,B2C,0.1951219512195122,-0.29230136866313466,2023,11,November,4,Tuesday,2023-11,1339.1499999999999,838.4000000000001,500.7499999999998,37.39,19394.91,Medium Value,1339.1499999999999
ORD000083,CUST0130,PRD0011,2024-01-27,11.0,816.42,Customer_130,West,Home Office,2023-09-09,Product_11,Groceries,393.04,Bulk,B2B-Home,0.4878048780487805,2.3780657970606964,2024,1,January,1,Saturday,2024-01,8980.619999999999,4323.4400000000005,4657.1799999999985,51.86,29687.56,High Value,8980.619999999999
ORD000084,CUST0135,PRD0039,2024-11-18,5.0,112.92,Customer_135,East,Corporate,2023-05-08,Product_39,Electronics,58.09,Regular,B2B,0.1951219512195122,-1.046355539614626,2024,11,November,4,Monday,2024-11,564.6,290.45000000000005,274.15,48.56,8292.64,Low Value,564.6
ORD000085,CUST0210,PRD0024,2024-09-19,3.0,650.79,Customer_210,North,Home Office,2022-07-05,Product_24,Groceries,308.95,Regular,B2B-Home,0.0975609756097561,1.5718299676455811,2024,9,September,3,Thursday,2024-09,1952.37,926.8499999999999,1025.52,52.53,10350.1,Medium Value,1952.37
ORD000086,CUST0219,PRD0060,2024-03-15,5.0,320.42,Customer_219,West,Corporate,2024-04-22,Product_60,Groceries,231.92,Regular,B2B,0.1951219512195122,-0.036309445286083736,2024,3,March,1,Friday,2024-03,1602.1000000000001,1159.6,442.5000000000002,27.62,5375.400000000001,Low Value,1602.1000000000001
ORD000087,CUST0162,PRD0046,2023-07-23,12.0,400.12,Customer_162,North,Consumer,2022-10-06,Product_46,Office Supplies,305.29,Bulk,B2C,0.5365853658536586,0.35164560877649365,2023,7,July,3,Sunday,2023-07,4801.4400000000005,3663.4800000000005,1137.96,23.7,9306.61,Low Value,4801.4400000000005
ORD000088,CUST0091,PRD0019,2024-04-30,2.0,458.22,Customer_91,West,Consumer,2023-05-12,Product_19,Furniture,269.11,Regular,B2C,0.04878048780487805,0.6344585151884856,2024,4,April,2,Tuesday,2024-04,916.44,538.22,378.22,41.27,4042.44,Low Value,916.44
ORD000089,CUST0017,PRD0004,2023-01-31,4.0,110.29,Customer_17,West,Corporate,2023-04-19,Product_4,Electronics,78.69,Regular,B2B,0.14634146341463414,-1.059157569629489,2023,1,January,1,Tuesday,2023-01,441.16,314.76,126.40000000000003,28.65,15212.76,Medium Value,441.16
ORD000090,CUST0128,PRD0026,2024-01-23,6.0,174.95,Customer_128,North,Consumer,2023-02-22,Product_26,Furniture,132.85,Regular,B2C,0.24390243902439024,-0.7444126035606528,2024,1,January,1,Tuesday,2024-01,1049.6999999999998,797.0999999999999,252.5999999999999,24.06,9649.779999999999,Medium Value,1049.6999999999998
ORD000091,CUST0171,PRD0038,2024-09-16,1.0,199.83,Customer_171,West,Home Office,2024-05-29,Product_38,Office Supplies,137.96,Regular,B2B-Home,0.0,-0.6233044260816448,2024,9,September,3,Monday,2024-09,199.83,137.96,61.870000000000005,30.96,23186.15,High Value,199.83
ORD000092,CUST0187,PRD0042,2024-03-09,10.0,259.69,Customer_187,South,Corporate,2024-01-05,Product_42,Clothing,132.33,Regular,B2B,0.43902439024390244,-0.33192438171293864,2024,3,March,1,Saturday,2024-03,2596.9,1323.3000000000002,1273.6,49.04,29348.76,High Value,2596.9
ORD000093,CUST0108,PRD0032,2024-01-11,4.0,216.61,Customer_108,West,Home Office,2022-06-17,Product_32,Electronics,119.01,Regular,B2B-Home,0.14634146341463414,-0.5416245539716065,2024,1,January,1,Thursday,2024-01,866.44,476.04,390.40000000000003,45.06,18570.65,Medium Value,866.44
ORD000094,CUST0179,PRD0039,2023-12-10,6.0,112.92,Customer_179,North,Corporate,2023-01-31,Product_39,Electronics,58.09,Regular,B2B,0.24390243902439024,-1.046355539614626,2023,12,December,4,Sunday,2023-12,677.52,348.54,328.97999999999996,48.56,4424.96,Low Value,677.52
ORD000095,CUST0182,PRD0045,2024-03-18,9.0,554.21,Customer_182,East,Corporate,2022-03-17,Product_45,Clothing,274.19,Regular,B2B,0.3902439024390244,1.1017082722708798,2024,3,March,1,Monday,2024-03,4987.89,2467.71,2520.1800000000003,50.53,13319.94,Medium Value,4987.89
ORD000096,CUST0152,PRD0046,2024-08-01,14.0,400.12,Customer_152,East,Home Office,2022-04-06,Product_46,Office Supplies,305.29,Bulk,B2B-Home,0.6341463414634146,0.35164560877649365,2024,8,August,3,Thursday,2024-08,5601.68,4274.06,1327.62,23.7,20501.420000000002,High Value,5601.68
ORD000097,CUST0025,PRD0036,2023-03-16,11.0,291.11,Customer_25,West,Corporate,2023-09-26,Product_36,Clothing,215.37,Bulk,B2B,0.4878048780487805,-0.17898149841750338,2023,3,March,1,Thursday,2023-03,3202.21,2369.07,833.1399999999999,26.02,14677.33,Medium Value,3202.21
ORD000098,CUST0199,PRD0040,2024-07-10,11.0,37.04,Customer_199,North,Corporate,2024-06-09,Product_40,Groceries,30.03,Bulk,B2B,0.4878048780487805,-1.4157160101575166,2024,7,July,3,Wednesday,2024-07,407.44,330.33000000000004,77.10999999999996,18.93,26612.1,High Value,407.44
ORD000099,CUST0180,PRD0037,2024-10-27,13.0,38.5,Customer_180,East,Home Office,2023-03-21,Product_37,Furniture,25.47,Bulk,B2B-Home,0.5853658536585366,-1.4086091798070604,2024,10,October,4,Sunday,2024-10,500.5,331.11,169.39,33.84,9544.42,Medium Value,500.5
ORD000100,CUST0198,PRD0033,2023-06-04,2.0,406.65,Customer_198,West,Home Office,2022-01-25,Product_33,Groceries,234.59,Regular,B2B-Home,0.04878048780487805,0.3834316376727122,2023,6,June,2,Sunday,2023-06,813.3,469.18,344.11999999999995,42.31,25630.34,High Value,813.3
ORD000101,CUST0245,PRD0036,2024-03-05,11.0,291.11,Customer_245,East,Corporate,2024-04-12,Product_36,Clothing,215.37,Bulk,B2B,0.4878048780487805,-0.17898149841750338,2024,3,March,1,Tuesday,2024-03,3202.21,2369.07,833.1399999999999,26.02,17741.12,Medium Value,3202.21
ORD000102,CUST0088,PRD0003,2023-12-29,7.0,136.62,Customer_88,North,Consumer,2022-12-02,Product_3,Electronics,68.47,Regular,B2C,0.2926829268292683,-0.9309912387202336,2023,12,December,4,Friday,2023-12,956.34,479.28999999999996,477.05000000000007,49.88,18964.23,Medium Value,956.34
ORD000103,CUST0161,PRD0009,2024-03-23,6.0,365.6,Customer_161,East,Home Office,2023-06-09,Product_9,Clothing,212.18,Regular,B2B-Home,0.24390243902439024,0.1836128802163912,2024,3,March,1,Saturday,2024-03,2193.6000000000004,1273.08,920.5200000000004,41.96,18873.29,Medium Value,2193.6000000000004
ORD000104,CUST0177,PRD0008,2023-08-22,2.0,68.43,Customer_177,East,Corporate,2022-06-26,Product_8,Furniture,36.69,Regular,B2B,0.04878048780487805,-1.2629191576227072,2023,8,August,3,Tuesday,2023-08,136.86,73.38,63.48000000000002,46.38,11052.95,Medium Value,136.86
ORD000105,CUST0029,PRD0033,2024-07-16,8.0,406.65,Customer_29,West,Consumer,2022-04-06,Product_33,Groceries,234.59,Regular,B2C,0.34146341463414637,0.3834316376727122,2024,7,July,3,Tuesday,2024-07,3253.2,1876.72,1376.4799999999998,42.31,35541.26,High Value,3253.2
ORD000106,CUST0063,PRD0059,2023-09-19,7.0,460.22,Customer_63,North,Consumer,2022-12-07,Product_59,Groceries,297.74,Regular,B2C,0.2926829268292683,0.6441938992302065,2023,9,September,3,Tuesday,2023-09,3221.54,2084.1800000000003,1137.3599999999997,35.3,14462.820000000002,Medium Value,3221.54
ORD000107,CUST0235,PRD0006,2023-05-05,11.0,100.25,Customer_235,West,Corporate,2023-09-26,Product_6,Groceries,73.48,Bulk,B2B,0.4878048780487805,-1.108029197518928,2023,5,May,2,Friday,2023-05,1102.75,808.2800000000001,294.4699999999999,26.7,6968.360000000001,Low Value,1102.75
ORD000108,CUST0150,PRD0041,2023-09-02,5.0,700.93,Customer_150,West,Consumer,2022-04-09,Product_41,Furniture,396.03,Regular,B2C,0.1951219512195122,1.8158960455715238,2023,9,September,3,Saturday,2023-09,3504.6499999999996,1980.1499999999999,1524.4999999999998,43.5,12738.88,Medium Value,3504.6499999999996
ORD000109,CUST0154,PRD0039,2024-06-25,12.0,112.92,Customer_154,East,Consumer,2023-10-25,Product_39,Electronics,58.09,Bulk,B2C,0.5365853658536586,-1.046355539614626,2024,6,June,2,Tuesday,2024-06,1355.04,697.08,657.9599999999999,48.56,14464.37,Medium Value,1355.04
ORD000110,CUST0156,PRD0004,2024-04-29,5.0,110.29,Customer_156,South,Corporate,2024-01-06,Product_4,Electronics,78.69,Regular,B2B,0.1951219512195122,-1.059157569629489,2024,4,April,2,Monday,2024-04,551.45,393.45,158.00000000000006,28.65,24876.12,High Value,551.45
ORD000111,CUST0114,PRD0013,2023-05-02,7.0,326.99,Customer_114,South,Corporate,2022-01-12,Product_13,Office Supplies,162.15,Regular,B2B,0.2926829268292683,-0.004328708709030647,2023,5,May,2,Tuesday,2023-05,2288.9300000000003,1135.05,1153.8800000000003,50.41,27783.88,High Value,2288.9300000000003
ORD000112,CUST0213,PRD0049,2023-05-05,9.0,267.83,Customer_213,North,Consumer,2023-09-26,Product_49,Groceries,167.68,Regular,B2C,0.3902439024390244,-0.29230136866313466,2023,5,May,2,Friday,2023-05,2410.47,1509.1200000000001,901.3499999999997,37.39,11388.64,Medium Value,2410.47
ORD000113,CUST0049,PRD0060,2024-07-02,11.0,320.42,Customer_49,South,Home Office,2023-03-11,Product_60,Groceries,231.92,Bulk,B2B-Home,0.4878048780487805,-0.036309445286083736,2024,7,July,3,Tuesday,2024-07,3524.6200000000003,2551.12,973.5000000000005,27.62,18717.89,Medium Value,3524.6200000000003
ORD000114,CUST0199,PRD0002,2023-06-19,9.0,136.86,Customer_199,North,Corporate,2024-06-09,Product_2,Clothing,102.15,Regular,B2B,0.3902439024390244,-0.9298229926352269,2023,6,June,2,Monday,2023-06,1231.7400000000002,919.35,312.3900000000002,25.36,26612.1,High Value,1231.7400000000002
ORD000115,CUST0081,PRD0060,2023-05-04,9.0,320.42,Customer_81,East,Home Office,2023-03-18,Product_60,Groceries,231.92,Regular,B2B-Home,0.3902439024390244,-0.036309445286083736,2023,5,May,2,Thursday,2023-05,2883.78,2087.2799999999997,796.5000000000005,27.62,6797.1900000000005,Low Value,2883.78
ORD000116,CUST0084,PRD0005,2023-02-04,6.0,160.38,Customer_84,West,Corporate,2022-11-21,Product_5,Office Supplies,117.61,Regular,B2B,0.24390243902439024,-0.8153348763045895,2023,2,February,1,Saturday,2023-02,962.28,705.66,256.62,26.67,25454.75,High Value,962.28
ORD000117,CUST0105,PRD0044,2023-03-28,10.0,162.81,Customer_105,South,Consumer,2024-04-14,Product_44,Electronics,105.58,Regular,B2C,0.43902439024390244,-0.8035063846938985,2023,3,March,1,Tuesday,2023-03,1628.1,1055.8,572.3,35.15,15387.39,Medium Value,1628.1
ORD000118,CUST0177,PRD0027,2024-10-07,6.0,370.3,Customer_177,East,Corporate,2022-06-26,Product_27,Electronics,173.05,Regular,B2B,0.24390243902439024,0.20649103271443522,2024,10,October,4,Monday,2024-10,2221.8,1038.3000000000002,1183.5,53.27,11052.95,Medium Value,2221.8
ORD000119,CUST0148,PRD0032,2024-12-08,3.0,216.61,Customer_148,East,Home Office,2024-01-09,Product_32,Electronics,119.01,Regular,B2B-Home,0.0975609756097561,-0.5416245539716065,2024,12,December,4,Sunday,2024-12,649.83,357.03000000000003,292.8,45.06,13347.279999999999,Medium Value,649.83
ORD000120,CUST0118,PRD0021,2023-07-20,1.0,472.24,Customer_118,South,Corporate,2022-09-10,Product_21,Office Supplies,224.92,Regular,B2B,0.0,0.7027035573209489,2023,7,July,3,Thursday,2023-07,472.24,224.92,247.32000000000002,52.37,16938.989999999998,Medium Value,472.24
ORD000121,CUST0086,PRD0008,2024-01-04,7.0,68.43,Customer_86,East,Home Office,2022-01-16,Product_8,Furniture,36.69,Regular,B2B-Home,0.2926829268292683,-1.2629191576227072,2024,1,January,1,Thursday,2024-01,479.01000000000005,256.83,222.18000000000006,46.38,9032.79,Low Value,479.01000000000005
ORD000122,CUST0220,PRD0038,2023-03-18,4.0,199.83,Customer_220,East,Corporate,2023-10-20,Product_38,Office Supplies,137.96,Regular,B2B,0.14634146341463414,-0.6233044260816448,2023,3,March,1,Saturday,2023-03,799.32,551.84,247.48000000000002,30.96,15534.15,Medium Value,799.32
ORD000123,CUST0063,PRD0008,2023-02-28,1.0,68.43,Customer_63,North,Consumer,2022-12-07,Product_8,Furniture,36.69,Regular,B2C,0.0,-1.2629191576227072,2023,2,February,1,Tuesday,2023-02,68.43,36.69,31.74000000000001,46.38,14462.820000000002,Medium Value,68.43
ORD000124,CUST0189,PRD0050,2024-03-06,8.0,285.21,Customer_189,East,Corporate,2023-07-18,Product_50,Clothing,142.8,Regular,B2B,0.34146341463414637,-0.20770088134058018,2024,3,March,1,Wednesday,2024-03,2281.68,1142.4,1139.2799999999997,49.93,31618.679999999997,High Value,2281.68
ORD000125,CUST0104,PRD0003,2024-09-29,12.0,136.62,Customer_104,West,Home Office,2022-09-25,Product_3,Electronics,68.47,Bulk,B2B-Home,0.5365853658536586,-0.9309912387202336,2024,9,September,3,Sunday,2024-09,1639.44,821.64,817.8000000000001,49.88,17920.66,Medium Value,1639.44
ORD000126,CUST0049,PRD0054,2024-05-14,6.0,103.87,Customer_49,South,Home Office,2023-03-11,Product_54,Office Supplies,54.1,Regular,B2B-Home,0.24390243902439024,-1.090408152403413,2024,5,May,2,Tuesday,2024-05,623.22,324.6,298.62,47.92,18717.89,Medium Value,623.22
ORD000127,CUST0071,PRD0044,2023-04-19,6.0,162.81,Customer_71,South,Unknown,2024-02-01,Product_44,Electronics,105.58,Regular,,0.24390243902439024,-0.8035063846938985,2023,4,April,2,Wednesday,2023-04,976.86,633.48,343.38,35.15,7507.929999999999,Low Value,976.86
ORD000128,CUST0001,PRD0058,2023-10-05,2.0,45.4,Customer_1,East,Corporate,2024-03-30,Product_58,Electronics,31.27,Regular,B2B,0.04878048780487805,-1.3750221048631235,2023,10,October,4,Thursday,2023-10,90.8,62.54,28.259999999999998,31.12,21904.12,High Value,90.8
ORD000129,CUST0224,PRD0003,2023-03-09,1.0,136.62,Customer_224,West,Home Office,2022-03-15,Product_3,Electronics,68.47,Regular,B2B-Home,0.0,-0.9309912387202336,2023,3,March,1,Thursday,2023-03,136.62,68.47,68.15,49.88,9256.22,Low Value,136.62
ORD000130,CUST0141,PRD0022,2023-03-10,13.0,365.55,Customer_141,West,Corporate,2022-10-04,Product_22,Office Supplies,230.79,Bulk,B2B,0.5853658536585366,0.18336949561534813,2023,3,March,1,Friday,2023-03,4752.150000000001,3000.27,1751.8800000000006,36.86,18900.04,Medium Value,4752.150000000001
ORD000131,CUST0222,PRD0006,2023-06-14,14.0,100.25,Customer_222,East,Home Office,2023-08-11,Product_6,Groceries,73.48,Bulk,B2B-Home,0.6341463414634146,-1.108029197518928,2023,6,June,2,Wednesday,2023-06,1403.5,1028.72,374.78,26.7,20477.29,High Value,1403.5
ORD000132,CUST0215,PRD0002,2024-05-03,14.0,136.86,Customer_215,East,Corporate,2022-06-12,Product_2,Clothing,102.15,Bulk,B2B,0.6341463414634146,-0.9298229926352269,2024,5,May,2,Friday,2024-05,1916.0400000000002,1430.1000000000001,485.94000000000005,25.36,28338.03,High Value,1916.0400000000002
ORD000133,CUST0179,PRD0023,2023-11-01,2.0,201.54,Customer_179,North,Corporate,2023-01-31,Product_23,Electronics,115.59,Regular,B2B,0.04878048780487805,-0.6149806727259736,2023,11,November,4,Wednesday,2023-11,403.08,231.18,171.89999999999998,42.65,4424.96,Low Value,403.08
ORD000134,CUST0123,PRD0044,2024-11-04,4.0,162.81,Customer_123,South,Consumer,2024-04-28,Product_44,Electronics,105.58,Regular,B2C,0.14634146341463414,-0.8035063846938985,2024,11,November,4,Monday,2024-11,651.24,422.32,228.92000000000002,35.15,15292.470000000001,Medium Value,651.24
ORD000135,CUST0184,PRD0002,2023-12-31,2.0,136.86,Customer_184,East,Corporate,2023-03-31,Product_2,Clothing,102.15,Regular,B2B,0.04878048780487805,-0.9298229926352269,2023,12,December,4,Sunday,2023-12,273.72,204.3,69.42000000000002,25.36,14288.32,Medium Value,273.72
ORD000136,CUST0211,PRD0038,2024-01-14,1.0,199.83,Customer_211,East,Consumer,2023-02-02,Product_38,Office Supplies,137.96,Regular,B2C,0.0,-0.6233044260816448,2024,1,January,1,Sunday,2024-01,199.83,137.96,61.870000000000005,30.96,7202.4400000000005,Low Value,199.83
ORD000137,CUST0062,PRD0017,2023-12-09,7.0,160.45,Customer_62,East,Corporate,2023-03-08,Product_17,Clothing,106.87,Regular,B2B,0.2926829268292683,-0.8149941378631292,2023,12,December,4,Saturday,2023-12,1123.1499999999999,748.09,375.05999999999983,33.39,17686.629999999997,Medium Value,1123.1499999999999
ORD000138,CUST0032,PRD0035,2024-07-07,11.0,387.88,Customer_32,North,Consumer,2023-07-14,Product_35,Electronics,195.05,Bulk,B2C,0.4878048780487805,0.29206505844116176,2024,7,July,3,Sunday,2024-07,4266.68,2145.55,2121.13,49.71,24463.52,High Value,4266.68
ORD000139,CUST0158,PRD0034,2023-12-20,11.0,138.13,Customer_158,South,Corporate,2024-02-19,Product_34,Clothing,65.97,Bulk,B2B,0.4878048780487805,-0.9236410237687344,2023,12,December,4,Wednesday,2023-12,1519.4299999999998,725.67,793.7599999999999,52.24,18382.7,Medium Value,1519.4299999999998
ORD000140,CUST0029,PRD0023,2024-02-20,12.0,201.54,Customer_29,West,Consumer,2022-04-06,Product_23,Electronics,115.59,Bulk,B2C,0.5365853658536586,-0.6149806727259736,2024,2,February,1,Tuesday,2024-02,2418.48,1387.08,1031.4,42.65,35541.26,High Value,2418.48
ORD000141,CUST0049,PRD0030,2023-04-19,8.0,67.45,Customer_49,South,Home Office,2023-03-11,Product_30,Clothing,50.36,Regular,B2B-Home,0.34146341463414637,-1.2676894958031506,2023,4,April,2,Wednesday,2023-04,539.6,402.88,136.72000000000003,25.34,18717.89,Medium Value,539.6
ORD000142,CUST0173,PRD0052,2024-07-16,6.0,476.07,Customer_173,East,Consumer,2022-12-08,Product_52,Furniture,333.09,Regular,B2C,0.24390243902439024,0.7213468177608444,2024,7,July,3,Tuesday,2024-07,2856.42,1998.54,857.8800000000001,30.03,9436.92,Medium Value,2856.42
ORD000143,CUST0221,PRD0008,2024-05-11,4.0,68.43,Customer_221,East,Unknown,2024-01-21,Product_8,Furniture,36.69,Regular,,0.14634146341463414,-1.2629191576227072,2024,5,May,2,Saturday,2024-05,273.72,146.76,126.96000000000004,46.38,18324.27,Medium Value,273.72
ORD000144,CUST0030,PRD0022,2023-12-07,14.0,365.55,Customer_30,West,Consumer,2023-09-30,Product_22,Office Supplies,230.79,Bulk,B2C,0.6341463414634146,0.18336949561534813,2023,12,December,4,Thursday,2023-12,5117.7,3231.06,1886.6399999999999,36.86,5117.7,Low Value,5117.7
ORD000145,CUST0144,PRD0044,2024-01-18,6.0,162.81,Customer_144,West,Corporate,2023-01-29,Product_44,Electronics,105.58,Regular,B2B,0.24390243902439024,-0.8035063846938985,2024,1,January,1,Thursday,2024-01,976.86,633.48,343.38,35.15,17815.66,Medium Value,976.86
ORD000146,CUST0168,PRD0058,2024-06-16,3.0,45.4,Customer_168,East,Home Office,2024-05-30,Product_58,Electronics,31.27,Regular,B2B-Home,0.0975609756097561,-1.3750221048631235,2024,6,June,2,Sunday,2024-06,136.2,93.81,42.389999999999986,31.12,8955.15,Low Value,136.2
ORD000147,CUST0019,PRD0036,2023-10-27,12.0,291.11,Customer_19,West,Consumer,2024-04-09,Product_36,Clothing,215.37,Bulk,B2C,0.5365853658536586,-0.17898149841750338,2023,10,October,4,Friday,2023-10,3493.32,2584.44,908.8800000000001,26.02,9312.470000000001,Medium Value,3493.32
ORD000148,CUST0018,PRD0005,2023-05-19,8.0,160.38,Customer_18,West,Consumer,2022-04-27,Product_5,Office Supplies,117.61,Regular,B2C,0.34146341463414637,-0.8153348763045895,2023,5,May,2,Friday,2023-05,1283.04,940.88,342.15999999999997,26.67,10770.9,Medium Value,1283.04
ORD000149,CUST0001,PRD0013,2023-12-25,10.0,326.99,Customer_1,East,Corporate,2024-03-30,Product_13,Office Supplies,162.15,Regular,B2B,0.43902439024390244,-0.004328708709030647,2023,12,December,4,Monday,2023-12,3269.9,1621.5,1648.4,50.41,21904.12,High Value,3269.9
ORD000150,CUST0078,PRD0029,2024-05-13,14.0,154.64,Customer_78,West,Consumer,2022-08-11,Product_29,Furniture,100.75,Bulk,B2C,0.6341463414634146,-0.8432754285043285,2024,5,May,2,Monday,2024-05,2164.96,1410.5,754.46,34.85,7493.87,Low Value,2164.96
ORD000151,CUST0115,PRD0031,2024-01-20,13.0,490.91,Customer_115,East,Corporate,2023-08-30,Product_31,Electronics,246.19,Bulk,B2B,0.5853658536585366,0.7935833673504136,2024,1,January,1,Saturday,2024-01,6381.83,3200.47,3181.36,49.85,19580.71,High Value,6381.83
ORD000152,CUST0175,PRD0047,2024-08-26,13.0,491.72,Customer_175,West,Consumer,2023-11-30,Product_47,Furniture,240.28,Bulk,B2C,0.5853658536585366,0.7975261978873105,2024,8,August,3,Monday,2024-08,6392.360000000001,3123.64,3268.7200000000007,51.13,13309.85,Medium Value,6392.360000000001
ORD000153,CUST0242,PRD0057,2023-10-07,2.0,133.48,Customer_242,East,Consumer,2023-10-10,Product_57,Electronics,76.59,Regular,B2C,0.04878048780487805,-0.9462757916657354,2023,10,October,4,Saturday,2023-10,266.96,153.18,113.77999999999997,42.62,29273.95,High Value,266.96
ORD000154,CUST0194,PRD0055,2024-09-28,5.0,540.73,Customer_194,East,Corporate,2024-06-03,Product_55,Groceries,293.69,Regular,B2B,0.1951219512195122,1.0360917838296808,2024,9,September,3,Saturday,2024-09,2703.65,1468.45,1235.2,45.69,18051.27,Medium Value,2703.65
ORD000155,CUST0246,PRD0016,2024-04-27,1.0,544.93,Customer_246,South,Consumer,2022-12-08,Product_16,Office Supplies,327.74,Regular,B2C,0.0,1.0565360903172945,2024,4,April,2,Saturday,2024-04,544.93,327.74,217.18999999999994,39.86,24314.760000000002,High Value,544.93
ORD000156,CUST0220,PRD0042,2023-04-21,6.0,259.69,Customer_220,East,Corporate,2023-10-20,Product_42,Clothing,132.33,Regular,B2B,0.24390243902439024,-0.33192438171293864,2023,4,April,2,Friday,2023-04,1558.1399999999999,793.98,764.1599999999999,49.04,15534.15,Medium Value,1558.1399999999999
ORD000157,CUST0113,PRD0030,2023-05-19,2.0,67.45,Customer_113,West,Consumer,2023-02-01,Product_30,Clothing,50.36,Regular,B2C,0.04878048780487805,-1.2676894958031506,2023,5,May,2,Friday,2023-05,134.9,100.72,34.18000000000001,25.34,9162.11,Low Value,134.9
ORD000158,CUST0114,PRD0057,2024-03-10,4.0,133.48,Customer_114,South,Corporate,2022-01-12,Product_57,Electronics,76.59,Regular,B2B,0.14634146341463414,-0.9462757916657354,2024,3,March,1,Sunday,2024-03,533.92,306.36,227.55999999999995,42.62,27783.88,High Value,533.92
ORD000159,CUST0222,PRD0055,2024-05-23,6.0,540.73,Customer_222,East,Home Office,2023-08-11,Product_55,Groceries,293.69,Regular,B2B-Home,0.24390243902439024,1.0360917838296808,2024,5,May,2,Thursday,2024-05,3244.38,1762.1399999999999,1482.2400000000002,45.69,20477.29,High Value,3244.38
ORD000160,CUST0166,PRD0016,2023-09-30,10.0,544.93,Customer_166,North,Corporate,2024-03-08,Product_16,Office Supplies,327.74,Regular,B2B,0.43902439024390244,1.0565360903172945,2023,9,September,3,Saturday,2023-09,5449.299999999999,3277.4,2171.899999999999,39.86,29296.449999999997,High Value,5449.299999999999
ORD000161,CUST0179,PRD0012,2023-04-09,11.0,78.44,Customer_179,North,Corporate,2023-01-31,Product_12,Furniture,49.26,Bulk,B2B,0.4878048780487805,-1.2141935604938943,2023,4,April,2,Sunday,2023-04,862.8399999999999,541.86,320.9799999999999,37.2,4424.96,Low Value,862.8399999999999
ORD000162,CUST0063,PRD0017,2023-04-14,8.0,160.45,Customer_63,North,Consumer,2022-12-07,Product_17,Clothing,106.87,Regular,B2C,0.34146341463414637,-0.8149941378631292,2023,4,April,2,Friday,2023-04,1283.6,854.96,428.6399999999999,33.39,14462.820000000002,Medium Value,1283.6
ORD000163,CUST0132,PRD0016,2023-08-02,12.0,544.93,Customer_132,North,Corporate,2024-04-05,Product_16,Office Supplies,327.74,Bulk,B2B,0.5365853658536586,1.0565360903172945,2023,8,August,3,Wednesday,2023-08,6539.16,3932.88,2606.2799999999997,39.86,22089.88,High Value,6539.16
ORD000164,CUST0129,PRD0012,2024-10-25,8.0,78.44,Customer_129,West,Consumer,2022-04-25,Product_12,Furniture,49.26,Regular,B2C,0.34146341463414637,-1.2141935604938943,2024,10,October,4,Friday,2024-10,627.52,394.08,233.44,37.2,8352.01,Low Value,627.52
ORD000165,CUST0008,PRD0008,2023-06-14,11.0,68.43,Customer_8,North,Home Office,2023-10-21,Product_8,Furniture,36.69,Bulk,B2B-Home,0.4878048780487805,-1.2629191576227072,2023,6,June,2,Wednesday,2023-06,752.73,403.59,349.14000000000004,46.38,25350.17,High Value,752.73
ORD000166,CUST0157,PRD0020,2024-06-03,6.0,532.93,Customer_157,East,Consumer,2022-02-06,Product_20,Furniture,372.1,Regular,B2C,0.24390243902439024,0.998123786066969,2024,6,June,2,Monday,2024-06,3197.58,2232.6000000000004,964.9799999999996,30.18,8424.04,Low Value,3197.58
ORD000167,CUST0055,PRD0003,2023-10-11,4.0,136.62,Customer_55,East,Corporate,2022-02-16,Product_3,Electronics,68.47,Regular,B2B,0.14634146341463414,-0.9309912387202336,2023,10,October,4,Wednesday,2023-10,546.48,273.88,272.6,49.88,25584.11,High Value,546.48
ORD000168,CUST0103,PRD0016,2024-05-31,8.0,544.93,Customer_103,South,Consumer,2023-09-05,Product_16,Office Supplies,327.74,Regular,B2C,0.34146341463414637,1.0565360903172945,2024,5,May,2,Friday,2024-05,4359.44,2621.92,1737.5199999999995,39.86,16778.79,Medium Value,4359.44
ORD000169,CUST0131,PRD0030,2024-10-18,13.0,67.45,Customer_131,West,Home Office,2022-07-15,Product_30,Clothing,50.36,Bulk,B2B-Home,0.5853658536585366,-1.2676894958031506,2024,10,October,4,Friday,2024-10,876.85,654.68,222.17000000000007,25.34,29367.52,High Value,876.85
ORD000170,CUST0032,PRD0045,2024-09-04,8.0,554.21,Customer_32,North,Consumer,2023-07-14,Product_45,Clothing,274.19,Regular,B2C,0.34146341463414637,1.1017082722708798,2024,9,September,3,Wednesday,2024-09,4433.68,2193.52,2240.1600000000003,50.53,24463.52,High Value,4433.68
ORD000171,CUST0010,PRD0023,2023-06-13,10.0,201.54,Customer_10,South,Corporate,2022-04-30,Product_23,Electronics,115.59,Regular,B2B,0.43902439024390244,-0.6149806727259736,2023,6,June,2,Tuesday,2023-06,2015.3999999999999,1155.9,859.4999999999998,42.65,12215.730000000001,Medium Value,2015.3999999999999
ORD000172,CUST0202,PRD0028,2024-10-20,14.0,375.61,Customer_202,West,Corporate,2023-07-19,Product_28,Electronics,205.51,Bulk,B2B,0.6341463414634146,0.23233847734520421,2024,10,October,4,Sunday,2024-10,5258.54,2877.14,2381.4,45.29,18852.37,Medium Value,5258.54
ORD000173,CUST0211,PRD0051,2023-03-05,1.0,502.39,Customer_211,East,Consumer,2023-02-02,Product_51,Furniture,372.16,Regular,B2C,0.0,0.8494644717498913,2023,3,March,1,Sunday,2023-03,502.39,372.16,130.22999999999996,25.92,7202.4400000000005,Low Value,502.39
ORD000174,CUST0110,PRD0040,2023-04-01,4.0,37.04,Customer_110,East,Consumer,2022-02-12,Product_40,Groceries,30.03,Regular,B2C,0.14634146341463414,-1.4157160101575166,2023,4,April,2,Saturday,2023-04,148.16,120.12,28.039999999999992,18.93,11602.22,Medium Value,148.16
ORD000175,CUST0162,PRD0054,2023-04-27,4.0,103.87,Customer_162,North,Consumer,2022-10-06,Product_54,Office Supplies,54.1,Regular,B2C,0.14634146341463414,-1.090408152403413,2023,4,April,2,Thursday,2023-04,415.48,216.4,199.08,47.92,9306.61,Low Value,415.48
ORD000176,CUST0124,PRD0005,2023-09-24,7.0,160.38,Customer_124,East,Corporate,2022-03-31,Product_5,Office Supplies,117.61,Regular,B2B,0.2926829268292683,-0.8153348763045895,2023,9,September,3,Sunday,2023-09,1122.6599999999999,823.27,299.3899999999999,26.67,6284.13,Low Value,1122.6599999999999
ORD000177,CUST0225,PRD0020,2024-11-15,14.0,532.93,Customer_225,South,Consumer,2023-05-07,Product_20,Furniture,372.1,Bulk,B2C,0.6341463414634146,0.998123786066969,2024,11,November,4,Friday,2024-11,7461.0199999999995,5209.400000000001,2251.619999999999,30.18,20347.17,High Value,7461.0199999999995
ORD000178,CUST0087,PRD0040,2024-07-12,14.0,37.04,Customer_87,South,Corporate,2024-03-02,Product_40,Groceries,30.03,Bulk,B2B,0.6341463414634146,-1.4157160101575166,2024,7,July,3,Friday,2024-07,518.56,420.42,98.13999999999993,18.93,12915.939999999999,Medium Value,518.56
ORD000179,CUST0055,PRD0056,2023-05-20,11.0,291.11,Customer_55,East,Corporate,2022-02-16,Product_56,Groceries,375.64,Bulk,B2B,0.4878048780487805,-0.17898149841750338,2023,5,May,2,Saturday,2023-05,3202.21,4132.04,-929.8299999999999,-29.04,25584.11,High Value,3202.21
ORD000180,CUST0220,PRD0044,2023-09-03,7.0,162.81,Customer_220,East,Corporate,2023-10-20,Product_44,Electronics,105.58,Regular,B2B,0.2926829268292683,-0.8035063846938985,2023,9,September,3,Sunday,2023-09,1139.67,739.06,400.6100000000001,35.15,15534.15,Medium Value,1139.67
ORD000181,CUST0032,PRD0001,2024-10-22,13.0,133.49,Customer_32,North,Consumer,2023-07-14,Product_1,Furniture,65.38,Bulk,B2C,0.5853658536585366,-0.9462271147455267,2024,10,October,4,Tuesday,2024-10,1735.3700000000001,849.9399999999999,885.4300000000002,51.02,24463.52,High Value,1735.3700000000001
ORD000182,CUST0178,PRD0057,2024-01-30,11.0,133.48,Customer_178,East,Consumer,2023-09-04,Product_57,Electronics,76.59,Bulk,B2C,0.4878048780487805,-0.9462757916657354,2024,1,January,1,Tuesday,2024-01,1468.28,842.49,625.79,42.62,13094.699999999999,Medium Value,1468.28
ORD000183,CUST0135,PRD0030,2024-05-01,8.0,67.45,Customer_135,East,Corporate,2023-05-08,Product_30,Clothing,50.36,Regular,B2B,0.34146341463414637,-1.2676894958031506,2024,5,May,2,Wednesday,2024-05,539.6,402.88,136.72000000000003,25.34,8292.64,Low Value,539.6
ORD000184,CUST0093,PRD0021,2024-04-20,11.0,472.24,Customer_93,South,Unknown,2022-06-09,Product_21,Office Supplies,224.92,Bulk,,0.4878048780487805,0.7027035573209489,2024,4,April,2,Saturday,2024-04,5194.64,2474.12,2720.5200000000004,52.37,17045.37,Medium Value,5194.64
ORD000185,CUST0008,PRD0020,2024-05-31,8.0,532.93,Customer_8,North,Home Office,2023-10-21,Product_20,Furniture,372.1,Regular,B2B-Home,0.34146341463414637,0.998123786066969,2024,5,May,2,Friday,2024-05,4263.44,2976.8,1286.6399999999994,30.18,25350.17,High Value,4263.44
ORD000186,CUST0065,PRD0006,2023-07-03,7.0,100.25,Customer_65,East,Home Office,2023-09-04,Product_6,Groceries,73.48,Regular,B2B-Home,0.2926829268292683,-1.108029197518928,2023,7,July,3,Monday,2023-07,701.75,514.36,187.39,26.7,3108.55,Low Value,701.75
ORD000187,CUST0057,PRD0022,2023-01-20,8.0,365.55,Customer_57,West,Home Office,2024-01-20,Product_22,Office Supplies,230.79,Regular,B2B-Home,0.34146341463414637,0.18336949561534813,2023,1,January,1,Friday,2023-01,2924.4,1846.32,1078.0800000000002,36.86,16352.6,Medium Value,2924.4
ORD000188,CUST0247,PRD0018,2024-07-11,9.0,141.2,Customer_247,North,Unknown,2023-05-15,Product_18,Groceries,72.5,Regular,,0.3902439024390244,-0.9086972092646928,2024,7,July,3,Thursday,2024-07,1270.8,652.5,618.3,48.65,7743.219999999999,Low Value,1270.8
ORD000189,CUST0067,PRD0008,2024-06-07,3.0,68.43,Customer_67,West,Corporate,2022-09-11,Product_8,Furniture,36.69,Regular,B2B,0.0975609756097561,-1.2629191576227072,2024,6,June,2,Friday,2024-06,205.29000000000002,110.07,95.22000000000003,46.38,7942.08,Low Value,205.29000000000002
ORD000190,CUST0216,PRD0039,2024-08-04,3.0,112.92,Customer_216,North,Home Office,2022-08-03,Product_39,Electronics,58.09,Regular,B2B-Home,0.0975609756097561,-1.046355539614626,2024,8,August,3,Sunday,2024-08,338.76,174.27,164.48999999999998,48.56,14688.54,Medium Value,338.76
ORD000191,CUST0215,PRD0032,2024-06-12,4.0,216.61,Customer_215,East,Corporate,2022-06-12,Product_32,Electronics,119.01,Regular,B2B,0.14634146341463414,-0.5416245539716065,2024,6,June,2,Wednesday,2024-06,866.44,476.04,390.40000000000003,45.06,28338.03,High Value,866.44
ORD000192,CUST0187,PRD0033,2023-05-27,5.0,406.65,Customer_187,South,Corporate,2024-01-05,Product_33,Groceries,234.59,Regular,B2B,0.1951219512195122,0.3834316376727122,2023,5,May,2,Saturday,2023-05,2033.25,1172.95,860.3,42.31,29348.76,High Value,2033.25
ORD000193,CUST0072,PRD0053,2024-10-27,10.0,742.35,Customer_72,South,Consumer,2023-06-06,Product_53,Office Supplies,386.19,Regular,B2C,0.43902439024390244,2.0175158490755636,2024,10,October,4,Sunday,2024-10,7423.5,3861.9,3561.6,47.98,24813.85,High Value,7423.5
ORD000194,CUST0054,PRD0016,2023-10-31,1.0,544.93,Customer_54,West,Corporate,2022-03-10,Product_16,Office Supplies,327.74,Regular,B2B,0.0,1.0565360903172945,2023,10,October,4,Tuesday,2023-10,544.93,327.74,217.18999999999994,39.86,25861.08,High Value,544.93
ORD000195,CUST0249,PRD0012,2024-09-11,7.0,78.44,Customer_249,North,Home Office,2023-05-26,Product_12,Furniture,49.26,Regular,B2B-Home,0.2926829268292683,-1.2141935604938943,2024,9,September,3,Wednesday,2024-09,549.0799999999999,344.82,204.25999999999993,37.2,23289.71,High Value,549.0799999999999
ORD000196,CUST0239,PRD0038,2024-08-04,9.0,199.83,Customer_239,East,Home Office,2022-06-14,Product_38,Office Supplies,137.96,Regular,B2B-Home,0.3902439024390244,-0.6233044260816448,2024,8,August,3,Sunday,2024-08,1798.47,1241.64,556.8299999999999,30.96,38168.37,High Value,1798.47
ORD000197,CUST0229,PRD0052,2024-11-25,8.0,476.07,Customer_229,North,Consumer,2022-06-23,Product_52,Furniture,333.09,Regular,B2C,0.34146341463414637,0.7213468177608444,2024,11,November,4,Monday,2024-11,3808.56,2664.72,1143.8400000000001,30.03,17827.010000000002,Medium Value,3808.56
ORD000198,CUST0067,PRD0034,2023-08-16,5.0,138.13,Customer_67,West,Corporate,2022-09-11,Product_34,Clothing,65.97,Regular,B2B,0.1951219512195122,-0.9236410237687344,2023,8,August,3,Wednesday,2023-08,690.65,329.85,360.79999999999995,52.24,7942.08,Low Value,690.65
ORD000199,CUST0051,PRD0014,2023-04-12,14.0,635.89,Customer_51,East,Home Office,2023-11-28,Product_14,Office Supplies,387.94,Bulk,B2B-Home,0.6341463414634146,1.4993013565347606,2023,4,April,2,Wednesday,2023-04,8902.46,5431.16,3471.2999999999993,38.99,22998.519999999997,High Value,8902.46
ORD000200,CUST0097,PRD0036,2024-08-09,14.0,291.11,Customer_97,South,Consumer,2023-11-21,Product_36,Clothing,215.37,Bulk,B2C,0.6341463414634146,-0.17898149841750338,2024,8,August,3,Friday,2024-08,4075.54,3015.1800000000003,1060.3599999999997,26.02,12131.01,Medium Value,4075.54
ORD000201,CUST0092,PRD0033,2024-02-21,4.0,406.65,Customer_92,West,Corporate,2024-06-14,Product_33,Groceries,234.59,Regular,B2B,0.14634146341463414,0.3834316376727122,2024,2,February,1,Wednesday,2024-02,1626.6,938.36,688.2399999999999,42.31,32693.739999999998,High Value,1626.6
ORD000202,CUST0239,PRD0023,2023-08-04,12.0,201.54,Customer_239,East,Home Office,2022-06-14,Product_23,Electronics,115.59,Bulk,B2B-Home,0.5365853658536586,-0.6149806727259736,2023,8,August,3,Friday,2023-08,2418.48,1387.08,1031.4,42.65,38168.37,High Value,2418.48
ORD000203,CUST0008,PRD0050,2024-02-11,7.0,285.21,Customer_8,North,Home Office,2023-10-21,Product_50,Clothing,142.8,Regular,B2B-Home,0.2926829268292683,-0.20770088134058018,2024,2,February,1,Sunday,2024-02,1996.4699999999998,999.6000000000001,996.8699999999997,49.93,25350.17,High Value,1996.4699999999998
ORD000204,CUST0162,PRD0045,2024-02-03,5.0,554.21,Customer_162,North,Consumer,2022-10-06,Product_45,Clothing,274.19,Regular,B2C,0.1951219512195122,1.1017082722708798,2024,2,February,1,Saturday,2024-02,2771.05,1370.95,1400.1000000000001,50.53,9306.61,Low Value,2771.05
ORD000205,CUST0035,PRD0002,2024-12-15,7.0,136.86,Customer_35,South,Corporate,2022-08-25,Product_2,Clothing,102.15,Regular,B2B,0.2926829268292683,-0.9298229926352269,2024,12,December,4,Sunday,2024-12,958.0200000000001,715.0500000000001,242.97000000000003,25.36,9883.67,Medium Value,958.0200000000001
ORD000206,CUST0096,PRD0041,2024-12-04,12.0,700.93,Customer_96,South,Home Office,2023-10-26,Product_41,Furniture,396.03,Bulk,B2B-Home,0.5365853658536586,1.8158960455715238,2024,12,December,4,Wednesday,2024-12,8411.16,4752.36,3658.8,43.5,14565.7,Medium Value,8411.16
ORD000207,CUST0088,PRD0021,2024-05-13,1.0,472.24,Customer_88,North,Consumer,2022-12-02,Product_21,Office Supplies,224.92,Regular,B2C,0.0,0.7027035573209489,2024,5,May,2,Monday,2024-05,472.24,224.92,247.32000000000002,52.37,18964.23,Medium Value,472.24
ORD000208,CUST0078,PRD0002,2024-04-09,1.0,136.86,Customer_78,West,Consumer,2022-08-11,Product_2,Clothing,102.15,Regular,B2C,0.0,-0.9298229926352269,2024,4,April,2,Tuesday,2024-04,136.86,102.15,34.71000000000001,25.36,7493.87,Low Value,136.86
ORD000209,CUST0032,PRD0027,2024-11-21,10.0,370.3,Customer_32,North,Consumer,2023-07-14,Product_27,Electronics,173.05,Regular,B2C,0.43902439024390244,0.20649103271443522,2024,11,November,4,Thursday,2024-11,3703.0,1730.5,1972.5,53.27,24463.52,High Value,3703.0
ORD000210,CUST0120,PRD0057,2023-03-23,14.0,133.48,Customer_120,North,Consumer,2024-01-24,Product_57,Electronics,76.59,Bulk,B2C,0.6341463414634146,-0.9462757916657354,2023,3,March,1,Thursday,2023-03,1868.7199999999998,1072.26,796.4599999999998,42.62,21611.49,High Value,1868.7199999999998
ORD000211,CUST0046,PRD0009,2024-08-26,13.0,365.6,Customer_46,West,Home Office,2022-03-17,Product_9,Clothing,212.18,Bulk,B2B-Home,0.5853658536585366,0.1836128802163912,2024,8,August,3,Monday,2024-08,4752.8,2758.34,1994.46,41.96,28122.76,High Value,4752.8
ORD000212,CUST0235,PRD0001,2024-11-17,3.0,133.49,Customer_235,West,Corporate,2023-09-26,Product_1,Furniture,65.38,Regular,B2B,0.0975609756097561,-0.9462271147455267,2024,11,November,4,Sunday,2024-11,400.47,196.14,204.33000000000004,51.02,6968.360000000001,Low Value,400.47
ORD000213,CUST0144,PRD0011,2023-12-31,14.0,816.42,Customer_144,West,Corporate,2023-01-29,Product_11,Groceries,393.04,Bulk,B2B,0.6341463414634146,2.3780657970606964,2023,12,December,4,Sunday,2023-12,11429.88,5502.56,5927.319999999999,51.86,17815.66,Medium Value,11429.88
ORD000214,CUST0196,PRD0003,2023-06-12,11.0,136.62,Customer_196,South,Consumer,2022-04-09,Product_3,Electronics,68.47,Bulk,B2C,0.4878048780487805,-0.9309912387202336,2023,6,June,2,Monday,2023-06,1502.8200000000002,753.17,749.6500000000002,49.88,29994.35,High Value,1502.8200000000002
ORD000215,CUST0244,PRD0052,2023-02-17,2.0,476.07,Customer_244,North,Home Office,2022-12-31,Product_52,Furniture,333.09,Regular,B2B-Home,0.04878048780487805,0.7213468177608444,2023,2,February,1,Friday,2023-02,952.14,666.18,285.96000000000004,30.03,9010.9,Low Value,952.14
ORD000216,CUST0165,PRD0023,2024-05-25,2.0,201.54,Customer_165,South,Unknown,2024-05-22,Product_23,Electronics,115.59,Regular,,0.04878048780487805,-0.6149806727259736,2024,5,May,2,Saturday,2024-05,403.08,231.18,171.89999999999998,42.65,9121.480000000001,Low Value,403.08
ORD000217,CUST0182,PRD0026,2023-11-25,7.0,174.95,Customer_182,East,Corporate,2022-03-17,Product_26,Furniture,132.85,Regular,B2B,0.2926829268292683,-0.7444126035606528,2023,11,November,4,Saturday,2023-11,1224.6499999999999,929.9499999999999,294.69999999999993,24.06,13319.94,Medium Value,1224.6499999999999
ORD000218,CUST0213,PRD0004,2023-04-26,12.0,110.29,Customer_213,North,Consumer,2023-09-26,Product_4,Electronics,78.69,Bulk,B2C,0.5365853658536586,-1.059157569629489,2023,4,April,2,Wednesday,2023-04,1323.48,944.28,379.20000000000005,28.65,11388.64,Medium Value,1323.48
ORD000219,CUST0142,PRD0018,2023-12-03,10.0,141.2,Customer_142,North,Home Office,2024-01-31,Product_18,Groceries,72.5,Regular,B2B-Home,0.43902439024390244,-0.9086972092646928,2023,12,December,4,Sunday,2023-12,1412.0,725.0,687.0,48.65,13403.5,Medium Value,1412.0
ORD000220,CUST0223,PRD0055,2023-05-27,2.0,540.73,Customer_223,South,Corporate,2022-01-09,Product_55,Groceries,293.69,Regular,B2B,0.04878048780487805,1.0360917838296808,2023,5,May,2,Saturday,2023-05,1081.46,587.38,494.08000000000004,45.69,15030.25,Medium Value,1081.46
ORD000221,CUST0055,PRD0006,2024-07-28,11.0,100.25,Customer_55,East,Corporate,2022-02-16,Product_6,Groceries,73.48,Bulk,B2B,0.4878048780487805,-1.108029197518928,2024,7,July,3,Sunday,2024-07,1102.75,808.2800000000001,294.4699999999999,26.7,25584.11,High Value,1102.75
ORD000222,CUST0176,PRD0035,2023-11-19,4.0,387.88,Customer_176,South,Home Office,2022-01-19,Product_35,Electronics,195.05,Regular,B2B-Home,0.14634146341463414,0.29206505844116176,2023,11,November,4,Sunday,2023-11,1551.52,780.2,771.3199999999999,49.71,20571.989999999998,High Value,1551.52
ORD000223,CUST0210,PRD0022,2024-03-18,2.0,365.55,Customer_210,North,Home Office,2022-07-05,Product_22,Office Supplies,230.79,Regular,B2B-Home,0.04878048780487805,0.18336949561534813,2024,3,March,1,Monday,2024-03,731.1,461.58,269.52000000000004,36.86,10350.1,Medium Value,731.1
ORD000224,CUST0007,PRD0043,2023-01-13,6.0,674.74,Customer_7,North,Unknown,2023-11-01,Product_43,Furniture,324.9,Regular,,0.24390243902439024,1.688411191545189,2023,1,January,1,Friday,2023-01,4048.44,1949.3999999999999,2099.04,51.85,17978.420000000002,Medium Value,4048.44
ORD000225,CUST0074,PRD0015,2024-05-08,8.0,547.01,Customer_74,South,Home Office,2024-04-16,Product_15,Office Supplies,346.88,Regular,B2B-Home,0.34146341463414637,1.0666608897206844,2024,5,May,2,Wednesday,2024-05,4376.08,2775.04,1601.04,36.59,14716.050000000001,Medium Value,4376.08
ORD000226,CUST0007,PRD0022,2024-12-01,10.0,365.55,Customer_7,North,Unknown,2023-11-01,Product_22,Office Supplies,230.79,Regular,,0.43902439024390244,0.18336949561534813,2024,12,December,4,Sunday,2024-12,3655.5,2307.9,1347.6,36.86,17978.420000000002,Medium Value,3655.5
ORD000227,CUST0161,PRD0060,2023-10-14,4.0,320.42,Customer_161,East,Home Office,2023-06-09,Product_60,Groceries,231.92,Regular,B2B-Home,0.14634146341463414,-0.036309445286083736,2023,10,October,4,Saturday,2023-10,1281.68,927.68,354.0000000000001,27.62,18873.29,Medium Value,1281.68
ORD000228,CUST0151,PRD0037,2024-12-20,5.0,38.5,Customer_151,East,Consumer,2023-07-02,Product_37,Furniture,25.47,Regular,B2C,0.1951219512195122,-1.4086091798070604,2024,12,December,4,Friday,2024-12,192.5,127.35,65.15,33.84,25924.43,High Value,192.5
ORD000229,CUST0085,PRD0052,2023-04-24,4.0,476.07,Customer_85,East,Home Office,2023-05-31,Product_52,Furniture,333.09,Regular,B2B-Home,0.14634146341463414,0.7213468177608444,2023,4,April,2,Monday,2023-04,1904.28,1332.36,571.9200000000001,30.03,16345.86,Medium Value,1904.28
ORD000230,CUST0147,PRD0042,2024-04-24,21.5,259.69,Customer_147,East,Consumer,2022-07-11,Product_42,Clothing,132.33,Bulk,B2C,1.0,-0.33192438171293864,2024,4,April,2,Wednesday,2024-04,5583.335,2845.0950000000003,2738.24,49.04,15997.035,Medium Value,5583.335
ORD000231,CUST0112,PRD0012,2023-01-22,5.0,78.44,Customer_112,East,Consumer,2022-10-12,Product_12,Furniture,49.26,Regular,B2C,0.1951219512195122,-1.2141935604938943,2023,1,January,1,Sunday,2023-01,392.2,246.29999999999998,145.9,37.2,392.2,Low Value,392.2
ORD000232,CUST0125,PRD0047,2023-12-15,14.0,491.72,Customer_125,North,Consumer,2024-02-15,Product_47,Furniture,240.28,Bulk,B2C,0.6341463414634146,0.7975261978873105,2023,12,December,4,Friday,2023-12,6884.08,3363.92,3520.16,51.13,15735.99,Medium Value,6884.08
ORD000233,CUST0147,PRD0049,2024-12-26,9.0,267.83,Customer_147,East,Consumer,2022-07-11,Product_49,Groceries,167.68,Regular,B2C,0.3902439024390244,-0.29230136866313466,2024,12,December,4,Thursday,2024-12,2410.47,1509.1200000000001,901.3499999999997,37.39,15997.035,Medium Value,2410.47
ORD000234,CUST0036,PRD0042,2024-11-13,8.0,259.69,Customer_36,North,Home Office,2024-06-03,Product_42,Clothing,132.33,Regular,B2B-Home,0.34146341463414637,-0.33192438171293864,2024,11,November,4,Wednesday,2024-11,2077.52,1058.64,1018.8799999999999,49.04,7275.29,Low Value,2077.52
ORD000235,CUST0029,PRD0038,2024-07-19,8.0,199.83,Customer_29,West,Consumer,2022-04-06,Product_38,Office Supplies,137.96,Regular,B2C,0.34146341463414637,-0.6233044260816448,2024,7,July,3,Friday,2024-07,1598.64,1103.68,494.96000000000004,30.96,35541.26,High Value,1598.64
ORD000236,CUST0188,PRD0018,2023-11-16,8.0,141.2,Customer_188,East,Home Office,2023-01-19,Product_18,Groceries,72.5,Regular,B2B-Home,0.34146341463414637,-0.9086972092646928,2023,11,November,4,Thursday,2023-11,1129.6,580.0,549.5999999999999,48.65,11685.11,Medium Value,1129.6
ORD000237,CUST0082,PRD0045,2023-05-06,12.0,554.21,Customer_82,West,Home Office,2023-08-31,Product_45,Clothing,274.19,Bulk,B2B-Home,0.5365853658536586,1.1017082722708798,2023,5,May,2,Saturday,2023-05,6650.52,3290.2799999999997,3360.2400000000007,50.53,15303.380000000001,Medium Value,6650.52
ORD000238,CUST0002,PRD0035,2023-10-04,8.0,387.88,Customer_2,West,Consumer,2023-10-18,Product_35,Electronics,195.05,Regular,B2C,0.34146341463414637,0.29206505844116176,2023,10,October,4,Wednesday,2023-10,3103.04,1560.4,1542.6399999999999,49.71,13901.66,Medium Value,3103.04
ORD000239,CUST0129,PRD0030,2023-07-23,7.0,67.45,Customer_129,West,Consumer,2022-04-25,Product_30,Clothing,50.36,Regular,B2C,0.2926829268292683,-1.2676894958031506,2023,7,July,3,Sunday,2023-07,472.15000000000003,352.52,119.63000000000005,25.34,8352.01,Low Value,472.15000000000003
ORD000240,CUST0047,PRD0024,2023-07-13,8.0,650.79,Customer_47,West,Home Office,2022-06-03,Product_24,Groceries,308.95,Regular,B2B-Home,0.34146341463414637,1.5718299676455811,2023,7,July,3,Thursday,2023-07,5206.32,2471.6,2734.72,52.53,23461.079999999998,High Value,5206.32
ORD000241,CUST0197,PRD0042,2024-11-11,11.0,259.69,Customer_197,South,Consumer,2023-01-31,Product_42,Clothing,132.33,Bulk,B2C,0.4878048780487805,-0.33192438171293864,2024,11,November,4,Monday,2024-11,2856.59,1455.63,1400.96,49.04,5776.68,Low Value,2856.59
ORD000242,CUST0148,PRD0030,2024-10-25,14.0,67.45,Customer_148,East,Home Office,2024-01-09,Product_30,Clothing,50.36,Bulk,B2B-Home,0.6341463414634146,-1.2676894958031506,2024,10,October,4,Friday,2024-10,944.3000000000001,705.04,239.2600000000001,25.34,13347.279999999999,Medium Value,944.3000000000001
ORD000243,CUST0011,PRD0014,2024-06-30,8.0,635.89,Customer_11,East,Consumer,2024-04-10,Product_14,Office Supplies,387.94,Regular,B2C,0.34146341463414637,1.4993013565347606,2024,6,June,2,Sunday,2024-06,5087.12,3103.52,1983.6,38.99,20185.96,High Value,5087.12
ORD000244,CUST0234,PRD0006,2024-11-26,13.0,100.25,Customer_234,West,Consumer,2024-03-05,Product_6,Groceries,73.48,Bulk,B2C,0.5853658536585366,-1.108029197518928,2024,11,November,4,Tuesday,2024-11,1303.25,955.24,348.01,26.7,11286.880000000001,Medium Value,1303.25
ORD000245,CUST0130,PRD0003,2023-10-13,14.0,136.62,Customer_130,West,Home Office,2023-09-09,Product_3,Electronics,68.47,Bulk,B2B-Home,0.6341463414634146,-0.9309912387202336,2023,10,October,4,Friday,2023-10,1912.68,958.5799999999999,954.1000000000001,49.88,29687.56,High Value,1912.68
ORD000246,CUST0195,PRD0016,2023-02-26,8.0,544.93,Customer_195,East,Consumer,2022-03-10,Product_16,Office Supplies,327.74,Regular,B2C,0.34146341463414637,1.0565360903172945,2023,2,February,1,Sunday,2023-02,4359.44,2621.92,1737.5199999999995,39.86,27758.170000000002,High Value,4359.44
ORD000247,CUST0215,PRD0007,2023-10-30,12.0,723.68,Customer_215,East,Corporate,2022-06-12,Product_7,Clothing,359.22,Bulk,B2B,0.5365853658536586,1.9266360390460988,2023,10,October,4,Monday,2023-10,8684.16,4310.64,4373.5199999999995,50.36,28338.03,High Value,8684.16
ORD000248,CUST0119,PRD0052,2023-06-12,10.0,476.07,Customer_119,West,Home Office,2023-05-14,Product_52,Furniture,333.09,Regular,B2B-Home,0.43902439024390244,0.7213468177608444,2023,6,June,2,Monday,2023-06,4760.7,3330.8999999999996,1429.8000000000002,30.03,30217.149999999998,High Value,4760.7
ORD000249,CUST0140,PRD0014,2023-01-19,7.0,635.89,Customer_140,North,Home Office,2023-12-30,Product_14,Office Supplies,387.94,Regular,B2B-Home,0.2926829268292683,1.4993013565347606,2023,1,January,1,Thursday,2023-01,4451.23,2715.58,1735.6499999999996,38.99,6014.009999999999,Low Value,4451.23
ORD000250,CUST0020,PRD0009,2024-01-05,12.0,365.6,Customer_20,East,Corporate,2024-03-01,Product_9,Clothing,212.18,Bulk,B2B,0.5365853658536586,0.1836128802163912,2024,1,January,1,Friday,2024-01,4387.200000000001,2546.16,1841.0400000000009,41.96,11573.93,Medium Value,4387.200000000001
ORD000251,CUST0005,PRD0015,2023-09-21,1.0,547.01,Customer_5,East,Home Office,2023-09-28,Product_15,Office Supplies,346.88,Regular,B2B-Home,0.0,1.0666608897206844,2023,9,September,3,Thursday,2023-09,547.01,346.88,200.13,36.59,5899.5199999999995,Low Value,547.01
ORD000252,CUST0037,PRD0021,2023-04-23,4.0,472.24,Customer_37,West,Consumer,2024-06-15,Product_21,Office Supplies,224.92,Regular,B2C,0.14634146341463414,0.7027035573209489,2023,4,April,2,Sunday,2023-04,1888.96,899.68,989.2800000000001,52.37,26289.41,High Value,1888.96
ORD000253,CUST0166,PRD0035,2024-05-02,13.0,387.88,Customer_166,North,Corporate,2024-03-08,Product_35,Electronics,195.05,Bulk,B2B,0.5853658536585366,0.29206505844116176,2024,5,May,2,Thursday,2024-05,5042.44,2535.65,2506.7899999999995,49.71,29296.449999999997,High Value,5042.44
ORD000254,CUST0222,PRD0002,2023-11-23,13.0,136.86,Customer_222,East,Home Office,2023-08-11,Product_2,Clothing,102.15,Bulk,B2B-Home,0.5853658536585366,-0.9298229926352269,2023,11,November,4,Thursday,2023-11,1779.1800000000003,1327.95,451.23000000000025,25.36,20477.29,High Value,1779.1800000000003
ORD000255,CUST0137,PRD0027,2024-06-25,4.0,370.3,Customer_137,North,Corporate,2023-02-17,Product_27,Electronics,173.05,Regular,B2B,0.14634146341463414,0.20649103271443522,2024,6,June,2,Tuesday,2024-06,1481.2,692.2,789.0,53.27,9525.82,Medium Value,1481.2
ORD000256,CUST0226,PRD0002,2024-10-08,5.0,136.86,Customer_226,South,Corporate,2022-09-10,Product_2,Clothing,102.15,Regular,B2B,0.1951219512195122,-0.9298229926352269,2024,10,October,4,Tuesday,2024-10,684.3000000000001,510.75,173.55000000000007,25.36,33569.15,High Value,684.3000000000001
ORD000257,CUST0053,PRD0035,2024-08-01,10.0,387.88,Customer_53,East,Consumer,2022-08-08,Product_35,Electronics,195.05,Regular,B2C,0.43902439024390244,0.29206505844116176,2024,8,August,3,Thursday,2024-08,3878.8,1950.5,1928.3000000000002,49.71,10522.06,Medium Value,3878.8
ORD000258,CUST0172,PRD0018,2023-03-06,6.0,141.2,Customer_172,North,Consumer,2023-12-30,Product_18,Groceries,72.5,Regular,B2C,0.24390243902439024,-0.9086972092646928,2023,3,March,1,Monday,2023-03,847.1999999999999,435.0,412.19999999999993,48.65,25425.829999999998,High Value,847.1999999999999
ORD000259,CUST0099,PRD0014,2023-10-19,4.0,635.89,Customer_99,South,Home Office,2023-01-15,Product_14,Office Supplies,387.94,Regular,B2B-Home,0.14634146341463414,1.4993013565347606,2023,10,October,4,Thursday,2023-10,2543.56,1551.76,991.8,38.99,10555.14,Medium Value,2543.56
ORD000260,CUST0244,PRD0020,2023-01-25,2.0,532.93,Customer_244,North,Home Office,2022-12-31,Product_20,Furniture,372.1,Regular,B2B-Home,0.04878048780487805,0.998123786066969,2023,1,January,1,Wednesday,2023-01,1065.86,744.2,321.65999999999985,30.18,9010.9,Low Value,1065.86
ORD000261,CUST0250,PRD0018,2024-07-02,6.0,141.2,Customer_250,East,Home Office,2022-11-23,Product_18,Groceries,72.5,Regular,B2B-Home,0.24390243902439024,-0.9086972092646928,2024,7,July,3,Tuesday,2024-07,847.1999999999999,435.0,412.19999999999993,48.65,9575.7,Medium Value,847.1999999999999
ORD000262,CUST0086,PRD0010,2023-01-01,8.0,260.5,Customer_86,East,Home Office,2022-01-16,Product_10,Furniture,167.11,Regular,B2B-Home,0.34146341463414637,-0.32798155117604166,2023,1,January,1,Sunday,2023-01,2084.0,1336.88,747.1199999999999,35.85,9032.79,Low Value,2084.0
ORD000263,CUST0108,PRD0025,2024-07-02,8.0,143.9,Customer_108,West,Home Office,2022-06-17,Product_25,Clothing,78.88,Regular,B2B-Home,0.34146341463414637,-0.8955544408083695,2024,7,July,3,Tuesday,2024-07,1151.2,631.04,520.1600000000001,45.18,18570.65,Medium Value,1151.2
ORD000264,CUST0024,PRD0002,2023-05-21,7.0,136.86,Customer_24,West,Home Office,2022-02-27,Product_2,Clothing,102.15,Regular,B2B-Home,0.2926829268292683,-0.9298229926352269,2023,5,May,2,Sunday,2023-05,958.0200000000001,715.0500000000001,242.97000000000003,25.36,5779.91,Low Value,958.0200000000001
ORD000265,CUST0081,PRD0025,2024-10-09,6.0,143.9,Customer_81,East,Home Office,2023-03-18,Product_25,Clothing,78.88,Regular,B2B-Home,0.24390243902439024,-0.8955544408083695,2024,10,October,4,Wednesday,2024-10,863.4000000000001,473.28,390.1200000000001,45.18,6797.1900000000005,Low Value,863.4000000000001
ORD000266,CUST0202,PRD0054,2023-07-07,2.0,103.87,Customer_202,West,Corporate,2023-07-19,Product_54,Office Supplies,54.1,Regular,B2B,0.04878048780487805,-1.090408152403413,2023,7,July,3,Friday,2023-07,207.74,108.2,99.54,47.92,18852.37,Medium Value,207.74
ORD000267,CUST0158,PRD0033,2023-05-08,7.0,406.65,Customer_158,South,Corporate,2024-02-19,Product_33,Groceries,234.59,Regular,B2B,0.2926829268292683,0.3834316376727122,2023,5,May,2,Monday,2023-05,2846.5499999999997,1642.13,1204.4199999999996,42.31,18382.7,Medium Value,2846.5499999999997
ORD000268,CUST0120,PRD0036,2023-07-20,11.0,291.11,Customer_120,North,Consumer,2024-01-24,Product_36,Clothing,215.37,Bulk,B2C,0.4878048780487805,-0.17898149841750338,2023,7,July,3,Thursday,2023-07,3202.21,2369.07,833.1399999999999,26.02,21611.49,High Value,3202.21
ORD000269,CUST0059,PRD0031,2023-05-07,12.0,490.91,Customer_59,East,Consumer,2022-07-23,Product_31,Electronics,246.19,Bulk,B2C,0.5365853658536586,0.7935833673504136,2023,5,May,2,Sunday,2023-05,5890.92,2954.2799999999997,2936.6400000000003,49.85,18452.66,Medium Value,5890.92
ORD000270,CUST0238,PRD0014,2023-09-14,14.0,635.89,Customer_238,South,Corporate,2022-01-29,Product_14,Office Supplies,387.94,Bulk,B2B,0.6341463414634146,1.4993013565347606,2023,9,September,3,Thursday,2023-09,8902.46,5431.16,3471.2999999999993,38.99,15609.16,Medium Value,8902.46
ORD000271,CUST0215,PRD0001,2024-11-06,14.0,133.49,Customer_215,East,Corporate,2022-06-12,Product_1,Furniture,65.38,Bulk,B2B,0.6341463414634146,-0.9462271147455267,2024,11,November,4,Wednesday,2024-11,1868.8600000000001,915.3199999999999,953.5400000000002,51.02,28338.03,High Value,1868.8600000000001
ORD000272,CUST0128,PRD0046,2024-06-30,5.0,400.12,Customer_128,North,Consumer,2023-02-22,Product_46,Office Supplies,305.29,Regular,B2C,0.1951219512195122,0.35164560877649365,2024,6,June,2,Sunday,2024-06,2000.6,1526.45,474.14999999999986,23.7,9649.779999999999,Medium Value,2000.6
ORD000273,CUST0224,PRD0016,2023-07-13,6.0,544.93,Customer_224,West,Home Office,2022-03-15,Product_16,Office Supplies,327.74,Regular,B2B-Home,0.24390243902439024,1.0565360903172945,2023,7,July,3,Thursday,2023-07,3269.58,1966.44,1303.1399999999999,39.86,9256.22,Low Value,3269.58
ORD000274,CUST0209,PRD0054,2024-12-03,10.0,103.87,Customer_209,South,Corporate,2022-02-11,Product_54,Office Supplies,54.1,Regular,B2B,0.43902439024390244,-1.090408152403413,2024,12,December,4,Tuesday,2024-12,1038.7,541.0,497.70000000000005,47.92,5938.1900000000005,Low Value,1038.7
ORD000275,CUST0114,PRD0046,2023-04-14,8.0,400.12,Customer_114,South,Corporate,2022-01-12,Product_46,Office Supplies,305.29,Regular,B2B,0.34146341463414637,0.35164560877649365,2023,4,April,2,Friday,2023-04,3200.96,2442.32,758.6399999999999,23.7,27783.88,High Value,3200.96
ORD000276,CUST0115,PRD0052,2024-06-18,14.0,476.07,Customer_115,East,Corporate,2023-08-30,Product_52,Furniture,333.09,Bulk,B2B,0.6341463414634146,0.7213468177608444,2024,6,June,2,Tuesday,2024-06,6664.98,4663.259999999999,2001.7200000000003,30.03,19580.71,High Value,6664.98
ORD000277,CUST0209,PRD0003,2023-09-22,8.0,136.62,Customer_209,South,Corporate,2022-02-11,Product_3,Electronics,68.47,Regular,B2B,0.34146341463414637,-0.9309912387202336,2023,9,September,3,Friday,2023-09,1092.96,547.76,545.2,49.88,5938.1900000000005,Low Value,1092.96
ORD000278,CUST0014,PRD0035,2024-01-19,3.0,387.88,Customer_14,East,Corporate,2022-02-27,Product_35,Electronics,195.05,Regular,B2B,0.0975609756097561,0.29206505844116176,2024,1,January,1,Friday,2024-01,1163.6399999999999,585.1500000000001,578.4899999999998,49.71,17393.65,Medium Value,1163.6399999999999
ORD000279,CUST0009,PRD0041,2023-09-17,12.0,700.93,Customer_9,East,Consumer,2023-10-19,Product_41,Furniture,396.03,Bulk,B2C,0.5365853658536586,1.8158960455715238,2023,9,September,3,Sunday,2023-09,8411.16,4752.36,3658.8,43.5,21697.53,High Value,8411.16
ORD000280,CUST0040,PRD0006,2024-02-18,12.0,100.25,Customer_40,East,Home Office,2023-12-05,Product_6,Groceries,73.48,Bulk,B2B-Home,0.5365853658536586,-1.108029197518928,2024,2,February,1,Sunday,2024-02,1203.0,881.76,321.24,26.7,15046.16,Medium Value,1203.0
ORD000281,CUST0194,PRD0025,2023-12-24,14.0,143.9,Customer_194,East,Corporate,2024-06-03,Product_25,Clothing,78.88,Bulk,B2B,0.6341463414634146,-0.8955544408083695,2023,12,December,4,Sunday,2023-12,2014.6000000000001,1104.32,910.2800000000002,45.18,18051.27,Medium Value,2014.6000000000001
ORD000282,CUST0237,PRD0013,2023-03-16,7.0,326.99,Customer_237,South,Home Office,2023-06-01,Product_13,Office Supplies,162.15,Regular,B2B-Home,0.2926829268292683,-0.004328708709030647,2023,3,March,1,Thursday,2023-03,2288.9300000000003,1135.05,1153.8800000000003,50.41,24063.03,High Value,2288.9300000000003
ORD000283,CUST0025,PRD0053,2023-12-21,1.0,742.35,Customer_25,West,Corporate,2023-09-26,Product_53,Office Supplies,386.19,Regular,B2B,0.0,2.0175158490755636,2023,12,December,4,Thursday,2023-12,742.35,386.19,356.16,47.98,14677.33,Medium Value,742.35
ORD000284,CUST0103,PRD0034,2024-08-06,1.0,138.13,Customer_103,South,Consumer,2023-09-05,Product_34,Clothing,65.97,Regular,B2C,0.0,-0.9236410237687344,2024,8,August,3,Tuesday,2024-08,138.13,65.97,72.16,52.24,16778.79,Medium Value,138.13
ORD000285,CUST0201,PRD0008,2023-07-07,7.0,68.43,Customer_201,East,Consumer,2023-04-29,Product_8,Furniture,36.69,Regular,B2C,0.2926829268292683,-1.2629191576227072,2023,7,July,3,Friday,2023-07,479.01000000000005,256.83,222.18000000000006,46.38,13455.37,Medium Value,479.01000000000005
ORD000286,CUST0246,PRD0021,2024-11-15,10.0,472.24,Customer_246,South,Consumer,2022-12-08,Product_21,Office Supplies,224.92,Regular,B2C,0.43902439024390244,0.7027035573209489,2024,11,November,4,Friday,2024-11,4722.4,2249.2,2473.2,52.37,24314.760000000002,High Value,4722.4
ORD000287,CUST0022,PRD0034,2023-10-17,9.0,138.13,Customer_22,North,Corporate,2023-01-28,Product_34,Clothing,65.97,Regular,B2B,0.3902439024390244,-0.9236410237687344,2023,10,October,4,Tuesday,2023-10,1243.17,593.73,649.44,52.24,5791.74,Low Value,1243.17
ORD000288,CUST0235,PRD0004,2023-02-14,7.0,110.29,Customer_235,West,Corporate,2023-09-26,Product_4,Electronics,78.69,Regular,B2B,0.2926829268292683,-1.059157569629489,2023,2,February,1,Tuesday,2023-02,772.0300000000001,550.8299999999999,221.20000000000016,28.65,6968.360000000001,Low Value,772.0300000000001
ORD000289,CUST0238,PRD0025,2024-07-26,10.0,143.9,Customer_238,South,Corporate,2022-01-29,Product_25,Clothing,78.88,Regular,B2B,0.43902439024390244,-0.8955544408083695,2024,7,July,3,Friday,2024-07,1439.0,788.8,650.2,45.18,15609.16,Medium Value,1439.0
ORD000290,CUST0004,PRD0015,2023-03-24,5.0,547.01,Customer_4,East,Consumer,2023-01-05,Product_15,Office Supplies,346.88,Regular,B2C,0.1951219512195122,1.0666608897206844,2023,3,March,1,Friday,2023-03,2735.05,1734.4,1000.6500000000001,36.59,6245.1,Low Value,2735.05
ORD000291,CUST0154,PRD0004,2023-05-03,8.0,110.29,Customer_154,East,Consumer,2023-10-25,Product_4,Electronics,78.69,Regular,B2C,0.34146341463414637,-1.059157569629489,2023,5,May,2,Wednesday,2023-05,882.32,629.52,252.80000000000007,28.65,14464.37,Medium Value,882.32
ORD000292,CUST0186,PRD0045,2023-12-24,2.0,554.21,Customer_186,North,Home Office,2023-12-19,Product_45,Clothing,274.19,Regular,B2B-Home,0.04878048780487805,1.1017082722708798,2023,12,December,4,Sunday,2023-12,1108.42,548.38,560.0400000000001,50.53,4978.91,Low Value,1108.42
ORD000293,CUST0029,PRD0060,2024-06-11,9.0,320.42,Customer_29,West,Consumer,2022-04-06,Product_60,Groceries,231.92,Regular,B2C,0.3902439024390244,-0.036309445286083736,2024,6,June,2,Tuesday,2024-06,2883.78,2087.2799999999997,796.5000000000005,27.62,35541.26,High Value,2883.78
ORD000294,CUST0109,PRD0012,2023-03-07,6.0,78.44,Customer_109,South,Corporate,2024-04-21,Product_12,Furniture,49.26,Regular,B2B,0.24390243902439024,-1.2141935604938943,2023,3,March,1,Tuesday,2023-03,470.64,295.56,175.07999999999998,37.2,11517.170000000002,Medium Value,470.64
ORD000295,CUST0098,PRD0032,2024-10-18,13.0,216.61,Customer_98,West,Consumer,2023-11-06,Product_32,Electronics,119.01,Bulk,B2C,0.5853658536585366,-0.5416245539716065,2024,10,October,4,Friday,2024-10,2815.9300000000003,1547.13,1268.8000000000002,45.06,26418.614999999998,High Value,2815.9300000000003
ORD000296,CUST0215,PRD0032,2024-01-10,9.0,216.61,Customer_215,East,Corporate,2022-06-12,Product_32,Electronics,119.01,Regular,B2B,0.3902439024390244,-0.5416245539716065,2024,1,January,1,Wednesday,2024-01,1949.4900000000002,1071.0900000000001,878.4000000000001,45.06,28338.03,High Value,1949.4900000000002
ORD000297,CUST0037,PRD0028,2023-06-11,2.0,375.61,Customer_37,West,Consumer,2024-06-15,Product_28,Electronics,205.51,Regular,B2C,0.04878048780487805,0.23233847734520421,2023,6,June,2,Sunday,2023-06,751.22,411.02,340.20000000000005,45.29,26289.41,High Value,751.22
ORD000298,CUST0075,PRD0013,2024-01-15,3.0,326.99,Customer_75,North,Corporate,2022-04-10,Product_13,Office Supplies,162.15,Regular,B2B,0.0975609756097561,-0.004328708709030647,2024,1,January,1,Monday,2024-01,980.97,486.45000000000005,494.52,50.41,11561.58,Medium Value,980.97
ORD000299,CUST0070,PRD0031,2024-10-17,12.0,490.91,Customer_70,South,Home Office,2022-01-23,Product_31,Electronics,246.19,Bulk,B2B-Home,0.5365853658536586,0.7935833673504136,2024,10,October,4,Thursday,2024-10,5890.92,2954.2799999999997,2936.6400000000003,49.85,11016.12,Medium Value,5890.92
ORD000300,CUST0146,PRD0014,2023-12-24,8.0,635.89,Customer_146,East,Corporate,2023-04-02,Product_14,Office Supplies,387.94,Regular,B2B,0.34146341463414637,1.4993013565347606,2023,12,December,4,Sunday,2023-12,5087.12,3103.52,1983.6,38.99,14648.6,Medium Value,5087.12
ORD000301,CUST0128,PRD0020,2023-07-07,1.0,291.11,Customer_128,North,Consumer,2023-02-22,Product_20,Furniture,372.1,Regular,B2C,0.0,-0.17898149841750338,2023,7,July,3,Friday,2023-07,291.11,372.1,-80.99000000000001,-27.82,9649.779999999999,Medium Value,291.11
ORD000302,CUST0085,PRD0018,2023-11-18,10.0,141.2,Customer_85,East,Home Office,2023-05-31,Product_18,Groceries,72.5,Regular,B2B-Home,0.43902439024390244,-0.9086972092646928,2023,11,November,4,Saturday,2023-11,1412.0,725.0,687.0,48.65,16345.86,Medium Value,1412.0
ORD000303,CUST0042,PRD0029,2024-03-25,7.0,154.64,Customer_42,East,Corporate,2023-08-04,Product_29,Furniture,100.75,Regular,B2B,0.2926829268292683,-0.8432754285043285,2024,3,March,1,Monday,2024-03,1082.48,705.25,377.23,34.85,9366.939999999999,Medium Value,1082.48
ORD000304,CUST0100,PRD0060,2024-04-18,7.0,320.42,Customer_100,North,Home Office,2023-06-29,Product_60,Groceries,231.92,Regular,B2B-Home,0.2926829268292683,-0.036309445286083736,2024,4,April,2,Thursday,2024-04,2242.94,1623.4399999999998,619.5000000000002,27.62,21793.51,High Value,2242.94
ORD000305,CUST0041,PRD0006,2023-01-13,13.0,100.25,Customer_41,East,Corporate,2023-03-23,Product_6,Groceries,73.48,Bulk,B2B,0.5853658536585366,-1.108029197518928,2023,1,January,1,Friday,2023-01,1303.25,955.24,348.01,26.7,11456.41,Medium Value,1303.25
ORD000306,CUST0166,PRD0032,2023-07-03,1.0,216.61,Customer_166,North,Corporate,2024-03-08,Product_32,Electronics,119.01,Regular,B2B,0.0,-0.5416245539716065,2023,7,July,3,Monday,2023-07,216.61,119.01,97.60000000000001,45.06,29296.449999999997,High Value,216.61
ORD000307,CUST0034,PRD0029,2023-04-21,9.0,154.64,Customer_34,South,Corporate,2023-05-03,Product_29,Furniture,100.75,Regular,B2B,0.3902439024390244,-0.8432754285043285,2023,4,April,2,Friday,2023-04,1391.7599999999998,906.75,485.00999999999976,34.85,8270.08,Low Value,1391.7599999999998
ORD000308,CUST0017,PRD0043,2024-05-22,8.0,674.74,Customer_17,West,Corporate,2023-04-19,Product_43,Furniture,324.9,Regular,B2B,0.34146341463414637,1.688411191545189,2024,5,May,2,Wednesday,2024-05,5397.92,2599.2,2798.7200000000003,51.85,15212.76,Medium Value,5397.92
ORD000309,CUST0165,PRD0002,2023-10-17,4.0,136.86,Customer_165,South,Unknown,2024-05-22,Product_2,Clothing,102.15,Regular,,0.14634146341463414,-0.9298229926352269,2023,10,October,4,Tuesday,2023-10,547.44,408.6,138.84000000000003,25.36,9121.480000000001,Low Value,547.44
ORD000310,CUST0153,PRD0060,2023-10-22,10.0,320.42,Customer_153,North,Home Office,2023-10-26,Product_60,Groceries,231.92,Regular,B2B-Home,0.43902439024390244,-0.036309445286083736,2023,10,October,4,Sunday,2023-10,3204.2000000000003,2319.2,885.0000000000005,27.62,15670.85,Medium Value,3204.2000000000003
ORD000311,CUST0230,PRD0023,2024-03-26,11.0,201.54,Customer_230,North,Corporate,2023-10-15,Product_23,Electronics,115.59,Bulk,B2B,0.4878048780487805,-0.6149806727259736,2024,3,March,1,Tuesday,2024-03,2216.94,1271.49,945.45,42.65,3446.52,Low Value,2216.94
ORD000312,CUST0122,PRD0019,2023-08-03,5.0,458.22,Customer_122,North,Consumer,2023-12-28,Product_19,Furniture,269.11,Regular,B2C,0.1951219512195122,0.6344585151884856,2023,8,August,3,Thursday,2023-08,2291.1000000000004,1345.5500000000002,945.5500000000002,41.27,13334.26,Medium Value,2291.1000000000004
ORD000313,CUST0076,PRD0031,2024-09-23,2.0,490.91,Customer_76,South,Consumer,2024-03-12,Product_31,Electronics,246.19,Regular,B2C,0.04878048780487805,0.7935833673504136,2024,9,September,3,Monday,2024-09,981.82,492.38,489.44000000000005,49.85,13324.84,Medium Value,981.82
ORD000314,CUST0087,PRD0051,2024-07-20,13.0,502.39,Customer_87,South,Corporate,2024-03-02,Product_51,Furniture,372.16,Bulk,B2B,0.5853658536585366,0.8494644717498913,2024,7,July,3,Saturday,2024-07,6531.07,4838.08,1692.9899999999998,25.92,12915.939999999999,Medium Value,6531.07
ORD000315,CUST0117,PRD0005,2023-01-27,9.0,160.38,Customer_117,North,Corporate,2024-06-16,Product_5,Office Supplies,117.61,Regular,B2B,0.3902439024390244,-0.8153348763045895,2023,1,January,1,Friday,2023-01,1443.42,1058.49,384.93000000000006,26.67,18738.5,Medium Value,1443.42
ORD000316,CUST0106,PRD0019,2024-09-21,12.0,458.22,Customer_106,South,Corporate,2023-07-31,Product_19,Furniture,269.11,Bulk,B2B,0.5365853658536586,0.6344585151884856,2024,9,September,3,Saturday,2024-09,5498.64,3229.32,2269.32,41.27,13823.58,Medium Value,5498.64
ORD000317,CUST0086,PRD0034,2023-08-19,12.0,138.13,Customer_86,East,Home Office,2022-01-16,Product_34,Clothing,65.97,Bulk,B2B-Home,0.5365853658536586,-0.9236410237687344,2023,8,August,3,Saturday,2023-08,1657.56,791.64,865.92,52.24,9032.79,Low Value,1657.56
ORD000318,CUST0213,PRD0010,2024-07-18,6.0,260.5,Customer_213,North,Consumer,2023-09-26,Product_10,Furniture,167.11,Regular,B2C,0.24390243902439024,-0.32798155117604166,2024,7,July,3,Thursday,2024-07,1563.0,1002.6600000000001,560.3399999999999,35.85,11388.64,Medium Value,1563.0
ORD000319,CUST0027,PRD0025,2023-11-17,3.0,143.9,Customer_27,South,Consumer,2024-01-21,Product_25,Clothing,78.88,Regular,B2C,0.0975609756097561,-0.8955544408083695,2023,11,November,4,Friday,2023-11,431.70000000000005,236.64,195.06000000000006,45.18,8937.84,Low Value,431.70000000000005
ORD000320,CUST0057,PRD0002,2023-08-21,12.0,136.86,Customer_57,West,Home Office,2024-01-20,Product_2,Clothing,102.15,Bulk,B2B-Home,0.5365853658536586,-0.9298229926352269,2023,8,August,3,Monday,2023-08,1642.3200000000002,1225.8000000000002,416.52,25.36,16352.6,Medium Value,1642.3200000000002
ORD000321,CUST0031,PRD0011,2024-10-31,7.0,816.42,Customer_31,North,Home Office,2022-04-28,Product_11,Groceries,393.04,Regular,B2B-Home,0.2926829268292683,2.3780657970606964,2024,10,October,4,Thursday,2024-10,5714.94,2751.28,2963.6599999999994,51.86,17397.95,Medium Value,5714.94
ORD000322,CUST0134,PRD0050,2024-03-12,9.0,285.21,Customer_134,North,Corporate,2023-09-18,Product_50,Clothing,142.8,Regular,B2B,0.3902439024390244,-0.20770088134058018,2024,3,March,1,Tuesday,2024-03,2566.89,1285.2,1281.6899999999998,49.93,13210.79,Medium Value,2566.89
ORD000323,CUST0219,PRD0031,2024-06-16,3.0,490.91,Customer_219,West,Corporate,2024-04-22,Product_31,Electronics,246.19,Regular,B2B,0.0975609756097561,0.7935833673504136,2024,6,June,2,Sunday,2024-06,1472.73,738.5699999999999,734.1600000000001,49.85,5375.400000000001,Low Value,1472.73
ORD000324,CUST0168,PRD0056,2024-02-07,2.0,711.44,Customer_168,East,Home Office,2024-05-30,Product_56,Groceries,375.64,Regular,B2B-Home,0.04878048780487805,1.8670554887107675,2024,2,February,1,Wednesday,2024-02,1422.88,751.28,671.6000000000001,47.2,8955.15,Low Value,1422.88
ORD000325,CUST0098,PRD0015,2023-02-22,7.0,547.01,Customer_98,West,Consumer,2023-11-06,Product_15,Office Supplies,346.88,Regular,B2C,0.2926829268292683,1.0666608897206844,2023,2,February,1,Wednesday,2023-02,3829.0699999999997,2428.16,1400.9099999999999,36.59,26418.614999999998,High Value,3829.0699999999997
ORD000326,CUST0012,PRD0009,2023-11-09,7.0,365.6,Customer_12,East,Consumer,2024-02-26,Product_9,Clothing,212.18,Regular,B2C,0.2926829268292683,0.1836128802163912,2023,11,November,4,Thursday,2023-11,2559.2000000000003,1485.26,1073.9400000000003,41.96,18815.17,Medium Value,2559.2000000000003
ORD000327,CUST0237,PRD0023,2023-10-08,4.0,201.54,Customer_237,South,Home Office,2023-06-01,Product_23,Electronics,115.59,Regular,B2B-Home,0.14634146341463414,-0.6149806727259736,2023,10,October,4,Sunday,2023-10,806.16,462.36,343.79999999999995,42.65,24063.03,High Value,806.16
ORD000328,CUST0249,PRD0019,2024-12-26,11.0,458.22,Customer_249,North,Home Office,2023-05-26,Product_19,Furniture,269.11,Bulk,B2B-Home,0.4878048780487805,0.6344585151884856,2024,12,December,4,Thursday,2024-12,5040.42,2960.21,2080.21,41.27,23289.71,High Value,5040.42
ORD000329,CUST0053,PRD0009,2023-01-31,9.0,365.6,Customer_53,East,Consumer,2022-08-08,Product_9,Clothing,212.18,Regular,B2C,0.3902439024390244,0.1836128802163912,2023,1,January,1,Tuesday,2023-01,3290.4,1909.6200000000001,1380.78,41.96,10522.06,Medium Value,3290.4
ORD000330,CUST0199,PRD0035,2023-12-03,14.0,387.88,Customer_199,North,Corporate,2024-06-09,Product_35,Electronics,195.05,Bulk,B2B,0.6341463414634146,0.29206505844116176,2023,12,December,4,Sunday,2023-12,5430.32,2730.7000000000003,2699.6199999999994,49.71,26612.1,High Value,5430.32
ORD000331,CUST0138,PRD0021,2023-07-02,8.0,472.24,Customer_138,North,Corporate,2023-01-11,Product_21,Office Supplies,224.92,Regular,B2B,0.34146341463414637,0.7027035573209489,2023,7,July,3,Sunday,2023-07,3777.92,1799.36,1978.5600000000002,52.37,13040.19,Medium Value,3777.92
ORD000332,CUST0173,PRD0009,2023-01-23,13.0,365.6,Customer_173,East,Consumer,2022-12-08,Product_9,Clothing,212.18,Bulk,B2C,0.5853658536585366,0.1836128802163912,2023,1,January,1,Monday,2023-01,4752.8,2758.34,1994.46,41.96,9436.92,Medium Value,4752.8
ORD000333,CUST0145,PRD0028,2024-06-27,13.0,375.61,Customer_145,West,Consumer,2024-05-18,Product_28,Electronics,205.51,Bulk,B2C,0.5853658536585366,0.23233847734520421,2024,6,June,2,Thursday,2024-06,4882.93,2671.63,2211.3,45.29,28262.845,High Value,4882.93
ORD000334,CUST0154,PRD0046,2024-03-21,1.0,400.12,Customer_154,East,Consumer,2023-10-25,Product_46,Office Supplies,305.29,Regular,B2C,0.0,0.35164560877649365,2024,3,March,1,Thursday,2024-03,400.12,305.29,94.82999999999998,23.7,14464.37,Medium Value,400.12
ORD000335,CUST0213,PRD0051,2023-03-15,1.0,502.39,Customer_213,North,Consumer,2023-09-26,Product_51,Furniture,372.16,Regular,B2C,0.0,0.8494644717498913,2023,3,March,1,Wednesday,2023-03,502.39,372.16,130.22999999999996,25.92,11388.64,Medium Value,502.39
ORD000336,CUST0220,PRD0007,2023-01-10,5.0,723.68,Customer_220,East,Corporate,2023-10-20,Product_7,Clothing,359.22,Regular,B2B,0.1951219512195122,1.9266360390460988,2023,1,January,1,Tuesday,2023-01,3618.3999999999996,1796.1000000000001,1822.2999999999995,50.36,15534.15,Medium Value,3618.3999999999996
ORD000337,CUST0190,PRD0016,2024-04-28,6.0,544.93,Customer_190,South,Home Office,2024-04-30,Product_16,Office Supplies,327.74,Regular,B2B-Home,0.24390243902439024,1.0565360903172945,2024,4,April,2,Sunday,2024-04,3269.58,1966.44,1303.1399999999999,39.86,20038.690000000002,High Value,3269.58
ORD000338,CUST0122,PRD0016,2024-03-31,3.0,544.93,Customer_122,North,Consumer,2023-12-28,Product_16,Office Supplies,327.74,Regular,B2C,0.0975609756097561,1.0565360903172945,2024,3,March,1,Sunday,2024-03,1634.79,983.22,651.5699999999999,39.86,13334.26,Medium Value,1634.79
ORD000339,CUST0046,PRD0060,2024-07-19,13.0,320.42,Customer_46,West,Home Office,2022-03-17,Product_60,Groceries,231.92,Bulk,B2B-Home,0.5853658536585366,-0.036309445286083736,2024,7,July,3,Friday,2024-07,4165.46,3014.96,1150.5,27.62,28122.76,High Value,4165.46
ORD000340,CUST0064,PRD0033,2024-07-17,9.0,406.65,Customer_64,North,Home Office,2023-07-05,Product_33,Groceries,234.59,Regular,B2B-Home,0.3902439024390244,0.3834316376727122,2024,7,July,3,Wednesday,2024-07,3659.85,2111.31,1548.54,42.31,11935.43,Medium Value,3659.85
ORD000341,CUST0130,PRD0004,2024-10-21,12.0,110.29,Customer_130,West,Home Office,2023-09-09,Product_4,Electronics,78.69,Bulk,B2B-Home,0.5365853658536586,-1.059157569629489,2024,10,October,4,Monday,2024-10,1323.48,944.28,379.20000000000005,28.65,29687.56,High Value,1323.48
ORD000342,CUST0054,PRD0004,2023-06-09,10.0,110.29,Customer_54,West,Corporate,2022-03-10,Product_4,Electronics,78.69,Regular,B2B,0.43902439024390244,-1.059157569629489,2023,6,June,2,Friday,2023-06,1102.9,786.9,316.0000000000001,28.65,25861.08,High Value,1102.9
ORD000343,CUST0107,PRD0039,2023-01-14,14.0,112.92,Customer_107,South,Corporate,2023-02-21,Product_39,Electronics,58.09,Bulk,B2B,0.6341463414634146,-1.046355539614626,2023,1,January,1,Saturday,2023-01,1580.88,813.26,767.6200000000001,48.56,10106.86,Medium Value,1580.88
ORD000344,CUST0193,PRD0040,2023-06-27,6.0,37.04,Customer_193,North,Corporate,2022-05-24,Product_40,Groceries,30.03,Regular,B2B,0.24390243902439024,-1.4157160101575166,2023,6,June,2,Tuesday,2023-06,222.24,180.18,42.06,18.93,16156.54,Medium Value,222.24
ORD000345,CUST0051,PRD0017,2024-02-16,4.0,160.45,Customer_51,East,Home Office,2023-11-28,Product_17,Clothing,106.87,Regular,B2B-Home,0.14634146341463414,-0.8149941378631292,2024,2,February,1,Friday,2024-02,641.8,427.48,214.31999999999994,33.39,22998.519999999997,High Value,641.8
ORD000346,CUST0181,PRD0037,2023-02-22,12.0,38.5,Customer_181,North,Corporate,2022-08-21,Product_37,Furniture,25.47,Bulk,B2B,0.5365853658536586,-1.4086091798070604,2023,2,February,1,Wednesday,2023-02,462.0,305.64,156.36,33.84,9609.62,Medium Value,462.0
ORD000347,CUST0036,PRD0039,2024-02-12,7.0,112.92,Customer_36,North,Home Office,2024-06-03,Product_39,Electronics,58.09,Regular,B2B-Home,0.2926829268292683,-1.046355539614626,2024,2,February,1,Monday,2024-02,790.44,406.63,383.81000000000006,48.56,7275.29,Low Value,790.44
ORD000348,CUST0115,PRD0060,2023-01-22,8.0,320.42,Customer_115,East,Corporate,2023-08-30,Product_60,Groceries,231.92,Regular,B2B,0.34146341463414637,-0.036309445286083736,2023,1,January,1,Sunday,2023-01,2563.36,1855.36,708.0000000000002,27.62,19580.71,High Value,2563.36
ORD000349,CUST0026,PRD0052,2023-01-30,9.0,476.07,Customer_26,South,Home Office,2023-05-28,Product_52,Furniture,333.09,Regular,B2B-Home,0.3902439024390244,0.7213468177608444,2023,1,January,1,Monday,2023-01,4284.63,2997.81,1286.8200000000002,30.03,28628.86,High Value,4284.63
ORD000350,CUST0029,PRD0029,2024-12-03,13.0,154.64,Customer_29,West,Consumer,2022-04-06,Product_29,Furniture,100.75,Bulk,B2C,0.5853658536585366,-0.8432754285043285,2024,12,December,4,Tuesday,2024-12,2010.3199999999997,1309.75,700.5699999999997,34.85,35541.26,High Value,2010.3199999999997
ORD000351,CUST0149,PRD0052,2023-09-17,11.0,476.07,Customer_149,North,Consumer,2023-11-20,Product_52,Furniture,333.09,Bulk,B2C,0.4878048780487805,0.7213468177608444,2023,9,September,3,Sunday,2023-09,5236.7699999999995,3663.99,1572.7799999999997,30.03,20440.949999999997,High Value,5236.7699999999995
ORD000352,CUST0011,PRD0036,2023-07-24,6.0,291.11,Customer_11,East,Consumer,2024-04-10,Product_36,Clothing,215.37,Regular,B2C,0.24390243902439024,-0.17898149841750338,2023,7,July,3,Monday,2023-07,1746.66,1292.22,454.44000000000005,26.02,20185.96,High Value,1746.66
ORD000353,CUST0040,PRD0060,2023-02-28,6.0,320.42,Customer_40,East,Home Office,2023-12-05,Product_60,Groceries,231.92,Regular,B2B-Home,0.24390243902439024,-0.036309445286083736,2023,2,February,1,Tuesday,2023-02,1922.52,1391.52,531.0,27.62,15046.16,Medium Value,1922.52
ORD000354,CUST0011,PRD0038,2024-04-15,8.0,199.83,Customer_11,East,Consumer,2024-04-10,Product_38,Office Supplies,137.96,Regular,B2C,0.34146341463414637,-0.6233044260816448,2024,4,April,2,Monday,2024-04,1598.64,1103.68,494.96000000000004,30.96,20185.96,High Value,1598.64
ORD000355,CUST0164,PRD0039,2024-04-10,12.0,112.92,Customer_164,West,Consumer,2024-05-16,Product_39,Electronics,58.09,Bulk,B2C,0.5365853658536586,-1.046355539614626,2024,4,April,2,Wednesday,2024-04,1355.04,697.08,657.9599999999999,48.56,19909.52,High Value,1355.04
ORD000356,CUST0113,PRD0050,2023-01-12,5.0,285.21,Customer_113,West,Consumer,2023-02-01,Product_50,Clothing,142.8,Regular,B2C,0.1951219512195122,-0.20770088134058018,2023,1,January,1,Thursday,2023-01,1426.05,714.0,712.05,49.93,9162.11,Low Value,1426.05
ORD000357,CUST0187,PRD0037,2024-09-22,14.0,38.5,Customer_187,South,Corporate,2024-01-05,Product_37,Furniture,25.47,Bulk,B2B,0.6341463414634146,-1.4086091798070604,2024,9,September,3,Sunday,2024-09,539.0,356.58,182.42000000000002,33.84,29348.76,High Value,539.0
ORD000358,CUST0039,PRD0052,2023-10-17,3.0,291.11,Customer_39,North,Consumer,2022-07-08,Product_52,Furniture,333.09,Regular,B2C,0.0975609756097561,-0.17898149841750338,2023,10,October,4,Tuesday,2023-10,873.33,999.27,-125.93999999999994,-14.42,22167.1,High Value,873.33
ORD000359,CUST0232,PRD0035,2023-12-20,12.0,387.88,Customer_232,West,Corporate,2022-06-19,Product_35,Electronics,195.05,Bulk,B2B,0.5365853658536586,0.29206505844116176,2023,12,December,4,Wednesday,2023-12,4654.5599999999995,2340.6000000000004,2313.959999999999,49.71,8366.31,Low Value,4654.5599999999995
ORD000360,CUST0227,PRD0007,2024-09-30,3.0,723.68,Customer_227,North,Home Office,2022-08-18,Product_7,Clothing,359.22,Regular,B2B-Home,0.0975609756097561,1.9266360390460988,2024,9,September,3,Monday,2024-09,2171.04,1077.66,1093.3799999999999,50.36,26700.985,High Value,2171.04
ORD000361,CUST0054,PRD0027,2023-03-16,13.0,370.3,Customer_54,West,Corporate,2022-03-10,Product_27,Electronics,173.05,Bulk,B2B,0.5853658536585366,0.20649103271443522,2023,3,March,1,Thursday,2023-03,4813.900000000001,2249.65,2564.2500000000005,53.27,25861.08,High Value,4813.900000000001
ORD000362,CUST0098,PRD0028,2024-12-16,6.0,375.61,Customer_98,West,Consumer,2023-11-06,Product_28,Electronics,205.51,Regular,B2C,0.24390243902439024,0.23233847734520421,2024,12,December,4,Monday,2024-12,2253.66,1233.06,1020.5999999999999,45.29,26418.614999999998,High Value,2253.66
ORD000363,CUST0055,PRD0022,2024-07-14,2.0,365.55,Customer_55,East,Corporate,2022-02-16,Product_22,Office Supplies,230.79,Regular,B2B,0.04878048780487805,0.18336949561534813,2024,7,July,3,Sunday,2024-07,731.1,461.58,269.52000000000004,36.86,25584.11,High Value,731.1
ORD000364,CUST0111,PRD0014,2024-08-13,6.0,635.89,Customer_111,West,Home Office,2023-07-10,Product_14,Office Supplies,387.94,Regular,B2B-Home,0.24390243902439024,1.4993013565347606,2024,8,August,3,Tuesday,2024-08,3815.34,2327.64,1487.7000000000003,38.99,17838.7,Medium Value,3815.34
ORD000365,CUST0152,PRD0007,2024-03-16,13.0,723.68,Customer_152,East,Home Office,2022-04-06,Product_7,Clothing,359.22,Bulk,B2B-Home,0.5853658536585366,1.9266360390460988,2024,3,March,1,Saturday,2024-03,9407.84,4669.860000000001,4737.98,50.36,20501.420000000002,High Value,9407.84
ORD000366,CUST0246,PRD0037,2023-08-29,6.0,38.5,Customer_246,South,Consumer,2022-12-08,Product_37,Furniture,25.47,Regular,B2C,0.24390243902439024,-1.4086091798070604,2023,8,August,3,Tuesday,2023-08,231.0,152.82,78.18,33.84,24314.760000000002,High Value,231.0
ORD000367,CUST0150,PRD0022,2023-06-03,8.0,365.55,Customer_150,West,Consumer,2022-04-09,Product_22,Office Supplies,230.79,Regular,B2C,0.34146341463414637,0.18336949561534813,2023,6,June,2,Saturday,2023-06,2924.4,1846.32,1078.0800000000002,36.86,12738.88,Medium Value,2924.4
ORD000368,CUST0069,PRD0005,2023-04-06,8.0,160.38,Customer_69,West,Home Office,2022-12-23,Product_5,Office Supplies,117.61,Regular,B2B-Home,0.34146341463414637,-0.8153348763045895,2023,4,April,2,Thursday,2023-04,1283.04,940.88,342.15999999999997,26.67,9271.37,Low Value,1283.04
ORD000369,CUST0056,PRD0055,2024-12-26,8.0,540.73,Customer_56,West,Corporate,2022-04-04,Product_55,Groceries,293.69,Regular,B2B,0.34146341463414637,1.0360917838296808,2024,12,December,4,Thursday,2024-12,4325.84,2349.52,1976.3200000000002,45.69,19286.059999999998,Medium Value,4325.84
ORD000370,CUST0033,PRD0002,2023-10-21,14.0,136.86,Customer_33,West,Corporate,2023-08-24,Product_2,Clothing,102.15,Bulk,B2B,0.6341463414634146,-0.9298229926352269,2023,10,October,4,Saturday,2023-10,1916.0400000000002,1430.1000000000001,485.94000000000005,25.36,7098.120000000001,Low Value,1916.0400000000002
ORD000371,CUST0250,PRD0027,2023-07-28,9.0,370.3,Customer_250,East,Home Office,2022-11-23,Product_27,Electronics,173.05,Regular,B2B-Home,0.3902439024390244,0.20649103271443522,2023,7,July,3,Friday,2023-07,3332.7000000000003,1557.45,1775.2500000000002,53.27,9575.7,Medium Value,3332.7000000000003
ORD000372,CUST0036,PRD0021,2023-12-09,6.0,472.24,Customer_36,North,Home Office,2024-06-03,Product_21,Office Supplies,224.92,Regular,B2B-Home,0.24390243902439024,0.7027035573209489,2023,12,December,4,Saturday,2023-12,2833.44,1349.52,1483.92,52.37,7275.29,Low Value,2833.44
ORD000373,CUST0239,PRD0054,2023-03-29,14.0,103.87,Customer_239,East,Home Office,2022-06-14,Product_54,Office Supplies,54.1,Bulk,B2B-Home,0.6341463414634146,-1.090408152403413,2023,3,March,1,Wednesday,2023-03,1454.18,757.4,696.7800000000001,47.92,38168.37,High Value,1454.18
ORD000374,CUST0148,PRD0038,2024-01-25,3.0,199.83,Customer_148,East,Home Office,2024-01-09,Product_38,Office Supplies,137.96,Regular,B2B-Home,0.0975609756097561,-0.6233044260816448,2024,1,January,1,Thursday,2024-01,599.49,413.88,185.61,30.96,13347.279999999999,Medium Value,599.49
ORD000375,CUST0211,PRD0015,2023-11-21,8.0,547.01,Customer_211,East,Consumer,2023-02-02,Product_15,Office Supplies,346.88,Regular,B2C,0.34146341463414637,1.0666608897206844,2023,11,November,4,Tuesday,2023-11,4376.08,2775.04,1601.04,36.59,7202.4400000000005,Low Value,4376.08
ORD000376,CUST0227,PRD0021,2023-06-06,3.0,472.24,Customer_227,North,Home Office,2022-08-18,Product_21,Office Supplies,224.92,Regular,B2B-Home,0.0975609756097561,0.7027035573209489,2023,6,June,2,Tuesday,2023-06,1416.72,674.76,741.96,52.37,26700.985,High Value,1416.72
ORD000377,CUST0244,PRD0010,2024-10-29,11.0,260.5,Customer_244,North,Home Office,2022-12-31,Product_10,Furniture,167.11,Bulk,B2B-Home,0.4878048780487805,-0.32798155117604166,2024,10,October,4,Tuesday,2024-10,2865.5,1838.21,1027.29,35.85,9010.9,Low Value,2865.5
ORD000378,CUST0235,PRD0023,2024-10-12,12.0,201.54,Customer_235,West,Corporate,2023-09-26,Product_23,Electronics,115.59,Bulk,B2B,0.5365853658536586,-0.6149806727259736,2024,10,October,4,Saturday,2024-10,2418.48,1387.08,1031.4,42.65,6968.360000000001,Low Value,2418.48
ORD000379,CUST0081,PRD0058,2024-09-24,1.0,45.4,Customer_81,East,Home Office,2023-03-18,Product_58,Electronics,31.27,Regular,B2B-Home,0.0,-1.3750221048631235,2024,9,September,3,Tuesday,2024-09,45.4,31.27,14.129999999999999,31.12,6797.1900000000005,Low Value,45.4
ORD000380,CUST0190,PRD0056,2024-07-30,11.0,711.44,Customer_190,South,Home Office,2024-04-30,Product_56,Groceries,375.64,Bulk,B2B-Home,0.4878048780487805,1.8670554887107675,2024,7,July,3,Tuesday,2024-07,7825.84,4132.04,3693.8,47.2,20038.690000000002,High Value,7825.84
ORD000381,CUST0109,PRD0039,2024-09-10,13.0,112.92,Customer_109,South,Corporate,2024-04-21,Product_39,Electronics,58.09,Bulk,B2B,0.5853658536585366,-1.046355539614626,2024,9,September,3,Tuesday,2024-09,1467.96,755.1700000000001,712.79,48.56,11517.170000000002,Medium Value,1467.96
ORD000382,CUST0235,PRD0005,2024-10-20,5.0,160.38,Customer_235,West,Corporate,2023-09-26,Product_5,Office Supplies,117.61,Regular,B2B,0.1951219512195122,-0.8153348763045895,2024,10,October,4,Sunday,2024-10,801.9,588.05,213.85000000000002,26.67,6968.360000000001,Low Value,801.9
ORD000383,CUST0226,PRD0001,2023-05-17,14.0,133.49,Customer_226,South,Corporate,2022-09-10,Product_1,Furniture,65.38,Bulk,B2B,0.6341463414634146,-0.9462271147455267,2023,5,May,2,Wednesday,2023-05,1868.8600000000001,915.3199999999999,953.5400000000002,51.02,33569.15,High Value,1868.8600000000001
ORD000384,CUST0201,PRD0013,2024-11-04,4.0,326.99,Customer_201,East,Consumer,2023-04-29,Product_13,Office Supplies,162.15,Regular,B2C,0.14634146341463414,-0.004328708709030647,2024,11,November,4,Monday,2024-11,1307.96,648.6,659.36,50.41,13455.37,Medium Value,1307.96
ORD000385,CUST0154,PRD0021,2024-03-03,9.0,472.24,Customer_154,East,Consumer,2023-10-25,Product_21,Office Supplies,224.92,Regular,B2C,0.3902439024390244,0.7027035573209489,2024,3,March,1,Sunday,2024-03,4250.16,2024.28,2225.88,52.37,14464.37,Medium Value,4250.16
ORD000386,CUST0194,PRD0026,2024-03-27,9.0,174.95,Customer_194,East,Corporate,2024-06-03,Product_26,Furniture,132.85,Regular,B2B,0.3902439024390244,-0.7444126035606528,2024,3,March,1,Wednesday,2024-03,1574.55,1195.6499999999999,378.9000000000001,24.06,18051.27,Medium Value,1574.55
ORD000387,CUST0245,PRD0050,2024-09-03,14.0,285.21,Customer_245,East,Corporate,2024-04-12,Product_50,Clothing,142.8,Bulk,B2B,0.6341463414634146,-0.20770088134058018,2024,9,September,3,Tuesday,2024-09,3992.9399999999996,1999.2000000000003,1993.7399999999993,49.93,17741.12,Medium Value,3992.9399999999996
ORD000388,CUST0073,PRD0045,2023-05-21,5.0,554.21,Customer_73,North,Consumer,2024-01-28,Product_45,Clothing,274.19,Regular,B2C,0.1951219512195122,1.1017082722708798,2023,5,May,2,Sunday,2023-05,2771.05,1370.95,1400.1000000000001,50.53,17765.3,Medium Value,2771.05
ORD000389,CUST0201,PRD0021,2023-03-24,10.0,472.24,Customer_201,East,Consumer,2023-04-29,Product_21,Office Supplies,224.92,Regular,B2C,0.43902439024390244,0.7027035573209489,2023,3,March,1,Friday,2023-03,4722.4,2249.2,2473.2,52.37,13455.37,Medium Value,4722.4
ORD000390,CUST0040,PRD0053,2023-06-26,4.0,742.35,Customer_40,East,Home Office,2023-12-05,Product_53,Office Supplies,386.19,Regular,B2B-Home,0.14634146341463414,2.0175158490755636,2023,6,June,2,Monday,2023-06,2969.4,1544.76,1424.64,47.98,15046.16,Medium Value,2969.4
ORD000391,CUST0017,PRD0018,2023-07-17,7.0,141.2,Customer_17,West,Corporate,2023-04-19,Product_18,Groceries,72.5,Regular,B2B,0.2926829268292683,-0.9086972092646928,2023,7,July,3,Monday,2023-07,988.3999999999999,507.5,480.89999999999986,48.65,15212.76,Medium Value,988.3999999999999
ORD000392,CUST0129,PRD0037,2024-09-15,6.0,38.5,Customer_129,West,Consumer,2022-04-25,Product_37,Furniture,25.47,Regular,B2C,0.24390243902439024,-1.4086091798070604,2024,9,September,3,Sunday,2024-09,231.0,152.82,78.18,33.84,8352.01,Low Value,231.0
ORD000393,CUST0217,PRD0045,2024-07-21,4.0,554.21,Customer_217,West,Home Office,2024-01-03,Product_45,Clothing,274.19,Regular,B2B-Home,0.14634146341463414,1.1017082722708798,2024,7,July,3,Sunday,2024-07,2216.84,1096.76,1120.0800000000002,50.53,14480.220000000001,Medium Value,2216.84
ORD000394,CUST0061,PRD0032,2024-11-21,13.0,216.61,Customer_61,East,Home Office,2023-04-19,Product_32,Electronics,119.01,Bulk,B2B-Home,0.5853658536585366,-0.5416245539716065,2024,11,November,4,Thursday,2024-11,2815.9300000000003,1547.13,1268.8000000000002,45.06,12118.570000000002,Medium Value,2815.9300000000003
ORD000395,CUST0171,PRD0036,2024-02-25,13.0,291.11,Customer_171,West,Home Office,2024-05-29,Product_36,Clothing,215.37,Bulk,B2B-Home,0.5853658536585366,-0.17898149841750338,2024,2,February,1,Sunday,2024-02,3784.4300000000003,2799.81,984.6200000000003,26.02,23186.15,High Value,3784.4300000000003
ORD000396,CUST0104,PRD0017,2024-02-05,10.0,160.45,Customer_104,West,Home Office,2022-09-25,Product_17,Clothing,106.87,Regular,B2B-Home,0.43902439024390244,-0.8149941378631292,2024,2,February,1,Monday,2024-02,1604.5,1068.7,535.8,33.39,17920.66,Medium Value,1604.5
ORD000397,CUST0042,PRD0035,2024-11-28,2.0,387.88,Customer_42,East,Corporate,2023-08-04,Product_35,Electronics,195.05,Regular,B2B,0.04878048780487805,0.29206505844116176,2024,11,November,4,Thursday,2024-11,775.76,390.1,385.65999999999997,49.71,9366.939999999999,Medium Value,775.76
ORD000398,CUST0025,PRD0049,2024-04-15,1.0,267.83,Customer_25,West,Corporate,2023-09-26,Product_49,Groceries,167.68,Regular,B2B,0.0,-0.29230136866313466,2024,4,April,2,Monday,2024-04,267.83,167.68,100.14999999999998,37.39,14677.33,Medium Value,267.83
ORD000399,CUST0039,PRD0060,2023-08-06,4.0,320.42,Customer_39,North,Consumer,2022-07-08,Product_60,Groceries,231.92,Regular,B2C,0.14634146341463414,-0.036309445286083736,2023,8,August,3,Sunday,2023-08,1281.68,927.68,354.0000000000001,27.62,22167.1,High Value,1281.68
ORD000400,CUST0035,PRD0011,2024-12-29,4.0,816.42,Customer_35,South,Corporate,2022-08-25,Product_11,Groceries,393.04,Regular,B2B,0.14634146341463414,2.3780657970606964,2024,12,December,4,Sunday,2024-12,3265.68,1572.16,1693.5199999999998,51.86,9883.67,Medium Value,3265.68
ORD000401,CUST0131,PRD0021,2024-09-23,13.0,472.24,Customer_131,West,Home Office,2022-07-15,Product_21,Office Supplies,224.92,Bulk,B2B-Home,0.5853658536585366,0.7027035573209489,2024,9,September,3,Monday,2024-09,6139.12,2923.96,3215.16,52.37,29367.52,High Value,6139.12
ORD000402,CUST0242,PRD0052,2023-06-24,1.0,476.07,Customer_242,East,Consumer,2023-10-10,Product_52,Furniture,333.09,Regular,B2C,0.0,0.7213468177608444,2023,6,June,2,Saturday,2023-06,476.07,333.09,142.98000000000002,30.03,29273.95,High Value,476.07
ORD000403,CUST0229,PRD0055,2023-01-23,6.0,540.73,Customer_229,North,Consumer,2022-06-23,Product_55,Groceries,293.69,Regular,B2C,0.24390243902439024,1.0360917838296808,2023,1,January,1,Monday,2023-01,3244.38,1762.1399999999999,1482.2400000000002,45.69,17827.010000000002,Medium Value,3244.38
ORD000404,CUST0108,PRD0053,2024-12-25,4.0,742.35,Customer_108,West,Home Office,2022-06-17,Product_53,Office Supplies,386.19,Regular,B2B-Home,0.14634146341463414,2.0175158490755636,2024,12,December,4,Wednesday,2024-12,2969.4,1544.76,1424.64,47.98,18570.65,Medium Value,2969.4
ORD000405,CUST0172,PRD0026,2023-08-23,1.0,174.95,Customer_172,North,Consumer,2023-12-30,Product_26,Furniture,132.85,Regular,B2C,0.0,-0.7444126035606528,2023,8,August,3,Wednesday,2023-08,174.95,132.85,42.099999999999994,24.06,25425.829999999998,High Value,174.95
ORD000406,CUST0179,PRD0004,2023-01-13,1.0,110.29,Customer_179,North,Corporate,2023-01-31,Product_4,Electronics,78.69,Regular,B2B,0.0,-1.059157569629489,2023,1,January,1,Friday,2023-01,110.29,78.69,31.60000000000001,28.65,4424.96,Low Value,110.29
ORD000407,CUST0222,PRD0034,2023-04-11,13.0,138.13,Customer_222,East,Home Office,2023-08-11,Product_34,Clothing,65.97,Bulk,B2B-Home,0.5853658536585366,-0.9236410237687344,2023,4,April,2,Tuesday,2023-04,1795.69,857.61,938.08,52.24,20477.29,High Value,1795.69
ORD000408,CUST0102,PRD0052,2024-06-19,1.0,476.07,Customer_102,South,Corporate,2023-03-03,Product_52,Furniture,333.09,Regular,B2B,0.0,0.7213468177608444,2024,6,June,2,Wednesday,2024-06,476.07,333.09,142.98000000000002,30.03,15984.16,Medium Value,476.07
ORD000409,CUST0098,PRD0048,2024-06-06,21.5,253.91,Customer_98,West,Consumer,2023-11-06,Product_48,Electronics,191.27,Bulk,B2C,1.0,-0.360059641593512,2024,6,June,2,Thursday,2024-06,5459.065,4112.305,1346.7599999999993,24.67,26418.614999999998,High Value,5459.065
ORD000410,CUST0012,PRD0060,2024-03-27,10.0,320.42,Customer_12,East,Consumer,2024-02-26,Product_60,Groceries,231.92,Regular,B2C,0.43902439024390244,-0.036309445286083736,2024,3,March,1,Wednesday,2024-03,3204.2000000000003,2319.2,885.0000000000005,27.62,18815.17,Medium Value,3204.2000000000003
ORD000411,CUST0019,PRD0018,2024-03-06,8.0,141.2,Customer_19,West,Consumer,2024-04-09,Product_18,Groceries,72.5,Regular,B2C,0.34146341463414637,-0.9086972092646928,2024,3,March,1,Wednesday,2024-03,1129.6,580.0,549.5999999999999,48.65,9312.470000000001,Medium Value,1129.6
ORD000412,CUST0101,PRD0040,2024-08-28,2.0,37.04,Customer_101,East,Home Office,2023-11-22,Product_40,Groceries,30.03,Regular,B2B-Home,0.04878048780487805,-1.4157160101575166,2024,8,August,3,Wednesday,2024-08,74.08,60.06,14.019999999999996,18.93,3627.76,Low Value,74.08
ORD000413,CUST0044,PRD0035,2024-12-13,11.0,387.88,Customer_44,West,Corporate,2024-05-10,Product_35,Electronics,195.05,Bulk,B2B,0.4878048780487805,0.29206505844116176,2024,12,December,4,Friday,2024-12,4266.68,2145.55,2121.13,49.71,13914.64,Medium Value,4266.68
ORD000414,CUST0187,PRD0041,2024-06-16,13.0,700.93,Customer_187,South,Corporate,2024-01-05,Product_41,Furniture,396.03,Bulk,B2B,0.5853658536585366,1.8158960455715238,2024,6,June,2,Sunday,2024-06,9112.09,5148.389999999999,3963.7000000000007,43.5,29348.76,High Value,9112.09
ORD000415,CUST0049,PRD0029,2024-12-23,7.0,154.64,Customer_49,South,Home Office,2023-03-11,Product_29,Furniture,100.75,Regular,B2B-Home,0.2926829268292683,-0.8432754285043285,2024,12,December,4,Monday,2024-12,1082.48,705.25,377.23,34.85,18717.89,Medium Value,1082.48
ORD000416,CUST0189,PRD0052,2024-10-13,14.0,476.07,Customer_189,East,Corporate,2023-07-18,Product_52,Furniture,333.09,Bulk,B2B,0.6341463414634146,0.7213468177608444,2024,10,October,4,Sunday,2024-10,6664.98,4663.259999999999,2001.7200000000003,30.03,31618.679999999997,High Value,6664.98
ORD000417,CUST0017,PRD0029,2023-10-20,8.0,154.64,Customer_17,West,Corporate,2023-04-19,Product_29,Furniture,100.75,Regular,B2B,0.34146341463414637,-0.8432754285043285,2023,10,October,4,Friday,2023-10,1237.12,806.0,431.1199999999999,34.85,15212.76,Medium Value,1237.12
ORD000418,CUST0074,PRD0038,2023-04-11,8.0,199.83,Customer_74,South,Home Office,2024-04-16,Product_38,Office Supplies,137.96,Regular,B2B-Home,0.34146341463414637,-0.6233044260816448,2023,4,April,2,Tuesday,2023-04,1598.64,1103.68,494.96000000000004,30.96,14716.050000000001,Medium Value,1598.64
ORD000419,CUST0057,PRD0042,2024-05-16,11.0,259.69,Customer_57,West,Home Office,2024-01-20,Product_42,Clothing,132.33,Bulk,B2B-Home,0.4878048780487805,-0.33192438171293864,2024,5,May,2,Thursday,2024-05,2856.59,1455.63,1400.96,49.04,16352.6,Medium Value,2856.59
ORD000420,CUST0055,PRD0021,2023-10-31,10.0,472.24,Customer_55,East,Corporate,2022-02-16,Product_21,Office Supplies,224.92,Regular,B2B,0.43902439024390244,0.7027035573209489,2023,10,October,4,Tuesday,2023-10,4722.4,2249.2,2473.2,52.37,25584.11,High Value,4722.4
ORD000421,CUST0241,PRD0042,2024-06-23,11.0,259.69,Customer_241,South,Consumer,2022-12-05,Product_42,Clothing,132.33,Bulk,B2C,0.4878048780487805,-0.33192438171293864,2024,6,June,2,Sunday,2024-06,2856.59,1455.63,1400.96,49.04,24028.78,High Value,2856.59
ORD000422,CUST0047,PRD0013,2024-07-06,13.0,326.99,Customer_47,West,Home Office,2022-06-03,Product_13,Office Supplies,162.15,Bulk,B2B-Home,0.5853658536585366,-0.004328708709030647,2024,7,July,3,Saturday,2024-07,4250.87,2107.9500000000003,2142.9199999999996,50.41,23461.079999999998,High Value,4250.87
ORD000423,CUST0012,PRD0049,2023-12-21,7.0,267.83,Customer_12,East,Consumer,2024-02-26,Product_49,Groceries,167.68,Regular,B2C,0.2926829268292683,-0.29230136866313466,2023,12,December,4,Thursday,2023-12,1874.81,1173.76,701.05,37.39,18815.17,Medium Value,1874.81
ORD000424,CUST0062,PRD0041,2023-10-30,5.0,700.93,Customer_62,East,Corporate,2023-03-08,Product_41,Furniture,396.03,Regular,B2B,0.1951219512195122,1.8158960455715238,2023,10,October,4,Monday,2023-10,3504.6499999999996,1980.1499999999999,1524.4999999999998,43.5,17686.629999999997,Medium Value,3504.6499999999996
ORD000425,CUST0080,PRD0017,2024-05-10,1.0,160.45,Customer_80,West,Corporate,2023-10-21,Product_17,Clothing,106.87,Regular,B2B,0.0,-0.8149941378631292,2024,5,May,2,Friday,2024-05,160.45,106.87,53.579999999999984,33.39,20842.22,High Value,160.45
ORD000426,CUST0216,PRD0056,2024-10-19,12.0,711.44,Customer_216,North,Home Office,2022-08-03,Product_56,Groceries,375.64,Bulk,B2B-Home,0.5365853658536586,1.8670554887107675,2024,10,October,4,Saturday,2024-10,8537.28,4507.68,4029.6000000000004,47.2,14688.54,Medium Value,8537.28
ORD000427,CUST0083,PRD0009,2023-08-15,9.0,365.6,Customer_83,North,Corporate,2024-02-08,Product_9,Clothing,212.18,Regular,B2B,0.3902439024390244,0.1836128802163912,2023,8,August,3,Tuesday,2023-08,3290.4,1909.6200000000001,1380.78,41.96,11000.63,Medium Value,3290.4
ORD000428,CUST0008,PRD0041,2023-08-24,13.0,700.93,Customer_8,North,Home Office,2023-10-21,Product_41,Furniture,396.03,Bulk,B2B-Home,0.5853658536585366,1.8158960455715238,2023,8,August,3,Thursday,2023-08,9112.09,5148.389999999999,3963.7000000000007,43.5,25350.17,High Value,9112.09
ORD000429,CUST0223,PRD0001,2024-03-30,7.0,133.49,Customer_223,South,Corporate,2022-01-09,Product_1,Furniture,65.38,Regular,B2B,0.2926829268292683,-0.9462271147455267,2024,3,March,1,Saturday,2024-03,934.4300000000001,457.65999999999997,476.7700000000001,51.02,15030.25,Medium Value,934.4300000000001
ORD000430,CUST0149,PRD0002,2023-01-13,2.0,136.86,Customer_149,North,Consumer,2023-11-20,Product_2,Clothing,102.15,Regular,B2C,0.04878048780487805,-0.9298229926352269,2023,1,January,1,Friday,2023-01,273.72,204.3,69.42000000000002,25.36,20440.949999999997,High Value,273.72
ORD000431,CUST0081,PRD0060,2023-07-29,6.0,320.42,Customer_81,East,Home Office,2023-03-18,Product_60,Groceries,231.92,Regular,B2B-Home,0.24390243902439024,-0.036309445286083736,2023,7,July,3,Saturday,2023-07,1922.52,1391.52,531.0,27.62,6797.1900000000005,Low Value,1922.52
ORD000432,CUST0215,PRD0048,2024-02-01,2.0,253.91,Customer_215,East,Corporate,2022-06-12,Product_48,Electronics,191.27,Regular,B2B,0.04878048780487805,-0.360059641593512,2024,2,February,1,Thursday,2024-02,507.82,382.54,125.27999999999997,24.67,28338.03,High Value,507.82
ORD000433,CUST0229,PRD0029,2023-04-10,1.0,154.64,Customer_229,North,Consumer,2022-06-23,Product_29,Furniture,100.75,Regular,B2C,0.0,-0.8432754285043285,2023,4,April,2,Monday,2023-04,154.64,100.75,53.889999999999986,34.85,17827.010000000002,Medium Value,154.64
ORD000434,CUST0118,PRD0033,2023-01-31,14.0,406.65,Customer_118,South,Corporate,2022-09-10,Product_33,Groceries,234.59,Bulk,B2B,0.6341463414634146,0.3834316376727122,2023,1,January,1,Tuesday,2023-01,5693.099999999999,3284.26,2408.8399999999992,42.31,16938.989999999998,Medium Value,5693.099999999999
ORD000435,CUST0208,PRD0010,2024-06-11,7.0,260.5,Customer_208,West,Consumer,2023-11-24,Product_10,Furniture,167.11,Regular,B2C,0.2926829268292683,-0.32798155117604166,2024,6,June,2,Tuesday,2024-06,1823.5,1169.77,653.73,35.85,10414.62,Medium Value,1823.5
ORD000436,CUST0198,PRD0050,2024-10-10,13.0,285.21,Customer_198,West,Home Office,2022-01-25,Product_50,Clothing,142.8,Bulk,B2B-Home,0.5853658536585366,-0.20770088134058018,2024,10,October,4,Thursday,2024-10,3707.7299999999996,1856.4,1851.3299999999995,49.93,25630.34,High Value,3707.7299999999996
ORD000437,CUST0200,PRD0058,2023-11-25,2.0,45.4,Customer_200,East,Home Office,2023-04-14,Product_58,Electronics,31.27,Regular,B2B-Home,0.04878048780487805,-1.3750221048631235,2023,11,November,4,Saturday,2023-11,90.8,62.54,28.259999999999998,31.12,8446.85,Low Value,90.8
ORD000438,CUST0025,PRD0060,2023-06-15,13.0,320.42,Customer_25,West,Corporate,2023-09-26,Product_60,Groceries,231.92,Bulk,B2B,0.5853658536585366,-0.036309445286083736,2023,6,June,2,Thursday,2023-06,4165.46,3014.96,1150.5,27.62,14677.33,Medium Value,4165.46
ORD000439,CUST0210,PRD0040,2024-04-03,14.0,37.04,Customer_210,North,Home Office,2022-07-05,Product_40,Groceries,30.03,Bulk,B2B-Home,0.6341463414634146,-1.4157160101575166,2024,4,April,2,Wednesday,2024-04,518.56,420.42,98.13999999999993,18.93,10350.1,Medium Value,518.56
ORD000440,CUST0089,PRD0021,2023-04-10,14.0,472.24,Customer_89,West,Consumer,2024-01-29,Product_21,Office Supplies,224.92,Bulk,B2C,0.6341463414634146,0.7027035573209489,2023,4,April,2,Monday,2023-04,6611.360000000001,3148.8799999999997,3462.480000000001,52.37,15199.720000000001,Medium Value,6611.360000000001
ORD000441,CUST0012,PRD0028,2024-09-12,2.0,375.61,Customer_12,East,Consumer,2024-02-26,Product_28,Electronics,205.51,Regular,B2C,0.04878048780487805,0.23233847734520421,2024,9,September,3,Thursday,2024-09,751.22,411.02,340.20000000000005,45.29,18815.17,Medium Value,751.22
ORD000442,CUST0143,PRD0011,2023-06-22,13.0,816.42,Customer_143,West,Home Office,2023-11-07,Product_11,Groceries,393.04,Bulk,B2B-Home,0.5853658536585366,2.3780657970606964,2023,6,June,2,Thursday,2023-06,10613.46,5109.52,5503.939999999999,51.86,25298.78,High Value,10613.46
ORD000443,CUST0059,PRD0055,2023-06-11,11.0,540.73,Customer_59,East,Consumer,2022-07-23,Product_55,Groceries,293.69,Bulk,B2C,0.4878048780487805,1.0360917838296808,2023,6,June,2,Sunday,2023-06,5948.030000000001,3230.59,2717.4400000000005,45.69,18452.66,Medium Value,5948.030000000001
ORD000444,CUST0154,PRD0034,2024-12-28,5.0,138.13,Customer_154,East,Consumer,2023-10-25,Product_34,Clothing,65.97,Regular,B2C,0.1951219512195122,-0.9236410237687344,2024,12,December,4,Saturday,2024-12,690.65,329.85,360.79999999999995,52.24,14464.37,Medium Value,690.65
ORD000445,CUST0233,PRD0008,2023-09-20,14.0,68.43,Customer_233,West,Corporate,2023-01-28,Product_8,Furniture,36.69,Bulk,B2B,0.6341463414634146,-1.2629191576227072,2023,9,September,3,Wednesday,2023-09,958.0200000000001,513.66,444.3600000000001,46.38,14605.84,Medium Value,958.0200000000001
ORD000446,CUST0109,PRD0059,2023-10-01,5.0,460.22,Customer_109,South,Corporate,2024-04-21,Product_59,Groceries,297.74,Regular,B2B,0.1951219512195122,0.6441938992302065,2023,10,October,4,Sunday,2023-10,2301.1000000000004,1488.7,812.4000000000003,35.3,11517.170000000002,Medium Value,2301.1000000000004
ORD000447,CUST0026,PRD0022,2023-01-03,7.0,365.55,Customer_26,South,Home Office,2023-05-28,Product_22,Office Supplies,230.79,Regular,B2B-Home,0.2926829268292683,0.18336949561534813,2023,1,January,1,Tuesday,2023-01,2558.85,1615.53,943.3199999999999,36.86,28628.86,High Value,2558.85
ORD000448,CUST0047,PRD0008,2023-01-28,1.0,68.43,Customer_47,West,Home Office,2022-06-03,Product_8,Furniture,36.69,Regular,B2B-Home,0.0,-1.2629191576227072,2023,1,January,1,Saturday,2023-01,68.43,36.69,31.74000000000001,46.38,23461.079999999998,High Value,68.43
ORD000449,CUST0032,PRD0049,2023-11-22,8.0,267.83,Customer_32,North,Consumer,2023-07-14,Product_49,Groceries,167.68,Regular,B2C,0.34146341463414637,-0.29230136866313466,2023,11,November,4,Wednesday,2023-11,2142.64,1341.44,801.1999999999998,37.39,24463.52,High Value,2142.64
ORD000450,CUST0010,PRD0015,2023-05-29,3.0,547.01,Customer_10,South,Corporate,2022-04-30,Product_15,Office Supplies,346.88,Regular,B2B,0.0975609756097561,1.0666608897206844,2023,5,May,2,Monday,2023-05,1641.03,1040.6399999999999,600.3900000000001,36.59,12215.730000000001,Medium Value,1641.03
ORD000451,CUST0016,PRD0017,2024-06-23,4.0,160.45,Customer_16,North,Home Office,2024-01-11,Product_17,Clothing,106.87,Regular,B2B-Home,0.14634146341463414,-0.8149941378631292,2024,6,June,2,Sunday,2024-06,641.8,427.48,214.31999999999994,33.39,3168.41,Low Value,641.8
ORD000452,CUST0199,PRD0060,2024-05-02,9.0,320.42,Customer_199,North,Corporate,2024-06-09,Product_60,Groceries,231.92,Regular,B2B,0.3902439024390244,-0.036309445286083736,2024,5,May,2,Thursday,2024-05,2883.78,2087.2799999999997,796.5000000000005,27.62,26612.1,High Value,2883.78
ORD000453,CUST0145,PRD0023,2024-03-13,4.0,201.54,Customer_145,West,Consumer,2024-05-18,Product_23,Electronics,115.59,Regular,B2C,0.14634146341463414,-0.6149806727259736,2024,3,March,1,Wednesday,2024-03,806.16,462.36,343.79999999999995,42.65,28262.845,High Value,806.16
ORD000454,CUST0151,PRD0024,2023-03-06,10.0,650.79,Customer_151,East,Consumer,2023-07-02,Product_24,Groceries,308.95,Regular,B2C,0.43902439024390244,1.5718299676455811,2023,3,March,1,Monday,2023-03,6507.9,3089.5,3418.3999999999996,52.53,25924.43,High Value,6507.9
ORD000455,CUST0026,PRD0045,2023-12-22,12.0,554.21,Customer_26,South,Home Office,2023-05-28,Product_45,Clothing,274.19,Bulk,B2B-Home,0.5365853658536586,1.1017082722708798,2023,12,December,4,Friday,2023-12,6650.52,3290.2799999999997,3360.2400000000007,50.53,28628.86,High Value,6650.52
ORD000456,CUST0213,PRD0019,2024-06-16,5.0,458.22,Customer_213,North,Consumer,2023-09-26,Product_19,Furniture,269.11,Regular,B2C,0.1951219512195122,0.6344585151884856,2024,6,June,2,Sunday,2024-06,2291.1000000000004,1345.5500000000002,945.5500000000002,41.27,11388.64,Medium Value,2291.1000000000004
ORD000457,CUST0086,PRD0005,2023-09-09,7.0,160.38,Customer_86,East,Home Office,2022-01-16,Product_5,Office Supplies,117.61,Regular,B2B-Home,0.2926829268292683,-0.8153348763045895,2023,9,September,3,Saturday,2023-09,1122.6599999999999,823.27,299.3899999999999,26.67,9032.79,Low Value,1122.6599999999999
ORD000458,CUST0250,PRD0032,2023-08-23,4.0,216.61,Customer_250,East,Home Office,2022-11-23,Product_32,Electronics,119.01,Regular,B2B-Home,0.14634146341463414,-0.5416245539716065,2023,8,August,3,Wednesday,2023-08,866.44,476.04,390.40000000000003,45.06,9575.7,Medium Value,866.44
ORD000459,CUST0135,PRD0044,2023-08-15,14.0,162.81,Customer_135,East,Corporate,2023-05-08,Product_44,Electronics,105.58,Bulk,B2B,0.6341463414634146,-0.8035063846938985,2023,8,August,3,Tuesday,2023-08,2279.34,1478.12,801.2200000000003,35.15,8292.64,Low Value,2279.34
ORD000460,CUST0014,PRD0001,2024-06-08,1.0,291.11,Customer_14,East,Corporate,2022-02-27,Product_1,Furniture,65.38,Regular,B2B,0.0,-0.17898149841750338,2024,6,June,2,Saturday,2024-06,291.11,65.38,225.73000000000002,77.54,17393.65,Medium Value,291.11
ORD000461,CUST0079,PRD0023,2023-11-09,9.0,201.54,Customer_79,East,Consumer,2024-02-01,Product_23,Electronics,115.59,Regular,B2C,0.3902439024390244,-0.6149806727259736,2023,11,November,4,Thursday,2023-11,1813.86,1040.31,773.55,42.65,15573.27,Medium Value,1813.86
ORD000462,CUST0117,PRD0037,2023-02-18,4.0,38.5,Customer_117,North,Corporate,2024-06-16,Product_37,Furniture,25.47,Regular,B2B,0.14634146341463414,-1.4086091798070604,2023,2,February,1,Saturday,2023-02,154.0,101.88,52.120000000000005,33.84,18738.5,Medium Value,154.0
ORD000463,CUST0007,PRD0008,2023-04-28,9.0,68.43,Customer_7,North,Unknown,2023-11-01,Product_8,Furniture,36.69,Regular,,0.3902439024390244,-1.2629191576227072,2023,4,April,2,Friday,2023-04,615.8700000000001,330.21,285.66000000000014,46.38,17978.420000000002,Medium Value,615.8700000000001
ORD000464,CUST0137,PRD0013,2023-02-23,6.0,326.99,Customer_137,North,Corporate,2023-02-17,Product_13,Office Supplies,162.15,Regular,B2B,0.24390243902439024,-0.004328708709030647,2023,2,February,1,Thursday,2023-02,1961.94,972.9000000000001,989.04,50.41,9525.82,Medium Value,1961.94
ORD000465,CUST0115,PRD0008,2024-10-11,1.0,68.43,Customer_115,East,Corporate,2023-08-30,Product_8,Furniture,36.69,Regular,B2B,0.0,-1.2629191576227072,2024,10,October,4,Friday,2024-10,68.43,36.69,31.74000000000001,46.38,19580.71,High Value,68.43
ORD000466,CUST0176,PRD0057,2024-07-18,12.0,133.48,Customer_176,South,Home Office,2022-01-19,Product_57,Electronics,76.59,Bulk,B2B-Home,0.5365853658536586,-0.9462757916657354,2024,7,July,3,Thursday,2024-07,1601.7599999999998,919.08,682.6799999999997,42.62,20571.989999999998,High Value,1601.7599999999998
ORD000467,CUST0072,PRD0023,2023-02-13,3.0,201.54,Customer_72,South,Consumer,2023-06-06,Product_23,Electronics,115.59,Regular,B2C,0.0975609756097561,-0.6149806727259736,2023,2,February,1,Monday,2023-02,604.62,346.77,257.85,42.65,24813.85,High Value,604.62
ORD000468,CUST0242,PRD0043,2023-02-22,11.0,674.74,Customer_242,East,Consumer,2023-10-10,Product_43,Furniture,324.9,Bulk,B2C,0.4878048780487805,1.688411191545189,2023,2,February,1,Wednesday,2023-02,7422.14,3573.8999999999996,3848.2400000000007,51.85,29273.95,High Value,7422.14
ORD000469,CUST0059,PRD0001,2024-08-08,2.0,133.49,Customer_59,East,Consumer,2022-07-23,Product_1,Furniture,65.38,Regular,B2C,0.04878048780487805,-0.9462271147455267,2024,8,August,3,Thursday,2024-08,266.98,130.76,136.22000000000003,51.02,18452.66,Medium Value,266.98
ORD000470,CUST0215,PRD0045,2024-07-11,9.0,554.21,Customer_215,East,Corporate,2022-06-12,Product_45,Clothing,274.19,Regular,B2B,0.3902439024390244,1.1017082722708798,2024,7,July,3,Thursday,2024-07,4987.89,2467.71,2520.1800000000003,50.53,28338.03,High Value,4987.89
ORD000471,CUST0221,PRD0051,2024-06-08,12.0,502.39,Customer_221,East,Unknown,2024-01-21,Product_51,Furniture,372.16,Bulk,,0.5365853658536586,0.8494644717498913,2024,6,June,2,Saturday,2024-06,6028.68,4465.92,1562.7600000000002,25.92,18324.27,Medium Value,6028.68
ORD000472,CUST0082,PRD0024,2024-11-07,1.0,650.79,Customer_82,West,Home Office,2023-08-31,Product_24,Groceries,308.95,Regular,B2B-Home,0.0,1.5718299676455811,2024,11,November,4,Thursday,2024-11,650.79,308.95,341.84,52.53,15303.380000000001,Medium Value,650.79
ORD000473,CUST0223,PRD0035,2023-04-12,13.0,387.88,Customer_223,South,Corporate,2022-01-09,Product_35,Electronics,195.05,Bulk,B2B,0.5853658536585366,0.29206505844116176,2023,4,April,2,Wednesday,2023-04,5042.44,2535.65,2506.7899999999995,49.71,15030.25,Medium Value,5042.44
ORD000474,CUST0222,PRD0024,2024-02-02,14.0,650.79,Customer_222,East,Home Office,2023-08-11,Product_24,Groceries,308.95,Bulk,B2B-Home,0.6341463414634146,1.5718299676455811,2024,2,February,1,Friday,2024-02,9111.06,4325.3,4785.759999999999,52.53,20477.29,High Value,9111.06
ORD000475,CUST0116,PRD0017,2023-05-18,9.0,160.45,Customer_116,West,Corporate,2022-10-29,Product_17,Clothing,106.87,Regular,B2B,0.3902439024390244,-0.8149941378631292,2023,5,May,2,Thursday,2023-05,1444.05,961.83,482.2199999999999,33.39,7981.344999999999,Low Value,1444.05
ORD000476,CUST0167,PRD0005,2024-11-05,9.0,160.38,Customer_167,West,Consumer,2022-09-30,Product_5,Office Supplies,117.61,Regular,B2C,0.3902439024390244,-0.8153348763045895,2024,11,November,4,Tuesday,2024-11,1443.42,1058.49,384.93000000000006,26.67,1443.42,Low Value,1443.42
ORD000477,CUST0227,PRD0020,2024-01-22,8.0,532.93,Customer_227,North,Home Office,2022-08-18,Product_20,Furniture,372.1,Regular,B2B-Home,0.34146341463414637,0.998123786066969,2024,1,January,1,Monday,2024-01,4263.44,2976.8,1286.6399999999994,30.18,26700.985,High Value,4263.44
ORD000478,CUST0146,PRD0021,2023-04-21,8.0,472.24,Customer_146,East,Corporate,2023-04-02,Product_21,Office Supplies,224.92,Regular,B2B,0.34146341463414637,0.7027035573209489,2023,4,April,2,Friday,2023-04,3777.92,1799.36,1978.5600000000002,52.37,14648.6,Medium Value,3777.92
ORD000479,CUST0187,PRD0040,2024-09-05,11.0,37.04,Customer_187,South,Corporate,2024-01-05,Product_40,Groceries,30.03,Bulk,B2B,0.4878048780487805,-1.4157160101575166,2024,9,September,3,Thursday,2024-09,407.44,330.33000000000004,77.10999999999996,18.93,29348.76,High Value,407.44
ORD000480,CUST0234,PRD0058,2023-01-17,14.0,45.4,Customer_234,West,Consumer,2024-03-05,Product_58,Electronics,31.27,Bulk,B2C,0.6341463414634146,-1.3750221048631235,2023,1,January,1,Tuesday,2023-01,635.6,437.78,197.82000000000005,31.12,11286.880000000001,Medium Value,635.6
ORD000481,CUST0103,PRD0031,2023-07-01,12.0,490.91,Customer_103,South,Consumer,2023-09-05,Product_31,Electronics,246.19,Bulk,B2C,0.5365853658536586,0.7935833673504136,2023,7,July,3,Saturday,2023-07,5890.92,2954.2799999999997,2936.6400000000003,49.85,16778.79,Medium Value,5890.92
ORD000482,CUST0017,PRD0046,2024-06-19,1.0,400.12,Customer_17,West,Corporate,2023-04-19,Product_46,Office Supplies,305.29,Regular,B2B,0.0,0.35164560877649365,2024,6,June,2,Wednesday,2024-06,400.12,305.29,94.82999999999998,23.7,15212.76,Medium Value,400.12
ORD000483,CUST0014,PRD0036,2024-06-24,11.0,291.11,Customer_14,East,Corporate,2022-02-27,Product_36,Clothing,215.37,Bulk,B2B,0.4878048780487805,-0.17898149841750338,2024,6,June,2,Monday,2024-06,3202.21,2369.07,833.1399999999999,26.02,17393.65,Medium Value,3202.21
ORD000484,CUST0159,PRD0011,2023-06-20,8.0,816.42,Customer_159,North,Consumer,2023-01-04,Product_11,Groceries,393.04,Regular,B2C,0.34146341463414637,2.3780657970606964,2023,6,June,2,Tuesday,2023-06,6531.36,3144.32,3387.0399999999995,51.86,13921.130000000001,Medium Value,6531.36
ORD000485,CUST0152,PRD0052,2024-02-13,10.0,476.07,Customer_152,East,Home Office,2022-04-06,Product_52,Furniture,333.09,Regular,B2B-Home,0.43902439024390244,0.7213468177608444,2024,2,February,1,Tuesday,2024-02,4760.7,3330.8999999999996,1429.8000000000002,30.03,20501.420000000002,High Value,4760.7
ORD000486,CUST0227,PRD0015,2024-01-13,21.5,547.01,Customer_227,North,Home Office,2022-08-18,Product_15,Office Supplies,346.88,Bulk,B2B-Home,1.0,1.0666608897206844,2024,1,January,1,Saturday,2024-01,11760.715,7457.92,4302.795,36.59,26700.985,High Value,11760.715
ORD000487,CUST0108,PRD0019,2023-07-07,3.0,458.22,Customer_108,West,Home Office,2022-06-17,Product_19,Furniture,269.11,Regular,B2B-Home,0.0975609756097561,0.6344585151884856,2023,7,July,3,Friday,2023-07,1374.66,807.33,567.33,41.27,18570.65,Medium Value,1374.66
ORD000488,CUST0188,PRD0007,2023-08-18,11.0,723.68,Customer_188,East,Home Office,2023-01-19,Product_7,Clothing,359.22,Bulk,B2B-Home,0.4878048780487805,1.9266360390460988,2023,8,August,3,Friday,2023-08,7960.48,3951.42,4009.0599999999995,50.36,11685.11,Medium Value,7960.48
ORD000489,CUST0045,PRD0051,2023-04-29,8.0,502.39,Customer_45,West,Corporate,2022-09-04,Product_51,Furniture,372.16,Regular,B2B,0.34146341463414637,0.8494644717498913,2023,4,April,2,Saturday,2023-04,4019.12,2977.28,1041.8399999999997,25.92,29981.27,High Value,4019.12
ORD000490,CUST0098,PRD0028,2023-06-05,8.0,375.61,Customer_98,West,Consumer,2023-11-06,Product_28,Electronics,205.51,Regular,B2C,0.34146341463414637,0.23233847734520421,2023,6,June,2,Monday,2023-06,3004.88,1644.08,1360.8000000000002,45.29,26418.614999999998,High Value,3004.88
ORD000491,CUST0131,PRD0051,2024-11-17,1.0,502.39,Customer_131,West,Home Office,2022-07-15,Product_51,Furniture,372.16,Regular,B2B-Home,0.0,0.8494644717498913,2024,11,November,4,Sunday,2024-11,502.39,372.16,130.22999999999996,25.92,29367.52,High Value,502.39
ORD000492,CUST0037,PRD0043,2024-04-09,1.0,674.74,Customer_37,West,Consumer,2024-06-15,Product_43,Furniture,324.9,Regular,B2C,0.0,1.688411191545189,2024,4,April,2,Tuesday,2024-04,674.74,324.9,349.84000000000003,51.85,26289.41,High Value,674.74
ORD000493,CUST0171,PRD0058,2023-04-14,10.0,45.4,Customer_171,West,Home Office,2024-05-29,Product_58,Electronics,31.27,Regular,B2B-Home,0.43902439024390244,-1.3750221048631235,2023,4,April,2,Friday,2023-04,454.0,312.7,141.3,31.12,23186.15,High Value,454.0
ORD000494,CUST0168,PRD0005,2024-08-26,13.0,160.38,Customer_168,East,Home Office,2024-05-30,Product_5,Office Supplies,117.61,Bulk,B2B-Home,0.5853658536585366,-0.8153348763045895,2024,8,August,3,Monday,2024-08,2084.94,1528.93,556.01,26.67,8955.15,Low Value,2084.94
ORD000495,CUST0218,PRD0005,2024-11-28,5.0,160.38,Customer_218,North,Home Office,2022-08-23,Product_5,Office Supplies,117.61,Regular,B2B-Home,0.1951219512195122,-0.8153348763045895,2024,11,November,4,Thursday,2024-11,801.9,588.05,213.85000000000002,26.67,16281.71,Medium Value,801.9
ORD000496,CUST0183,PRD0030,2024-05-16,5.0,67.45,Customer_183,South,Home Office,2022-09-22,Product_30,Clothing,50.36,Regular,B2B-Home,0.1951219512195122,-1.2676894958031506,2024,5,May,2,Thursday,2024-05,337.25,251.8,85.44999999999999,25.34,668.12,Low Value,337.25
ORD000497,CUST0215,PRD0054,2024-11-23,8.0,103.87,Customer_215,East,Corporate,2022-06-12,Product_54,Office Supplies,54.1,Regular,B2B,0.34146341463414637,-1.090408152403413,2024,11,November,4,Saturday,2024-11,830.96,432.8,398.16,47.92,28338.03,High Value,830.96
ORD000498,CUST0108,PRD0032,2024-11-12,7.0,216.61,Customer_108,West,Home Office,2022-06-17,Product_32,Electronics,119.01,Regular,B2B-Home,0.2926829268292683,-0.5416245539716065,2024,11,November,4,Tuesday,2024-11,1516.27,833.07,683.1999999999999,45.06,18570.65,Medium Value,1516.27
ORD000499,CUST0039,PRD0008,2024-11-29,8.0,68.43,Customer_39,North,Consumer,2022-07-08,Product_8,Furniture,36.69,Regular,B2C,0.34146341463414637,-1.2629191576227072,2024,11,November,4,Friday,2024-11,547.44,293.52,253.92000000000007,46.38,22167.1,High Value,547.44
ORD000500,CUST0015,PRD0010,2023-06-24,6.0,260.5,Customer_15,West,Unknown,2022-12-12,Product_10,Furniture,167.11,Regular,,0.24390243902439024,-0.32798155117604166,2023,6,June,2,Saturday,2023-06,1563.0,1002.6600000000001,560.3399999999999,35.85,30532.535000000003,High Value,1563.0
ORD000501,CUST0120,PRD0038,2024-11-04,6.0,199.83,Customer_120,North,Consumer,2024-01-24,Product_38,Office Supplies,137.96,Regular,B2C,0.24390243902439024,-0.6233044260816448,2024,11,November,4,Monday,2024-11,1198.98,827.76,371.22,30.96,21611.49,High Value,1198.98
ORD000502,CUST0241,PRD0047,2024-02-25,2.0,491.72,Customer_241,South,Consumer,2022-12-05,Product_47,Furniture,240.28,Regular,B2C,0.04878048780487805,0.7975261978873105,2024,2,February,1,Sunday,2024-02,983.44,480.56,502.88000000000005,51.13,24028.78,High Value,983.44
ORD000503,CUST0004,PRD0032,2023-05-14,6.0,216.61,Customer_4,East,Consumer,2023-01-05,Product_32,Electronics,119.01,Regular,B2C,0.24390243902439024,-0.5416245539716065,2023,5,May,2,Sunday,2023-05,1299.66,714.0600000000001,585.6,45.06,6245.1,Low Value,1299.66
ORD000504,CUST0093,PRD0048,2024-01-26,5.0,253.91,Customer_93,South,Unknown,2022-06-09,Product_48,Electronics,191.27,Regular,,0.1951219512195122,-0.360059641593512,2024,1,January,1,Friday,2024-01,1269.55,956.35,313.19999999999993,24.67,17045.37,Medium Value,1269.55
ORD000505,CUST0214,PRD0028,2024-05-15,13.0,375.61,Customer_214,East,Corporate,2022-05-13,Product_28,Electronics,205.51,Bulk,B2B,0.5853658536585366,0.23233847734520421,2024,5,May,2,Wednesday,2024-05,4882.93,2671.63,2211.3,45.29,19948.84,High Value,4882.93
ORD000506,CUST0153,PRD0017,2024-10-26,3.0,160.45,Customer_153,North,Home Office,2023-10-26,Product_17,Clothing,106.87,Regular,B2B-Home,0.0975609756097561,-0.8149941378631292,2024,10,October,4,Saturday,2024-10,481.34999999999997,320.61,160.73999999999995,33.39,15670.85,Medium Value,481.34999999999997
ORD000507,CUST0141,PRD0031,2023-02-02,6.0,490.91,Customer_141,West,Corporate,2022-10-04,Product_31,Electronics,246.19,Regular,B2B,0.24390243902439024,0.7935833673504136,2023,2,February,1,Thursday,2023-02,2945.46,1477.1399999999999,1468.3200000000002,49.85,18900.04,Medium Value,2945.46
ORD000508,CUST0210,PRD0008,2023-02-24,8.0,68.43,Customer_210,North,Home Office,2022-07-05,Product_8,Furniture,36.69,Regular,B2B-Home,0.34146341463414637,-1.2629191576227072,2023,2,February,1,Friday,2023-02,547.44,293.52,253.92000000000007,46.38,10350.1,Medium Value,547.44
ORD000509,CUST0161,PRD0040,2024-06-02,9.0,37.04,Customer_161,East,Home Office,2023-06-09,Product_40,Groceries,30.03,Regular,B2B-Home,0.3902439024390244,-1.4157160101575166,2024,6,June,2,Sunday,2024-06,333.36,270.27,63.09000000000003,18.93,18873.29,Medium Value,333.36
ORD000510,CUST0016,PRD0025,2024-09-29,1.0,143.9,Customer_16,North,Home Office,2024-01-11,Product_25,Clothing,78.88,Regular,B2B-Home,0.0,-0.8955544408083695,2024,9,September,3,Sunday,2024-09,143.9,78.88,65.02000000000001,45.18,3168.41,Low Value,143.9
ORD000511,CUST0237,PRD0009,2023-01-12,3.0,365.6,Customer_237,South,Home Office,2023-06-01,Product_9,Clothing,212.18,Regular,B2B-Home,0.0975609756097561,0.1836128802163912,2023,1,January,1,Thursday,2023-01,1096.8000000000002,636.54,460.2600000000002,41.96,24063.03,High Value,1096.8000000000002
ORD000512,CUST0170,PRD0002,2024-06-11,8.0,136.86,Customer_170,South,Consumer,2023-08-19,Product_2,Clothing,102.15,Regular,B2C,0.34146341463414637,-0.9298229926352269,2024,6,June,2,Tuesday,2024-06,1094.88,817.2,277.68000000000006,25.36,14979.23,Medium Value,1094.88
ORD000513,CUST0108,PRD0015,2024-12-20,11.0,547.01,Customer_108,West,Home Office,2022-06-17,Product_15,Office Supplies,346.88,Bulk,B2B-Home,0.4878048780487805,1.0666608897206844,2024,12,December,4,Friday,2024-12,6017.11,3815.68,2201.43,36.59,18570.65,Medium Value,6017.11
ORD000514,CUST0126,PRD0050,2024-07-08,8.0,285.21,Customer_126,West,Home Office,2023-08-28,Product_50,Clothing,142.8,Regular,B2B-Home,0.34146341463414637,-0.20770088134058018,2024,7,July,3,Monday,2024-07,2281.68,1142.4,1139.2799999999997,49.93,17624.39,Medium Value,2281.68
ORD000515,CUST0194,PRD0003,2024-01-08,1.0,136.62,Customer_194,East,Corporate,2024-06-03,Product_3,Electronics,68.47,Regular,B2B,0.0,-0.9309912387202336,2024,1,January,1,Monday,2024-01,136.62,68.47,68.15,49.88,18051.27,Medium Value,136.62
ORD000516,CUST0055,PRD0049,2024-04-28,5.0,267.83,Customer_55,East,Corporate,2022-02-16,Product_49,Groceries,167.68,Regular,B2B,0.1951219512195122,-0.29230136866313466,2024,4,April,2,Sunday,2024-04,1339.1499999999999,838.4000000000001,500.7499999999998,37.39,25584.11,High Value,1339.1499999999999
ORD000517,CUST0227,PRD0036,2024-10-08,3.0,291.11,Customer_227,North,Home Office,2022-08-18,Product_36,Clothing,215.37,Regular,B2B-Home,0.0975609756097561,-0.17898149841750338,2024,10,October,4,Tuesday,2024-10,873.33,646.11,227.22000000000003,26.02,26700.985,High Value,873.33
ORD000518,CUST0170,PRD0004,2023-08-16,2.0,110.29,Customer_170,South,Consumer,2023-08-19,Product_4,Electronics,78.69,Regular,B2C,0.04878048780487805,-1.059157569629489,2023,8,August,3,Wednesday,2023-08,220.58,157.38,63.20000000000002,28.65,14979.23,Medium Value,220.58
ORD000519,CUST0034,PRD0014,2024-09-14,8.0,635.89,Customer_34,South,Corporate,2023-05-03,Product_14,Office Supplies,387.94,Regular,B2B,0.34146341463414637,1.4993013565347606,2024,9,September,3,Saturday,2024-09,5087.12,3103.52,1983.6,38.99,8270.08,Low Value,5087.12
ORD000520,CUST0158,PRD0041,2023-11-03,3.0,700.93,Customer_158,South,Corporate,2024-02-19,Product_41,Furniture,396.03,Regular,B2B,0.0975609756097561,1.8158960455715238,2023,11,November,4,Friday,2023-11,2102.79,1188.09,914.7,43.5,18382.7,Medium Value,2102.79
ORD000521,CUST0247,PRD0041,2024-04-01,7.0,700.93,Customer_247,North,Unknown,2023-05-15,Product_41,Furniture,396.03,Regular,,0.2926829268292683,1.8158960455715238,2024,4,April,2,Monday,2024-04,4906.509999999999,2772.21,2134.2999999999993,43.5,7743.219999999999,Low Value,4906.509999999999
ORD000522,CUST0013,PRD0025,2023-06-09,12.0,143.9,Customer_13,East,Home Office,2023-08-27,Product_25,Clothing,78.88,Bulk,B2B-Home,0.5365853658536586,-0.8955544408083695,2023,6,June,2,Friday,2023-06,1726.8000000000002,946.56,780.2400000000002,45.18,12595.68,Medium Value,1726.8000000000002
ORD000523,CUST0141,PRD0058,2023-11-27,11.0,45.4,Customer_141,West,Corporate,2022-10-04,Product_58,Electronics,31.27,Bulk,B2B,0.4878048780487805,-1.3750221048631235,2023,11,November,4,Monday,2023-11,499.4,343.96999999999997,155.43,31.12,18900.04,Medium Value,499.4
ORD000524,CUST0018,PRD0055,2023-08-13,1.0,540.73,Customer_18,West,Consumer,2022-04-27,Product_55,Groceries,293.69,Regular,B2C,0.0,1.0360917838296808,2023,8,August,3,Sunday,2023-08,540.73,293.69,247.04000000000002,45.69,10770.9,Medium Value,540.73
ORD000525,CUST0160,PRD0050,2024-12-29,6.0,285.21,Customer_160,West,Corporate,2023-11-26,Product_50,Clothing,142.8,Regular,B2B,0.24390243902439024,-0.20770088134058018,2024,12,December,4,Sunday,2024-12,1711.2599999999998,856.8000000000001,854.4599999999997,49.93,13726.23,Medium Value,1711.2599999999998
ORD000526,CUST0096,PRD0010,2024-05-18,3.0,260.5,Customer_96,South,Home Office,2023-10-26,Product_10,Furniture,167.11,Regular,B2B-Home,0.0975609756097561,-0.32798155117604166,2024,5,May,2,Saturday,2024-05,781.5,501.33000000000004,280.16999999999996,35.85,14565.7,Medium Value,781.5
ORD000527,CUST0227,PRD0021,2024-03-31,8.0,472.24,Customer_227,North,Home Office,2022-08-18,Product_21,Office Supplies,224.92,Regular,B2B-Home,0.34146341463414637,0.7027035573209489,2024,3,March,1,Sunday,2024-03,3777.92,1799.36,1978.5600000000002,52.37,26700.985,High Value,3777.92
ORD000528,CUST0123,PRD0036,2023-02-14,6.0,291.11,Customer_123,South,Consumer,2024-04-28,Product_36,Clothing,215.37,Regular,B2C,0.24390243902439024,-0.17898149841750338,2023,2,February,1,Tuesday,2023-02,1746.66,1292.22,454.44000000000005,26.02,15292.470000000001,Medium Value,1746.66
ORD000529,CUST0039,PRD0012,2023-08-02,12.0,78.44,Customer_39,North,Consumer,2022-07-08,Product_12,Furniture,49.26,Bulk,B2C,0.5365853658536586,-1.2141935604938943,2023,8,August,3,Wednesday,2023-08,941.28,591.12,350.15999999999997,37.2,22167.1,High Value,941.28
ORD000530,CUST0046,PRD0027,2023-02-28,2.0,370.3,Customer_46,West,Home Office,2022-03-17,Product_27,Electronics,173.05,Regular,B2B-Home,0.04878048780487805,0.20649103271443522,2023,2,February,1,Tuesday,2023-02,740.6,346.1,394.5,53.27,28122.76,High Value,740.6
ORD000531,CUST0244,PRD0040,2024-10-05,6.0,37.04,Customer_244,North,Home Office,2022-12-31,Product_40,Groceries,30.03,Regular,B2B-Home,0.24390243902439024,-1.4157160101575166,2024,10,October,4,Saturday,2024-10,222.24,180.18,42.06,18.93,9010.9,Low Value,222.24
ORD000532,CUST0029,PRD0002,2024-09-07,7.0,136.86,Customer_29,West,Consumer,2022-04-06,Product_2,Clothing,102.15,Regular,B2C,0.2926829268292683,-0.9298229926352269,2024,9,September,3,Saturday,2024-09,958.0200000000001,715.0500000000001,242.97000000000003,25.36,35541.26,High Value,958.0200000000001
ORD000533,CUST0190,PRD0054,2023-07-14,5.0,103.87,Customer_190,South,Home Office,2024-04-30,Product_54,Office Supplies,54.1,Regular,B2B-Home,0.1951219512195122,-1.090408152403413,2023,7,July,3,Friday,2023-07,519.35,270.5,248.85000000000002,47.92,20038.690000000002,High Value,519.35
ORD000534,CUST0241,PRD0013,2024-05-03,3.0,326.99,Customer_241,South,Consumer,2022-12-05,Product_13,Office Supplies,162.15,Regular,B2C,0.0975609756097561,-0.004328708709030647,2024,5,May,2,Friday,2024-05,980.97,486.45000000000005,494.52,50.41,24028.78,High Value,980.97
ORD000535,CUST0221,PRD0053,2023-06-06,4.0,742.35,Customer_221,East,Unknown,2024-01-21,Product_53,Office Supplies,386.19,Regular,,0.14634146341463414,2.0175158490755636,2023,6,June,2,Tuesday,2023-06,2969.4,1544.76,1424.64,47.98,18324.27,Medium Value,2969.4
ORD000536,CUST0062,PRD0032,2024-09-01,4.0,216.61,Customer_62,East,Corporate,2023-03-08,Product_32,Electronics,119.01,Regular,B2B,0.14634146341463414,-0.5416245539716065,2024,9,September,3,Sunday,2024-09,866.44,476.04,390.40000000000003,45.06,17686.629999999997,Medium Value,866.44
ORD000537,CUST0245,PRD0031,2023-08-14,6.0,490.91,Customer_245,East,Corporate,2024-04-12,Product_31,Electronics,246.19,Regular,B2B,0.24390243902439024,0.7935833673504136,2023,8,August,3,Monday,2023-08,2945.46,1477.1399999999999,1468.3200000000002,49.85,17741.12,Medium Value,2945.46
ORD000538,CUST0236,PRD0016,2024-02-16,10.0,544.93,Customer_236,West,Corporate,2022-07-13,Product_16,Office Supplies,327.74,Regular,B2B,0.43902439024390244,1.0565360903172945,2024,2,February,1,Friday,2024-02,5449.299999999999,3277.4,2171.899999999999,39.86,27547.510000000002,High Value,5449.299999999999
ORD000539,CUST0185,PRD0032,2023-07-24,1.0,216.61,Customer_185,North,Corporate,2024-03-06,Product_32,Electronics,119.01,Regular,B2B,0.0,-0.5416245539716065,2023,7,July,3,Monday,2023-07,216.61,119.01,97.60000000000001,45.06,7939.9,Low Value,216.61
ORD000540,CUST0016,PRD0032,2023-03-20,11.0,216.61,Customer_16,North,Home Office,2024-01-11,Product_32,Electronics,119.01,Bulk,B2B-Home,0.4878048780487805,-0.5416245539716065,2023,3,March,1,Monday,2023-03,2382.71,1309.1100000000001,1073.6,45.06,3168.41,Low Value,2382.71
ORD000541,CUST0184,PRD0060,2023-05-04,4.0,320.42,Customer_184,East,Corporate,2023-03-31,Product_60,Groceries,231.92,Regular,B2B,0.14634146341463414,-0.036309445286083736,2023,5,May,2,Thursday,2023-05,1281.68,927.68,354.0000000000001,27.62,14288.32,Medium Value,1281.68
ORD000542,CUST0236,PRD0034,2024-04-15,10.0,138.13,Customer_236,West,Corporate,2022-07-13,Product_34,Clothing,65.97,Regular,B2B,0.43902439024390244,-0.9236410237687344,2024,4,April,2,Monday,2024-04,1381.3,659.7,721.5999999999999,52.24,27547.510000000002,High Value,1381.3
ORD000543,CUST0239,PRD0011,2023-08-06,13.0,816.42,Customer_239,East,Home Office,2022-06-14,Product_11,Groceries,393.04,Bulk,B2B-Home,0.5853658536585366,2.3780657970606964,2023,8,August,3,Sunday,2023-08,10613.46,5109.52,5503.939999999999,51.86,38168.37,High Value,10613.46
ORD000544,CUST0121,PRD0010,2024-05-30,4.0,260.5,Customer_121,West,Unknown,2022-02-04,Product_10,Furniture,167.11,Regular,,0.14634146341463414,-0.32798155117604166,2024,5,May,2,Thursday,2024-05,1042.0,668.44,373.55999999999995,35.85,5678.95,Low Value,1042.0
ORD000545,CUST0010,PRD0015,2024-08-24,10.0,547.01,Customer_10,South,Corporate,2022-04-30,Product_15,Office Supplies,346.88,Regular,B2B,0.43902439024390244,1.0666608897206844,2024,8,August,3,Saturday,2024-08,5470.1,3468.8,2001.3000000000002,36.59,12215.730000000001,Medium Value,5470.1
ORD000546,CUST0158,PRD0017,2023-04-14,1.0,160.45,Customer_158,South,Corporate,2024-02-19,Product_17,Clothing,106.87,Regular,B2B,0.0,-0.8149941378631292,2023,4,April,2,Friday,2023-04,160.45,106.87,53.579999999999984,33.39,18382.7,Medium Value,160.45
ORD000547,CUST0153,PRD0040,2024-01-28,9.0,291.11,Customer_153,North,Home Office,2023-10-26,Product_40,Groceries,30.03,Regular,B2B-Home,0.3902439024390244,-0.17898149841750338,2024,1,January,1,Sunday,2024-01,2619.9900000000002,270.27,2349.7200000000003,89.68,15670.85,Medium Value,2619.9900000000002
ORD000548,CUST0103,PRD0018,2024-09-22,4.0,141.2,Customer_103,South,Consumer,2023-09-05,Product_18,Groceries,72.5,Regular,B2C,0.14634146341463414,-0.9086972092646928,2024,9,September,3,Sunday,2024-09,564.8,290.0,274.79999999999995,48.65,16778.79,Medium Value,564.8
ORD000549,CUST0084,PRD0055,2024-10-06,7.0,540.73,Customer_84,West,Corporate,2022-11-21,Product_55,Groceries,293.69,Regular,B2B,0.2926829268292683,1.0360917838296808,2024,10,October,4,Sunday,2024-10,3785.11,2055.83,1729.2800000000002,45.69,25454.75,High Value,3785.11
ORD000550,CUST0133,PRD0009,2024-08-30,12.0,365.6,Customer_133,North,Home Office,2023-05-16,Product_9,Clothing,212.18,Bulk,B2B-Home,0.5365853658536586,0.1836128802163912,2024,8,August,3,Friday,2024-08,4387.200000000001,2546.16,1841.0400000000009,41.96,27927.370000000003,High Value,4387.200000000001
ORD000551,CUST0065,PRD0025,2024-03-09,14.0,143.9,Customer_65,East,Home Office,2023-09-04,Product_25,Clothing,78.88,Bulk,B2B-Home,0.6341463414634146,-0.8955544408083695,2024,3,March,1,Saturday,2024-03,2014.6000000000001,1104.32,910.2800000000002,45.18,3108.55,Low Value,2014.6000000000001
ORD000552,CUST0222,PRD0040,2023-11-27,3.0,37.04,Customer_222,East,Home Office,2023-08-11,Product_40,Groceries,30.03,Regular,B2B-Home,0.0975609756097561,-1.4157160101575166,2023,11,November,4,Monday,2023-11,111.12,90.09,21.03,18.93,20477.29,High Value,111.12
ORD000553,CUST0177,PRD0059,2023-05-23,10.0,460.22,Customer_177,East,Corporate,2022-06-26,Product_59,Groceries,297.74,Regular,B2B,0.43902439024390244,0.6441938992302065,2023,5,May,2,Tuesday,2023-05,4602.200000000001,2977.4,1624.8000000000006,35.3,11052.95,Medium Value,4602.200000000001
ORD000554,CUST0003,PRD0014,2024-06-23,12.0,635.89,Customer_3,North,Consumer,2022-09-26,Product_14,Office Supplies,387.94,Bulk,B2C,0.5365853658536586,1.4993013565347606,2024,6,June,2,Sunday,2024-06,7630.68,4655.28,2975.4000000000005,38.99,14395.29,Medium Value,7630.68
ORD000555,CUST0173,PRD0060,2023-10-05,3.0,320.42,Customer_173,East,Consumer,2022-12-08,Product_60,Groceries,231.92,Regular,B2C,0.0975609756097561,-0.036309445286083736,2023,10,October,4,Thursday,2023-10,961.26,695.76,265.5,27.62,9436.92,Medium Value,961.26
ORD000556,CUST0142,PRD0058,2023-08-21,14.0,45.4,Customer_142,North,Home Office,2024-01-31,Product_58,Electronics,31.27,Bulk,B2B-Home,0.6341463414634146,-1.3750221048631235,2023,8,August,3,Monday,2023-08,635.6,437.78,197.82000000000005,31.12,13403.5,Medium Value,635.6
ORD000557,CUST0120,PRD0025,2024-06-12,8.0,143.9,Customer_120,North,Consumer,2024-01-24,Product_25,Clothing,78.88,Regular,B2C,0.34146341463414637,-0.8955544408083695,2024,6,June,2,Wednesday,2024-06,1151.2,631.04,520.1600000000001,45.18,21611.49,High Value,1151.2
ORD000558,CUST0158,PRD0050,2024-07-24,8.0,285.21,Customer_158,South,Corporate,2024-02-19,Product_50,Clothing,142.8,Regular,B2B,0.34146341463414637,-0.20770088134058018,2024,7,July,3,Wednesday,2024-07,2281.68,1142.4,1139.2799999999997,49.93,18382.7,Medium Value,2281.68
ORD000559,CUST0242,PRD0022,2023-03-31,11.0,365.55,Customer_242,East,Consumer,2023-10-10,Product_22,Office Supplies,230.79,Bulk,B2C,0.4878048780487805,0.18336949561534813,2023,3,March,1,Friday,2023-03,4021.05,2538.69,1482.3600000000001,36.86,29273.95,High Value,4021.05
ORD000560,CUST0068,PRD0052,2024-05-06,12.0,476.07,Customer_68,North,Home Office,2024-01-04,Product_52,Furniture,333.09,Bulk,B2B-Home,0.5365853658536586,0.7213468177608444,2024,5,May,2,Monday,2024-05,5712.84,3997.08,1715.7600000000002,30.03,12091.31,Medium Value,5712.84
ORD000561,CUST0146,PRD0030,2023-07-18,1.0,67.45,Customer_146,East,Corporate,2023-04-02,Product_30,Clothing,50.36,Regular,B2B,0.0,-1.2676894958031506,2023,7,July,3,Tuesday,2023-07,67.45,50.36,17.090000000000003,25.34,14648.6,Medium Value,67.45
ORD000562,CUST0190,PRD0020,2023-12-28,8.0,532.93,Customer_190,South,Home Office,2024-04-30,Product_20,Furniture,372.1,Regular,B2B-Home,0.34146341463414637,0.998123786066969,2023,12,December,4,Thursday,2023-12,4263.44,2976.8,1286.6399999999994,30.18,20038.690000000002,High Value,4263.44
ORD000563,CUST0037,PRD0021,2024-03-16,2.0,472.24,Customer_37,West,Consumer,2024-06-15,Product_21,Office Supplies,224.92,Regular,B2C,0.04878048780487805,0.7027035573209489,2024,3,March,1,Saturday,2024-03,944.48,449.84,494.64000000000004,52.37,26289.41,High Value,944.48
ORD000564,CUST0153,PRD0044,2023-01-26,8.0,162.81,Customer_153,North,Home Office,2023-10-26,Product_44,Electronics,105.58,Regular,B2B-Home,0.34146341463414637,-0.8035063846938985,2023,1,January,1,Thursday,2023-01,1302.48,844.64,457.84000000000003,35.15,15670.85,Medium Value,1302.48
ORD000565,CUST0176,PRD0032,2023-01-25,1.0,216.61,Customer_176,South,Home Office,2022-01-19,Product_32,Electronics,119.01,Regular,B2B-Home,0.0,-0.5416245539716065,2023,1,January,1,Wednesday,2023-01,216.61,119.01,97.60000000000001,45.06,20571.989999999998,High Value,216.61
ORD000566,CUST0193,PRD0051,2024-01-29,12.0,502.39,Customer_193,North,Corporate,2022-05-24,Product_51,Furniture,372.16,Bulk,B2B,0.5365853658536586,0.8494644717498913,2024,1,January,1,Monday,2024-01,6028.68,4465.92,1562.7600000000002,25.92,16156.54,Medium Value,6028.68
ORD000567,CUST0181,PRD0046,2024-05-21,8.0,400.12,Customer_181,North,Corporate,2022-08-21,Product_46,Office Supplies,305.29,Regular,B2B,0.34146341463414637,0.35164560877649365,2024,5,May,2,Tuesday,2024-05,3200.96,2442.32,758.6399999999999,23.7,9609.62,Medium Value,3200.96
ORD000568,CUST0238,PRD0049,2023-10-28,8.0,267.83,Customer_238,South,Corporate,2022-01-29,Product_49,Groceries,167.68,Regular,B2B,0.34146341463414637,-0.29230136866313466,2023,10,October,4,Saturday,2023-10,2142.64,1341.44,801.1999999999998,37.39,15609.16,Medium Value,2142.64
ORD000569,CUST0207,PRD0056,2023-12-05,2.0,711.44,Customer_207,West,Consumer,2022-04-19,Product_56,Groceries,375.64,Regular,B2C,0.04878048780487805,1.8670554887107675,2023,12,December,4,Tuesday,2023-12,1422.88,751.28,671.6000000000001,47.2,12478.16,Medium Value,1422.88
ORD000570,CUST0073,PRD0021,2023-09-24,4.0,472.24,Customer_73,North,Consumer,2024-01-28,Product_21,Office Supplies,224.92,Regular,B2C,0.14634146341463414,0.7027035573209489,2023,9,September,3,Sunday,2023-09,1888.96,899.68,989.2800000000001,52.37,17765.3,Medium Value,1888.96
ORD000571,CUST0143,PRD0035,2024-04-05,6.0,387.88,Customer_143,West,Home Office,2023-11-07,Product_35,Electronics,195.05,Regular,B2B-Home,0.24390243902439024,0.29206505844116176,2024,4,April,2,Friday,2024-04,2327.2799999999997,1170.3000000000002,1156.9799999999996,49.71,25298.78,High Value,2327.2799999999997
ORD000572,CUST0049,PRD0058,2024-11-23,12.0,45.4,Customer_49,South,Home Office,2023-03-11,Product_58,Electronics,31.27,Bulk,B2B-Home,0.5365853658536586,-1.3750221048631235,2024,11,November,4,Saturday,2024-11,544.8,375.24,169.55999999999995,31.12,18717.89,Medium Value,544.8
ORD000573,CUST0121,PRD0032,2024-03-31,11.0,216.61,Customer_121,West,Unknown,2022-02-04,Product_32,Electronics,119.01,Bulk,,0.4878048780487805,-0.5416245539716065,2024,3,March,1,Sunday,2024-03,2382.71,1309.1100000000001,1073.6,45.06,5678.95,Low Value,2382.71
ORD000574,CUST0088,PRD0030,2023-12-26,9.0,67.45,Customer_88,North,Consumer,2022-12-02,Product_30,Clothing,50.36,Regular,B2C,0.3902439024390244,-1.2676894958031506,2023,12,December,4,Tuesday,2023-12,607.0500000000001,453.24,153.81000000000006,25.34,18964.23,Medium Value,607.0500000000001
ORD000575,CUST0196,PRD0055,2023-03-09,8.0,540.73,Customer_196,South,Consumer,2022-04-09,Product_55,Groceries,293.69,Regular,B2C,0.34146341463414637,1.0360917838296808,2023,3,March,1,Thursday,2023-03,4325.84,2349.52,1976.3200000000002,45.69,29994.35,High Value,4325.84
ORD000576,CUST0140,PRD0039,2024-02-16,12.0,112.92,Customer_140,North,Home Office,2023-12-30,Product_39,Electronics,58.09,Bulk,B2B-Home,0.5365853658536586,-1.046355539614626,2024,2,February,1,Friday,2024-02,1355.04,697.08,657.9599999999999,48.56,6014.009999999999,Low Value,1355.04
ORD000577,CUST0187,PRD0049,2024-05-05,8.0,267.83,Customer_187,South,Corporate,2024-01-05,Product_49,Groceries,167.68,Regular,B2B,0.34146341463414637,-0.29230136866313466,2024,5,May,2,Sunday,2024-05,2142.64,1341.44,801.1999999999998,37.39,29348.76,High Value,2142.64
ORD000578,CUST0250,PRD0012,2023-02-18,7.0,78.44,Customer_250,East,Home Office,2022-11-23,Product_12,Furniture,49.26,Regular,B2B-Home,0.2926829268292683,-1.2141935604938943,2023,2,February,1,Saturday,2023-02,549.0799999999999,344.82,204.25999999999993,37.2,9575.7,Medium Value,549.0799999999999
ORD000579,CUST0037,PRD0041,2024-11-17,14.0,700.93,Customer_37,West,Consumer,2024-06-15,Product_41,Furniture,396.03,Bulk,B2C,0.6341463414634146,1.8158960455715238,2024,11,November,4,Sunday,2024-11,9813.019999999999,5544.42,4268.5999999999985,43.5,26289.41,High Value,9813.019999999999
ORD000580,CUST0061,PRD0047,2024-07-17,13.0,491.72,Customer_61,East,Home Office,2023-04-19,Product_47,Furniture,240.28,Bulk,B2B-Home,0.5853658536585366,0.7975261978873105,2024,7,July,3,Wednesday,2024-07,6392.360000000001,3123.64,3268.7200000000007,51.13,12118.570000000002,Medium Value,6392.360000000001
ORD000581,CUST0229,PRD0018,2023-04-12,9.0,141.2,Customer_229,North,Consumer,2022-06-23,Product_18,Groceries,72.5,Regular,B2C,0.3902439024390244,-0.9086972092646928,2023,4,April,2,Wednesday,2023-04,1270.8,652.5,618.3,48.65,17827.010000000002,Medium Value,1270.8
ORD000582,CUST0171,PRD0021,2023-08-04,2.0,472.24,Customer_171,West,Home Office,2024-05-29,Product_21,Office Supplies,224.92,Regular,B2B-Home,0.04878048780487805,0.7027035573209489,2023,8,August,3,Friday,2023-08,944.48,449.84,494.64000000000004,52.37,23186.15,High Value,944.48
ORD000583,CUST0124,PRD0013,2024-03-13,3.0,326.99,Customer_124,East,Corporate,2022-03-31,Product_13,Office Supplies,162.15,Regular,B2B,0.0975609756097561,-0.004328708709030647,2024,3,March,1,Wednesday,2024-03,980.97,486.45000000000005,494.52,50.41,6284.13,Low Value,980.97
ORD000584,CUST0198,PRD0021,2024-11-30,10.0,472.24,Customer_198,West,Home Office,2022-01-25,Product_21,Office Supplies,224.92,Regular,B2B-Home,0.43902439024390244,0.7027035573209489,2024,11,November,4,Saturday,2024-11,4722.4,2249.2,2473.2,52.37,25630.34,High Value,4722.4
ORD000585,CUST0039,PRD0008,2024-07-22,8.0,68.43,Customer_39,North,Consumer,2022-07-08,Product_8,Furniture,36.69,Regular,B2C,0.34146341463414637,-1.2629191576227072,2024,7,July,3,Monday,2024-07,547.44,293.52,253.92000000000007,46.38,22167.1,High Value,547.44
ORD000586,CUST0184,PRD0046,2024-07-12,14.0,400.12,Customer_184,East,Corporate,2023-03-31,Product_46,Office Supplies,305.29,Bulk,B2B,0.6341463414634146,0.35164560877649365,2024,7,July,3,Friday,2024-07,5601.68,4274.06,1327.62,23.7,14288.32,Medium Value,5601.68
ORD000587,CUST0063,PRD0040,2023-06-08,21.5,37.04,Customer_63,North,Consumer,2022-12-07,Product_40,Groceries,30.03,Bulk,B2C,1.0,-1.4157160101575166,2023,6,June,2,Thursday,2023-06,796.36,645.645,150.71500000000003,18.93,14462.820000000002,Medium Value,796.36
ORD000588,CUST0046,PRD0046,2024-05-03,10.0,400.12,Customer_46,West,Home Office,2022-03-17,Product_46,Office Supplies,305.29,Regular,B2B-Home,0.43902439024390244,0.35164560877649365,2024,5,May,2,Friday,2024-05,4001.2,3052.9,948.2999999999997,23.7,28122.76,High Value,4001.2
ORD000589,CUST0088,PRD0007,2024-11-16,9.0,723.68,Customer_88,North,Consumer,2022-12-02,Product_7,Clothing,359.22,Regular,B2C,0.3902439024390244,1.9266360390460988,2024,11,November,4,Saturday,2024-11,6513.12,3232.9800000000005,3280.1399999999994,50.36,18964.23,Medium Value,6513.12
ORD000590,CUST0011,PRD0023,2023-08-30,10.0,201.54,Customer_11,East,Consumer,2024-04-10,Product_23,Electronics,115.59,Regular,B2C,0.43902439024390244,-0.6149806727259736,2023,8,August,3,Wednesday,2023-08,2015.3999999999999,1155.9,859.4999999999998,42.65,20185.96,High Value,2015.3999999999999
ORD000591,CUST0062,PRD0044,2023-01-05,4.0,162.81,Customer_62,East,Corporate,2023-03-08,Product_44,Electronics,105.58,Regular,B2B,0.14634146341463414,-0.8035063846938985,2023,1,January,1,Thursday,2023-01,651.24,422.32,228.92000000000002,35.15,17686.629999999997,Medium Value,651.24
ORD000592,CUST0077,PRD0032,2024-08-18,8.0,216.61,Customer_77,West,Home Office,2022-06-29,Product_32,Electronics,119.01,Regular,B2B-Home,0.34146341463414637,-0.5416245539716065,2024,8,August,3,Sunday,2024-08,1732.88,952.08,780.8000000000001,45.06,13978.36,Medium Value,1732.88
ORD000593,CUST0226,PRD0011,2023-12-27,10.0,816.42,Customer_226,South,Corporate,2022-09-10,Product_11,Groceries,393.04,Regular,B2B,0.43902439024390244,2.3780657970606964,2023,12,December,4,Wednesday,2023-12,8164.2,3930.4,4233.799999999999,51.86,33569.15,High Value,8164.2
ORD000594,CUST0153,PRD0022,2024-04-03,3.0,365.55,Customer_153,North,Home Office,2023-10-26,Product_22,Office Supplies,230.79,Regular,B2B-Home,0.0975609756097561,0.18336949561534813,2024,4,April,2,Wednesday,2024-04,1096.65,692.37,404.2800000000001,36.86,15670.85,Medium Value,1096.65
ORD000595,CUST0199,PRD0022,2023-09-05,3.0,365.55,Customer_199,North,Corporate,2024-06-09,Product_22,Office Supplies,230.79,Regular,B2B,0.0975609756097561,0.18336949561534813,2023,9,September,3,Tuesday,2023-09,1096.65,692.37,404.2800000000001,36.86,26612.1,High Value,1096.65
ORD000596,CUST0052,PRD0043,2024-07-19,8.0,674.74,Customer_52,South,Corporate,2022-10-12,Product_43,Furniture,324.9,Regular,B2B,0.34146341463414637,1.688411191545189,2024,7,July,3,Friday,2024-07,5397.92,2599.2,2798.7200000000003,51.85,9976.42,Medium Value,5397.92
ORD000597,CUST0004,PRD0025,2024-11-03,5.0,143.9,Customer_4,East,Consumer,2023-01-05,Product_25,Clothing,78.88,Regular,B2C,0.1951219512195122,-0.8955544408083695,2024,11,November,4,Sunday,2024-11,719.5,394.4,325.1,45.18,6245.1,Low Value,719.5
ORD000598,CUST0059,PRD0022,2024-02-26,3.0,365.55,Customer_59,East,Consumer,2022-07-23,Product_22,Office Supplies,230.79,Regular,B2C,0.0975609756097561,0.18336949561534813,2024,2,February,1,Monday,2024-02,1096.65,692.37,404.2800000000001,36.86,18452.66,Medium Value,1096.65
ORD000599,CUST0072,PRD0028,2023-01-15,10.0,375.61,Customer_72,South,Consumer,2023-06-06,Product_28,Electronics,205.51,Regular,B2C,0.43902439024390244,0.23233847734520421,2023,1,January,1,Sunday,2023-01,3756.1000000000004,2055.1,1701.0000000000005,45.29,24813.85,High Value,3756.1000000000004
ORD000600,CUST0148,PRD0029,2024-07-26,11.0,154.64,Customer_148,East,Home Office,2024-01-09,Product_29,Furniture,100.75,Bulk,B2B-Home,0.4878048780487805,-0.8432754285043285,2024,7,July,3,Friday,2024-07,1701.04,1108.25,592.79,34.85,13347.279999999999,Medium Value,1701.04
ORD000601,CUST0093,PRD0013,2023-05-02,1.0,326.99,Customer_93,South,Unknown,2022-06-09,Product_13,Office Supplies,162.15,Regular,,0.0,-0.004328708709030647,2023,5,May,2,Tuesday,2023-05,326.99,162.15,164.84,50.41,17045.37,Medium Value,326.99
ORD000602,CUST0063,PRD0018,2023-10-04,3.0,141.2,Customer_63,North,Consumer,2022-12-07,Product_18,Groceries,72.5,Regular,B2C,0.0975609756097561,-0.9086972092646928,2023,10,October,4,Wednesday,2023-10,423.59999999999997,217.5,206.09999999999997,48.65,14462.820000000002,Medium Value,423.59999999999997
ORD000603,CUST0054,PRD0002,2024-07-11,12.0,136.86,Customer_54,West,Corporate,2022-03-10,Product_2,Clothing,102.15,Bulk,B2B,0.5365853658536586,-0.9298229926352269,2024,7,July,3,Thursday,2024-07,1642.3200000000002,1225.8000000000002,416.52,25.36,25861.08,High Value,1642.3200000000002
ORD000604,CUST0117,PRD0029,2024-03-28,9.0,154.64,Customer_117,North,Corporate,2024-06-16,Product_29,Furniture,100.75,Regular,B2B,0.3902439024390244,-0.8432754285043285,2024,3,March,1,Thursday,2024-03,1391.7599999999998,906.75,485.00999999999976,34.85,18738.5,Medium Value,1391.7599999999998
ORD000605,CUST0243,PRD0021,2024-01-25,5.0,472.24,Customer_243,West,Consumer,2023-05-11,Product_21,Office Supplies,224.92,Regular,B2C,0.1951219512195122,0.7027035573209489,2024,1,January,1,Thursday,2024-01,2361.2,1124.6,1236.6,52.37,13410.079999999998,Medium Value,2361.2
ORD000606,CUST0237,PRD0015,2023-10-21,12.0,547.01,Customer_237,South,Home Office,2023-06-01,Product_15,Office Supplies,346.88,Bulk,B2B-Home,0.5365853658536586,1.0666608897206844,2023,10,October,4,Saturday,2023-10,6564.12,4162.5599999999995,2401.5600000000004,36.59,24063.03,High Value,6564.12
ORD000607,CUST0110,PRD0052,2024-07-27,10.0,476.07,Customer_110,East,Consumer,2022-02-12,Product_52,Furniture,333.09,Regular,B2C,0.43902439024390244,0.7213468177608444,2024,7,July,3,Saturday,2024-07,4760.7,3330.8999999999996,1429.8000000000002,30.03,11602.22,Medium Value,4760.7
ORD000608,CUST0074,PRD0027,2024-08-20,2.0,370.3,Customer_74,South,Home Office,2024-04-16,Product_27,Electronics,173.05,Regular,B2B-Home,0.04878048780487805,0.20649103271443522,2024,8,August,3,Tuesday,2024-08,740.6,346.1,394.5,53.27,14716.050000000001,Medium Value,740.6
ORD000609,CUST0107,PRD0050,2024-03-21,7.0,285.21,Customer_107,South,Corporate,2023-02-21,Product_50,Clothing,142.8,Regular,B2B,0.2926829268292683,-0.20770088134058018,2024,3,March,1,Thursday,2024-03,1996.4699999999998,999.6000000000001,996.8699999999997,49.93,10106.86,Medium Value,1996.4699999999998
ORD000610,CUST0226,PRD0031,2023-07-29,2.0,490.91,Customer_226,South,Corporate,2022-09-10,Product_31,Electronics,246.19,Regular,B2B,0.04878048780487805,0.7935833673504136,2023,7,July,3,Saturday,2023-07,981.82,492.38,489.44000000000005,49.85,33569.15,High Value,981.82
ORD000611,CUST0057,PRD0015,2024-08-12,4.0,547.01,Customer_57,West,Home Office,2024-01-20,Product_15,Office Supplies,346.88,Regular,B2B-Home,0.14634146341463414,1.0666608897206844,2024,8,August,3,Monday,2024-08,2188.04,1387.52,800.52,36.59,16352.6,Medium Value,2188.04
ORD000612,CUST0218,PRD0051,2024-12-14,12.0,502.39,Customer_218,North,Home Office,2022-08-23,Product_51,Furniture,372.16,Bulk,B2B-Home,0.5365853658536586,0.8494644717498913,2024,12,December,4,Saturday,2024-12,6028.68,4465.92,1562.7600000000002,25.92,16281.71,Medium Value,6028.68
ORD000613,CUST0169,PRD0023,2023-10-29,21.5,201.54,Customer_169,East,Home Office,2022-03-03,Product_23,Electronics,115.59,Bulk,B2B-Home,1.0,-0.6149806727259736,2023,10,October,4,Sunday,2023-10,4333.11,2485.185,1847.9249999999997,42.65,18288.989999999998,Medium Value,4333.11
ORD000614,CUST0241,PRD0024,2023-08-11,4.0,650.79,Customer_241,South,Consumer,2022-12-05,Product_24,Groceries,308.95,Regular,B2C,0.14634146341463414,1.5718299676455811,2023,8,August,3,Friday,2023-08,2603.16,1235.8,1367.36,52.53,24028.78,High Value,2603.16
ORD000615,CUST0250,PRD0044,2023-01-03,7.0,162.81,Customer_250,East,Home Office,2022-11-23,Product_44,Electronics,105.58,Regular,B2B-Home,0.2926829268292683,-0.8035063846938985,2023,1,January,1,Tuesday,2023-01,1139.67,739.06,400.6100000000001,35.15,9575.7,Medium Value,1139.67
ORD000616,CUST0003,PRD0013,2024-06-01,7.0,326.99,Customer_3,North,Consumer,2022-09-26,Product_13,Office Supplies,162.15,Regular,B2C,0.2926829268292683,-0.004328708709030647,2024,6,June,2,Saturday,2024-06,2288.9300000000003,1135.05,1153.8800000000003,50.41,14395.29,Medium Value,2288.9300000000003
ORD000617,CUST0120,PRD0022,2023-04-03,1.0,365.55,Customer_120,North,Consumer,2024-01-24,Product_22,Office Supplies,230.79,Regular,B2C,0.0,0.18336949561534813,2023,4,April,2,Monday,2023-04,365.55,230.79,134.76000000000002,36.86,21611.49,High Value,365.55
ORD000618,CUST0006,PRD0043,2024-06-03,6.0,674.74,Customer_6,West,Home Office,2022-04-16,Product_43,Furniture,324.9,Regular,B2B-Home,0.24390243902439024,1.688411191545189,2024,6,June,2,Monday,2024-06,4048.44,1949.3999999999999,2099.04,51.85,14393.55,Medium Value,4048.44
ORD000619,CUST0005,PRD0037,2024-03-03,21.5,38.5,Customer_5,East,Home Office,2023-09-28,Product_37,Furniture,25.47,Bulk,B2B-Home,1.0,-1.4086091798070604,2024,3,March,1,Sunday,2024-03,827.75,547.605,280.145,33.84,5899.5199999999995,Low Value,827.75
ORD000620,CUST0005,PRD0033,2024-05-07,2.0,406.65,Customer_5,East,Home Office,2023-09-28,Product_33,Groceries,234.59,Regular,B2B-Home,0.04878048780487805,0.3834316376727122,2024,5,May,2,Tuesday,2024-05,813.3,469.18,344.11999999999995,42.31,5899.5199999999995,Low Value,813.3
ORD000621,CUST0054,PRD0056,2023-08-23,14.0,711.44,Customer_54,West,Corporate,2022-03-10,Product_56,Groceries,375.64,Bulk,B2B,0.6341463414634146,1.8670554887107675,2023,8,August,3,Wednesday,2023-08,9960.16,5258.96,4701.2,47.2,25861.08,High Value,9960.16
ORD000622,CUST0047,PRD0003,2024-09-11,3.0,136.62,Customer_47,West,Home Office,2022-06-03,Product_3,Electronics,68.47,Regular,B2B-Home,0.0975609756097561,-0.9309912387202336,2024,9,September,3,Wednesday,2024-09,409.86,205.41,204.45000000000002,49.88,23461.079999999998,High Value,409.86
ORD000623,CUST0215,PRD0054,2023-06-10,10.0,103.87,Customer_215,East,Corporate,2022-06-12,Product_54,Office Supplies,54.1,Regular,B2B,0.43902439024390244,-1.090408152403413,2023,6,June,2,Saturday,2023-06,1038.7,541.0,497.70000000000005,47.92,28338.03,High Value,1038.7
ORD000624,CUST0177,PRD0019,2024-12-21,5.0,458.22,Customer_177,East,Corporate,2022-06-26,Product_19,Furniture,269.11,Regular,B2B,0.1951219512195122,0.6344585151884856,2024,12,December,4,Saturday,2024-12,2291.1000000000004,1345.5500000000002,945.5500000000002,41.27,11052.95,Medium Value,2291.1000000000004
ORD000625,CUST0009,PRD0023,2023-11-27,9.0,201.54,Customer_9,East,Consumer,2023-10-19,Product_23,Electronics,115.59,Regular,B2C,0.3902439024390244,-0.6149806727259736,2023,11,November,4,Monday,2023-11,1813.86,1040.31,773.55,42.65,21697.53,High Value,1813.86
ORD000626,CUST0099,PRD0029,2023-11-29,4.0,154.64,Customer_99,South,Home Office,2023-01-15,Product_29,Furniture,100.75,Regular,B2B-Home,0.14634146341463414,-0.8432754285043285,2023,11,November,4,Wednesday,2023-11,618.56,403.0,215.55999999999995,34.85,10555.14,Medium Value,618.56
ORD000627,CUST0020,PRD0030,2023-02-19,1.0,67.45,Customer_20,East,Corporate,2024-03-01,Product_30,Clothing,50.36,Regular,B2B,0.0,-1.2676894958031506,2023,2,February,1,Sunday,2023-02,67.45,50.36,17.090000000000003,25.34,11573.93,Medium Value,67.45
ORD000628,CUST0122,PRD0039,2024-06-06,4.0,112.92,Customer_122,North,Consumer,2023-12-28,Product_39,Electronics,58.09,Regular,B2C,0.14634146341463414,-1.046355539614626,2024,6,June,2,Thursday,2024-06,451.68,232.36,219.32,48.56,13334.26,Medium Value,451.68
ORD000629,CUST0241,PRD0044,2024-10-29,6.0,162.81,Customer_241,South,Consumer,2022-12-05,Product_44,Electronics,105.58,Regular,B2C,0.24390243902439024,-0.8035063846938985,2024,10,October,4,Tuesday,2024-10,976.86,633.48,343.38,35.15,24028.78,High Value,976.86
ORD000630,CUST0061,PRD0047,2024-05-06,5.0,491.72,Customer_61,East,Home Office,2023-04-19,Product_47,Furniture,240.28,Regular,B2B-Home,0.1951219512195122,0.7975261978873105,2024,5,May,2,Monday,2024-05,2458.6000000000004,1201.4,1257.2000000000003,51.13,12118.570000000002,Medium Value,2458.6000000000004
ORD000631,CUST0123,PRD0025,2024-08-04,14.0,143.9,Customer_123,South,Consumer,2024-04-28,Product_25,Clothing,78.88,Bulk,B2C,0.6341463414634146,-0.8955544408083695,2024,8,August,3,Sunday,2024-08,2014.6000000000001,1104.32,910.2800000000002,45.18,15292.470000000001,Medium Value,2014.6000000000001
ORD000632,CUST0234,PRD0037,2024-11-11,13.0,38.5,Customer_234,West,Consumer,2024-03-05,Product_37,Furniture,25.47,Bulk,B2C,0.5853658536585366,-1.4086091798070604,2024,11,November,4,Monday,2024-11,500.5,331.11,169.39,33.84,11286.880000000001,Medium Value,500.5
ORD000633,CUST0163,PRD0047,2023-09-29,1.0,491.72,Customer_163,West,Consumer,2022-08-05,Product_47,Furniture,240.28,Regular,B2C,0.0,0.7975261978873105,2023,9,September,3,Friday,2023-09,491.72,240.28,251.44000000000003,51.13,3308.28,Low Value,491.72
ORD000634,CUST0178,PRD0008,2024-08-02,4.0,68.43,Customer_178,East,Consumer,2023-09-04,Product_8,Furniture,36.69,Regular,B2C,0.14634146341463414,-1.2629191576227072,2024,8,August,3,Friday,2024-08,273.72,146.76,126.96000000000004,46.38,13094.699999999999,Medium Value,273.72
ORD000635,CUST0082,PRD0042,2023-09-09,6.0,259.69,Customer_82,West,Home Office,2023-08-31,Product_42,Clothing,132.33,Regular,B2B-Home,0.24390243902439024,-0.33192438171293864,2023,9,September,3,Saturday,2023-09,1558.1399999999999,793.98,764.1599999999999,49.04,15303.380000000001,Medium Value,1558.1399999999999
ORD000636,CUST0062,PRD0058,2024-07-13,13.0,45.4,Customer_62,East,Corporate,2023-03-08,Product_58,Electronics,31.27,Bulk,B2B,0.5853658536585366,-1.3750221048631235,2024,7,July,3,Saturday,2024-07,590.1999999999999,406.51,183.68999999999994,31.12,17686.629999999997,Medium Value,590.1999999999999
ORD000637,CUST0145,PRD0016,2024-11-26,10.0,544.93,Customer_145,West,Consumer,2024-05-18,Product_16,Office Supplies,327.74,Regular,B2C,0.43902439024390244,1.0565360903172945,2024,11,November,4,Tuesday,2024-11,5449.299999999999,3277.4,2171.899999999999,39.86,28262.845,High Value,5449.299999999999
ORD000638,CUST0216,PRD0008,2024-11-29,10.0,68.43,Customer_216,North,Home Office,2022-08-03,Product_8,Furniture,36.69,Regular,B2B-Home,0.43902439024390244,-1.2629191576227072,2024,11,November,4,Friday,2024-11,684.3000000000001,366.9,317.4000000000001,46.38,14688.54,Medium Value,684.3000000000001
ORD000639,CUST0003,PRD0001,2023-03-31,14.0,133.49,Customer_3,North,Consumer,2022-09-26,Product_1,Furniture,65.38,Bulk,B2C,0.6341463414634146,-0.9462271147455267,2023,3,March,1,Friday,2023-03,1868.8600000000001,915.3199999999999,953.5400000000002,51.02,14395.29,Medium Value,1868.8600000000001
ORD000640,CUST0160,PRD0044,2024-03-21,4.0,162.81,Customer_160,West,Corporate,2023-11-26,Product_44,Electronics,105.58,Regular,B2B,0.14634146341463414,-0.8035063846938985,2024,3,March,1,Thursday,2024-03,651.24,422.32,228.92000000000002,35.15,13726.23,Medium Value,651.24
ORD000641,CUST0227,PRD0005,2023-11-28,14.0,160.38,Customer_227,North,Home Office,2022-08-18,Product_5,Office Supplies,117.61,Bulk,B2B-Home,0.6341463414634146,-0.8153348763045895,2023,11,November,4,Tuesday,2023-11,2245.3199999999997,1646.54,598.7799999999997,26.67,26700.985,High Value,2245.3199999999997
ORD000642,CUST0230,PRD0003,2023-05-19,9.0,136.62,Customer_230,North,Corporate,2023-10-15,Product_3,Electronics,68.47,Regular,B2B,0.3902439024390244,-0.9309912387202336,2023,5,May,2,Friday,2023-05,1229.58,616.23,613.3499999999999,49.88,3446.52,Low Value,1229.58
ORD000643,CUST0013,PRD0001,2023-12-23,5.0,133.49,Customer_13,East,Home Office,2023-08-27,Product_1,Furniture,65.38,Regular,B2B-Home,0.1951219512195122,-0.9462271147455267,2023,12,December,4,Saturday,2023-12,667.45,326.9,340.55000000000007,51.02,12595.68,Medium Value,667.45
ORD000644,CUST0120,PRD0004,2024-08-23,8.0,110.29,Customer_120,North,Consumer,2024-01-24,Product_4,Electronics,78.69,Regular,B2C,0.34146341463414637,-1.059157569629489,2024,8,August,3,Friday,2024-08,882.32,629.52,252.80000000000007,28.65,21611.49,High Value,882.32
ORD000645,CUST0125,PRD0040,2023-10-01,9.0,37.04,Customer_125,North,Consumer,2024-02-15,Product_40,Groceries,30.03,Regular,B2C,0.3902439024390244,-1.4157160101575166,2023,10,October,4,Sunday,2023-10,333.36,270.27,63.09000000000003,18.93,15735.99,Medium Value,333.36
ORD000646,CUST0239,PRD0035,2023-01-19,10.0,387.88,Customer_239,East,Home Office,2022-06-14,Product_35,Electronics,195.05,Regular,B2B-Home,0.43902439024390244,0.29206505844116176,2023,1,January,1,Thursday,2023-01,3878.8,1950.5,1928.3000000000002,49.71,38168.37,High Value,3878.8
ORD000647,CUST0089,PRD0032,2023-11-07,5.0,216.61,Customer_89,West,Consumer,2024-01-29,Product_32,Electronics,119.01,Regular,B2C,0.1951219512195122,-0.5416245539716065,2023,11,November,4,Tuesday,2023-11,1083.0500000000002,595.0500000000001,488.0000000000001,45.06,15199.720000000001,Medium Value,1083.0500000000002
ORD000648,CUST0073,PRD0042,2023-06-03,6.0,259.69,Customer_73,North,Consumer,2024-01-28,Product_42,Clothing,132.33,Regular,B2C,0.24390243902439024,-0.33192438171293864,2023,6,June,2,Saturday,2023-06,1558.1399999999999,793.98,764.1599999999999,49.04,17765.3,Medium Value,1558.1399999999999
ORD000649,CUST0068,PRD0034,2024-01-25,1.0,138.13,Customer_68,North,Home Office,2024-01-04,Product_34,Clothing,65.97,Regular,B2B-Home,0.0,-0.9236410237687344,2024,1,January,1,Thursday,2024-01,138.13,65.97,72.16,52.24,12091.31,Medium Value,138.13
ORD000650,CUST0142,PRD0043,2023-09-17,11.0,674.74,Customer_142,North,Home Office,2024-01-31,Product_43,Furniture,324.9,Bulk,B2B-Home,0.4878048780487805,1.688411191545189,2023,9,September,3,Sunday,2023-09,7422.14,3573.8999999999996,3848.2400000000007,51.85,13403.5,Medium Value,7422.14
ORD000651,CUST0101,PRD0025,2024-09-11,12.0,143.9,Customer_101,East,Home Office,2023-11-22,Product_25,Clothing,78.88,Bulk,B2B-Home,0.5365853658536586,-0.8955544408083695,2024,9,September,3,Wednesday,2024-09,1726.8000000000002,946.56,780.2400000000002,45.18,3627.76,Low Value,1726.8000000000002
ORD000652,CUST0098,PRD0010,2024-07-24,7.0,260.5,Customer_98,West,Consumer,2023-11-06,Product_10,Furniture,167.11,Regular,B2C,0.2926829268292683,-0.32798155117604166,2024,7,July,3,Wednesday,2024-07,1823.5,1169.77,653.73,35.85,26418.614999999998,High Value,1823.5
ORD000653,CUST0011,PRD0021,2023-05-05,4.0,472.24,Customer_11,East,Consumer,2024-04-10,Product_21,Office Supplies,224.92,Regular,B2C,0.14634146341463414,0.7027035573209489,2023,5,May,2,Friday,2023-05,1888.96,899.68,989.2800000000001,52.37,20185.96,High Value,1888.96
ORD000654,CUST0105,PRD0046,2023-12-20,11.0,400.12,Customer_105,South,Consumer,2024-04-14,Product_46,Office Supplies,305.29,Bulk,B2C,0.4878048780487805,0.35164560877649365,2023,12,December,4,Wednesday,2023-12,4401.32,3358.19,1043.1299999999997,23.7,15387.39,Medium Value,4401.32
ORD000655,CUST0184,PRD0039,2023-09-30,2.0,112.92,Customer_184,East,Corporate,2023-03-31,Product_39,Electronics,58.09,Regular,B2B,0.04878048780487805,-1.046355539614626,2023,9,September,3,Saturday,2023-09,225.84,116.18,109.66,48.56,14288.32,Medium Value,225.84
ORD000656,CUST0067,PRD0027,2024-09-10,5.0,370.3,Customer_67,West,Corporate,2022-09-11,Product_27,Electronics,173.05,Regular,B2B,0.1951219512195122,0.20649103271443522,2024,9,September,3,Tuesday,2024-09,1851.5,865.25,986.25,53.27,7942.08,Low Value,1851.5
ORD000657,CUST0123,PRD0027,2023-09-02,12.0,370.3,Customer_123,South,Consumer,2024-04-28,Product_27,Electronics,173.05,Bulk,B2C,0.5365853658536586,0.20649103271443522,2023,9,September,3,Saturday,2023-09,4443.6,2076.6000000000004,2367.0,53.27,15292.470000000001,Medium Value,4443.6
ORD000658,CUST0220,PRD0002,2024-03-25,3.0,136.86,Customer_220,East,Corporate,2023-10-20,Product_2,Clothing,102.15,Regular,B2B,0.0975609756097561,-0.9298229926352269,2024,3,March,1,Monday,2024-03,410.58000000000004,306.45000000000005,104.13,25.36,15534.15,Medium Value,410.58000000000004
ORD000659,CUST0029,PRD0041,2023-09-04,6.0,700.93,Customer_29,West,Consumer,2022-04-06,Product_41,Furniture,396.03,Regular,B2C,0.24390243902439024,1.8158960455715238,2023,9,September,3,Monday,2023-09,4205.58,2376.18,1829.4,43.5,35541.26,High Value,4205.58
ORD000660,CUST0137,PRD0048,2024-06-03,8.0,253.91,Customer_137,North,Corporate,2023-02-17,Product_48,Electronics,191.27,Regular,B2B,0.34146341463414637,-0.360059641593512,2024,6,June,2,Monday,2024-06,2031.28,1530.16,501.1199999999999,24.67,9525.82,Medium Value,2031.28
ORD000661,CUST0195,PRD0013,2023-05-21,7.0,326.99,Customer_195,East,Consumer,2022-03-10,Product_13,Office Supplies,162.15,Regular,B2C,0.2926829268292683,-0.004328708709030647,2023,5,May,2,Sunday,2023-05,2288.9300000000003,1135.05,1153.8800000000003,50.41,27758.170000000002,High Value,2288.9300000000003
ORD000662,CUST0153,PRD0009,2023-12-28,3.0,365.6,Customer_153,North,Home Office,2023-10-26,Product_9,Clothing,212.18,Regular,B2B-Home,0.0975609756097561,0.1836128802163912,2023,12,December,4,Thursday,2023-12,1096.8000000000002,636.54,460.2600000000002,41.96,15670.85,Medium Value,1096.8000000000002
ORD000663,CUST0226,PRD0052,2023-01-08,8.0,476.07,Customer_226,South,Corporate,2022-09-10,Product_52,Furniture,333.09,Regular,B2B,0.34146341463414637,0.7213468177608444,2023,1,January,1,Sunday,2023-01,3808.56,2664.72,1143.8400000000001,30.03,33569.15,High Value,3808.56
ORD000664,CUST0076,PRD0036,2024-04-22,2.0,291.11,Customer_76,South,Consumer,2024-03-12,Product_36,Clothing,215.37,Regular,B2C,0.04878048780487805,-0.17898149841750338,2024,4,April,2,Monday,2024-04,582.22,430.74,151.48000000000002,26.02,13324.84,Medium Value,582.22
ORD000665,CUST0170,PRD0022,2023-12-18,10.0,365.55,Customer_170,South,Consumer,2023-08-19,Product_22,Office Supplies,230.79,Regular,B2C,0.43902439024390244,0.18336949561534813,2023,12,December,4,Monday,2023-12,3655.5,2307.9,1347.6,36.86,14979.23,Medium Value,3655.5
ORD000666,CUST0009,PRD0042,2024-05-09,9.0,259.69,Customer_9,East,Consumer,2023-10-19,Product_42,Clothing,132.33,Regular,B2C,0.3902439024390244,-0.33192438171293864,2024,5,May,2,Thursday,2024-05,2337.21,1190.97,1146.24,49.04,21697.53,High Value,2337.21
ORD000667,CUST0207,PRD0026,2024-08-28,4.0,174.95,Customer_207,West,Consumer,2022-04-19,Product_26,Furniture,132.85,Regular,B2C,0.14634146341463414,-0.7444126035606528,2024,8,August,3,Wednesday,2024-08,699.8,531.4,168.39999999999998,24.06,12478.16,Medium Value,699.8
ORD000668,CUST0040,PRD0058,2024-03-02,1.0,45.4,Customer_40,East,Home Office,2023-12-05,Product_58,Electronics,31.27,Regular,B2B-Home,0.0,-1.3750221048631235,2024,3,March,1,Saturday,2024-03,45.4,31.27,14.129999999999999,31.12,15046.16,Medium Value,45.4
ORD000669,CUST0025,PRD0054,2023-02-08,8.0,103.87,Customer_25,West,Corporate,2023-09-26,Product_54,Office Supplies,54.1,Regular,B2B,0.34146341463414637,-1.090408152403413,2023,2,February,1,Wednesday,2023-02,830.96,432.8,398.16,47.92,14677.33,Medium Value,830.96
ORD000670,CUST0005,PRD0012,2024-08-15,8.0,78.44,Customer_5,East,Home Office,2023-09-28,Product_12,Furniture,49.26,Regular,B2B-Home,0.34146341463414637,-1.2141935604938943,2024,8,August,3,Thursday,2024-08,627.52,394.08,233.44,37.2,5899.5199999999995,Low Value,627.52
ORD000671,CUST0139,PRD0017,2023-07-06,11.0,160.45,Customer_139,East,Consumer,2023-02-24,Product_17,Clothing,106.87,Bulk,B2C,0.4878048780487805,-0.8149941378631292,2023,7,July,3,Thursday,2023-07,1764.9499999999998,1175.5700000000002,589.3799999999997,33.39,10697.31,Medium Value,1764.9499999999998
ORD000672,CUST0187,PRD0014,2024-08-18,13.0,635.89,Customer_187,South,Corporate,2024-01-05,Product_14,Office Supplies,387.94,Bulk,B2B,0.5853658536585366,1.4993013565347606,2024,8,August,3,Sunday,2024-08,8266.57,5043.22,3223.3499999999995,38.99,29348.76,High Value,8266.57
ORD000673,CUST0226,PRD0014,2024-08-22,5.0,635.89,Customer_226,South,Corporate,2022-09-10,Product_14,Office Supplies,387.94,Regular,B2B,0.1951219512195122,1.4993013565347606,2024,8,August,3,Thursday,2024-08,3179.45,1939.7,1239.7499999999998,38.99,33569.15,High Value,3179.45
ORD000674,CUST0216,PRD0057,2023-04-03,10.0,133.48,Customer_216,North,Home Office,2022-08-03,Product_57,Electronics,76.59,Regular,B2B-Home,0.43902439024390244,-0.9462757916657354,2023,4,April,2,Monday,2023-04,1334.8,765.9000000000001,568.8999999999999,42.62,14688.54,Medium Value,1334.8
ORD000675,CUST0124,PRD0034,2023-03-27,13.0,138.13,Customer_124,East,Corporate,2022-03-31,Product_34,Clothing,65.97,Bulk,B2B,0.5853658536585366,-0.9236410237687344,2023,3,March,1,Monday,2023-03,1795.69,857.61,938.08,52.24,6284.13,Low Value,1795.69
ORD000676,CUST0207,PRD0053,2023-02-13,5.0,742.35,Customer_207,West,Consumer,2022-04-19,Product_53,Office Supplies,386.19,Regular,B2C,0.1951219512195122,2.0175158490755636,2023,2,February,1,Monday,2023-02,3711.75,1930.95,1780.8,47.98,12478.16,Medium Value,3711.75
ORD000677,CUST0038,PRD0057,2023-05-17,7.0,133.48,Customer_38,North,Consumer,2022-09-29,Product_57,Electronics,76.59,Regular,B2C,0.2926829268292683,-0.9462757916657354,2023,5,May,2,Wednesday,2023-05,934.3599999999999,536.13,398.2299999999999,42.62,19394.91,Medium Value,934.3599999999999
ORD000678,CUST0072,PRD0020,2024-02-25,5.0,532.93,Customer_72,South,Consumer,2023-06-06,Product_20,Furniture,372.1,Regular,B2C,0.1951219512195122,0.998123786066969,2024,2,February,1,Sunday,2024-02,2664.6499999999996,1860.5,804.1499999999996,30.18,24813.85,High Value,2664.6499999999996
ORD000679,CUST0133,PRD0011,2023-03-15,8.0,816.42,Customer_133,North,Home Office,2023-05-16,Product_11,Groceries,393.04,Regular,B2B-Home,0.34146341463414637,2.3780657970606964,2023,3,March,1,Wednesday,2023-03,6531.36,3144.32,3387.0399999999995,51.86,27927.370000000003,High Value,6531.36
ORD000680,CUST0176,PRD0016,2024-07-01,11.0,544.93,Customer_176,South,Home Office,2022-01-19,Product_16,Office Supplies,327.74,Bulk,B2B-Home,0.4878048780487805,1.0565360903172945,2024,7,July,3,Monday,2024-07,5994.23,3605.1400000000003,2389.0899999999992,39.86,20571.989999999998,High Value,5994.23
ORD000681,CUST0090,PRD0051,2024-09-04,13.0,502.39,Customer_90,South,Corporate,2022-09-15,Product_51,Furniture,372.16,Bulk,B2B,0.5853658536585366,0.8494644717498913,2024,9,September,3,Wednesday,2024-09,6531.07,4838.08,1692.9899999999998,25.92,18871.21,Medium Value,6531.07
ORD000682,CUST0146,PRD0031,2024-05-26,6.0,490.91,Customer_146,East,Corporate,2023-04-02,Product_31,Electronics,246.19,Regular,B2B,0.24390243902439024,0.7935833673504136,2024,5,May,2,Sunday,2024-05,2945.46,1477.1399999999999,1468.3200000000002,49.85,14648.6,Medium Value,2945.46
ORD000683,CUST0198,PRD0055,2023-06-05,13.0,540.73,Customer_198,West,Home Office,2022-01-25,Product_55,Groceries,293.69,Bulk,B2B-Home,0.5853658536585366,1.0360917838296808,2023,6,June,2,Monday,2023-06,7029.49,3817.97,3211.52,45.69,25630.34,High Value,7029.49
ORD000684,CUST0037,PRD0006,2023-09-12,5.0,100.25,Customer_37,West,Consumer,2024-06-15,Product_6,Groceries,73.48,Regular,B2C,0.1951219512195122,-1.108029197518928,2023,9,September,3,Tuesday,2023-09,501.25,367.40000000000003,133.84999999999997,26.7,26289.41,High Value,501.25
ORD000685,CUST0060,PRD0056,2023-06-20,9.0,711.44,Customer_60,North,Consumer,2022-08-06,Product_56,Groceries,375.64,Regular,B2C,0.3902439024390244,1.8670554887107675,2023,6,June,2,Tuesday,2023-06,6402.960000000001,3380.7599999999998,3022.200000000001,47.2,22112.15,High Value,6402.960000000001
ORD000686,CUST0176,PRD0019,2024-12-28,11.0,291.11,Customer_176,South,Home Office,2022-01-19,Product_19,Furniture,269.11,Bulk,B2B-Home,0.4878048780487805,-0.17898149841750338,2024,12,December,4,Saturday,2024-12,3202.21,2960.21,242.0,7.56,20571.989999999998,High Value,3202.21
ORD000687,CUST0205,PRD0037,2023-06-19,2.0,38.5,Customer_205,West,Home Office,2023-07-23,Product_37,Furniture,25.47,Regular,B2B-Home,0.04878048780487805,-1.4086091798070604,2023,6,June,2,Monday,2023-06,77.0,50.94,26.060000000000002,33.84,14569.19,Medium Value,77.0
ORD000688,CUST0028,PRD0058,2023-11-18,1.0,45.4,Customer_28,South,Consumer,2024-03-12,Product_58,Electronics,31.27,Regular,B2C,0.0,-1.3750221048631235,2023,11,November,4,Saturday,2023-11,45.4,31.27,14.129999999999999,31.12,5300.620000000001,Low Value,45.4
ORD000689,CUST0197,PRD0004,2024-07-20,8.0,110.29,Customer_197,South,Consumer,2023-01-31,Product_4,Electronics,78.69,Regular,B2C,0.34146341463414637,-1.059157569629489,2024,7,July,3,Saturday,2024-07,882.32,629.52,252.80000000000007,28.65,5776.68,Low Value,882.32
ORD000690,CUST0205,PRD0047,2024-03-31,12.0,491.72,Customer_205,West,Home Office,2023-07-23,Product_47,Furniture,240.28,Bulk,B2B-Home,0.5365853658536586,0.7975261978873105,2024,3,March,1,Sunday,2024-03,5900.64,2883.36,3017.28,51.13,14569.19,Medium Value,5900.64
ORD000691,CUST0081,PRD0004,2024-08-25,3.0,110.29,Customer_81,East,Home Office,2023-03-18,Product_4,Electronics,78.69,Regular,B2B-Home,0.0975609756097561,-1.059157569629489,2024,8,August,3,Sunday,2024-08,330.87,236.07,94.80000000000001,28.65,6797.1900000000005,Low Value,330.87
ORD000692,CUST0114,PRD0020,2024-09-04,14.0,532.93,Customer_114,South,Corporate,2022-01-12,Product_20,Furniture,372.1,Bulk,B2B,0.6341463414634146,0.998123786066969,2024,9,September,3,Wednesday,2024-09,7461.0199999999995,5209.400000000001,2251.619999999999,30.18,27783.88,High Value,7461.0199999999995
ORD000693,CUST0040,PRD0010,2023-06-04,11.0,260.5,Customer_40,East,Home Office,2023-12-05,Product_10,Furniture,167.11,Bulk,B2B-Home,0.4878048780487805,-0.32798155117604166,2023,6,June,2,Sunday,2023-06,2865.5,1838.21,1027.29,35.85,15046.16,Medium Value,2865.5
ORD000694,CUST0045,PRD0024,2023-12-15,12.0,650.79,Customer_45,West,Corporate,2022-09-04,Product_24,Groceries,308.95,Bulk,B2B,0.5365853658536586,1.5718299676455811,2023,12,December,4,Friday,2023-12,7809.48,3707.3999999999996,4102.08,52.53,29981.27,High Value,7809.48
ORD000695,CUST0224,PRD0054,2024-03-26,12.0,103.87,Customer_224,West,Home Office,2022-03-15,Product_54,Office Supplies,54.1,Bulk,B2B-Home,0.5365853658536586,-1.090408152403413,2024,3,March,1,Tuesday,2024-03,1246.44,649.2,597.24,47.92,9256.22,Low Value,1246.44
ORD000696,CUST0062,PRD0035,2024-10-14,12.0,387.88,Customer_62,East,Corporate,2023-03-08,Product_35,Electronics,195.05,Bulk,B2B,0.5365853658536586,0.29206505844116176,2024,10,October,4,Monday,2024-10,4654.5599999999995,2340.6000000000004,2313.959999999999,49.71,17686.629999999997,Medium Value,4654.5599999999995
ORD000697,CUST0093,PRD0026,2023-06-22,7.0,174.95,Customer_93,South,Unknown,2022-06-09,Product_26,Furniture,132.85,Regular,,0.2926829268292683,-0.7444126035606528,2023,6,June,2,Thursday,2023-06,1224.6499999999999,929.9499999999999,294.69999999999993,24.06,17045.37,Medium Value,1224.6499999999999
ORD000698,CUST0115,PRD0037,2023-01-10,10.0,38.5,Customer_115,East,Corporate,2023-08-30,Product_37,Furniture,25.47,Regular,B2B,0.43902439024390244,-1.4086091798070604,2023,1,January,1,Tuesday,2023-01,385.0,254.7,130.3,33.84,19580.71,High Value,385.0
ORD000699,CUST0186,PRD0038,2023-09-22,13.0,199.83,Customer_186,North,Home Office,2023-12-19,Product_38,Office Supplies,137.96,Bulk,B2B-Home,0.5853658536585366,-0.6233044260816448,2023,9,September,3,Friday,2023-09,2597.79,1793.48,804.31,30.96,4978.91,Low Value,2597.79
ORD000700,CUST0067,PRD0021,2024-03-13,11.0,472.24,Customer_67,West,Corporate,2022-09-11,Product_21,Office Supplies,224.92,Bulk,B2B,0.4878048780487805,0.7027035573209489,2024,3,March,1,Wednesday,2024-03,5194.64,2474.12,2720.5200000000004,52.37,7942.08,Low Value,5194.64
ORD000701,CUST0056,PRD0054,2023-09-04,8.0,103.87,Customer_56,West,Corporate,2022-04-04,Product_54,Office Supplies,54.1,Regular,B2B,0.34146341463414637,-1.090408152403413,2023,9,September,3,Monday,2023-09,830.96,432.8,398.16,47.92,19286.059999999998,Medium Value,830.96
ORD000702,CUST0040,PRD0040,2024-10-28,13.0,37.04,Customer_40,East,Home Office,2023-12-05,Product_40,Groceries,30.03,Bulk,B2B-Home,0.5853658536585366,-1.4157160101575166,2024,10,October,4,Monday,2024-10,481.52,390.39,91.13,18.93,15046.16,Medium Value,481.52
ORD000703,CUST0098,PRD0039,2024-06-29,13.0,112.92,Customer_98,West,Consumer,2023-11-06,Product_39,Electronics,58.09,Bulk,B2C,0.5853658536585366,-1.046355539614626,2024,6,June,2,Saturday,2024-06,1467.96,755.1700000000001,712.79,48.56,26418.614999999998,High Value,1467.96
ORD000704,CUST0040,PRD0021,2024-05-13,6.0,472.24,Customer_40,East,Home Office,2023-12-05,Product_21,Office Supplies,224.92,Regular,B2B-Home,0.24390243902439024,0.7027035573209489,2024,5,May,2,Monday,2024-05,2833.44,1349.52,1483.92,52.37,15046.16,Medium Value,2833.44
ORD000705,CUST0091,PRD0010,2023-05-09,12.0,260.5,Customer_91,West,Consumer,2023-05-12,Product_10,Furniture,167.11,Bulk,B2C,0.5365853658536586,-0.32798155117604166,2023,5,May,2,Tuesday,2023-05,3126.0,2005.3200000000002,1120.6799999999998,35.85,4042.44,Low Value,3126.0
ORD000706,CUST0205,PRD0038,2024-11-02,10.0,199.83,Customer_205,West,Home Office,2023-07-23,Product_38,Office Supplies,137.96,Regular,B2B-Home,0.43902439024390244,-0.6233044260816448,2024,11,November,4,Saturday,2024-11,1998.3000000000002,1379.6000000000001,618.7,30.96,14569.19,Medium Value,1998.3000000000002
ORD000707,CUST0237,PRD0046,2024-08-23,14.0,400.12,Customer_237,South,Home Office,2023-06-01,Product_46,Office Supplies,305.29,Bulk,B2B-Home,0.6341463414634146,0.35164560877649365,2024,8,August,3,Friday,2024-08,5601.68,4274.06,1327.62,23.7,24063.03,High Value,5601.68
ORD000708,CUST0033,PRD0004,2024-08-27,9.0,110.29,Customer_33,West,Corporate,2023-08-24,Product_4,Electronics,78.69,Regular,B2B,0.3902439024390244,-1.059157569629489,2024,8,August,3,Tuesday,2024-08,992.61,708.21,284.4,28.65,7098.120000000001,Low Value,992.61
ORD000709,CUST0006,PRD0060,2023-11-23,7.0,320.42,Customer_6,West,Home Office,2022-04-16,Product_60,Groceries,231.92,Regular,B2B-Home,0.2926829268292683,-0.036309445286083736,2023,11,November,4,Thursday,2023-11,2242.94,1623.4399999999998,619.5000000000002,27.62,14393.55,Medium Value,2242.94
ORD000710,CUST0216,PRD0057,2024-02-08,10.0,133.48,Customer_216,North,Home Office,2022-08-03,Product_57,Electronics,76.59,Regular,B2B-Home,0.43902439024390244,-0.9462757916657354,2024,2,February,1,Thursday,2024-02,1334.8,765.9000000000001,568.8999999999999,42.62,14688.54,Medium Value,1334.8
ORD000711,CUST0147,PRD0045,2024-09-20,5.0,554.21,Customer_147,East,Consumer,2022-07-11,Product_45,Clothing,274.19,Regular,B2C,0.1951219512195122,1.1017082722708798,2024,9,September,3,Friday,2024-09,2771.05,1370.95,1400.1000000000001,50.53,15997.035,Medium Value,2771.05
ORD000712,CUST0080,PRD0020,2024-08-28,8.0,532.93,Customer_80,West,Corporate,2023-10-21,Product_20,Furniture,372.1,Regular,B2B,0.34146341463414637,0.998123786066969,2024,8,August,3,Wednesday,2024-08,4263.44,2976.8,1286.6399999999994,30.18,20842.22,High Value,4263.44
ORD000713,CUST0168,PRD0017,2024-11-05,2.0,160.45,Customer_168,East,Home Office,2024-05-30,Product_17,Clothing,106.87,Regular,B2B-Home,0.04878048780487805,-0.8149941378631292,2024,11,November,4,Tuesday,2024-11,320.9,213.74,107.15999999999997,33.39,8955.15,Low Value,320.9
ORD000714,CUST0092,PRD0055,2024-09-02,8.0,540.73,Customer_92,West,Corporate,2024-06-14,Product_55,Groceries,293.69,Regular,B2B,0.34146341463414637,1.0360917838296808,2024,9,September,3,Monday,2024-09,4325.84,2349.52,1976.3200000000002,45.69,32693.739999999998,High Value,4325.84
ORD000715,CUST0097,PRD0007,2024-09-16,4.0,723.68,Customer_97,South,Consumer,2023-11-21,Product_7,Clothing,359.22,Regular,B2C,0.14634146341463414,1.9266360390460988,2024,9,September,3,Monday,2024-09,2894.72,1436.88,1457.8399999999997,50.36,12131.01,Medium Value,2894.72
ORD000716,CUST0059,PRD0004,2023-12-25,9.0,110.29,Customer_59,East,Consumer,2022-07-23,Product_4,Electronics,78.69,Regular,B2C,0.3902439024390244,-1.059157569629489,2023,12,December,4,Monday,2023-12,992.61,708.21,284.4,28.65,18452.66,Medium Value,992.61
ORD000717,CUST0059,PRD0029,2024-08-25,12.0,154.64,Customer_59,East,Consumer,2022-07-23,Product_29,Furniture,100.75,Bulk,B2C,0.5365853658536586,-0.8432754285043285,2024,8,August,3,Sunday,2024-08,1855.6799999999998,1209.0,646.6799999999998,34.85,18452.66,Medium Value,1855.6799999999998
ORD000718,CUST0048,PRD0014,2024-12-18,1.0,635.89,Customer_48,East,Home Office,2023-10-18,Product_14,Office Supplies,387.94,Regular,B2B-Home,0.0,1.4993013565347606,2024,12,December,4,Wednesday,2024-12,635.89,387.94,247.95,38.99,4421.28,Low Value,635.89
ORD000719,CUST0169,PRD0003,2023-01-17,7.0,136.62,Customer_169,East,Home Office,2022-03-03,Product_3,Electronics,68.47,Regular,B2B-Home,0.2926829268292683,-0.9309912387202336,2023,1,January,1,Tuesday,2023-01,956.34,479.28999999999996,477.05000000000007,49.88,18288.989999999998,Medium Value,956.34
ORD000720,CUST0013,PRD0024,2023-10-01,6.0,650.79,Customer_13,East,Home Office,2023-08-27,Product_24,Groceries,308.95,Regular,B2B-Home,0.24390243902439024,1.5718299676455811,2023,10,October,4,Sunday,2023-10,3904.74,1853.6999999999998,2051.04,52.53,12595.68,Medium Value,3904.74
ORD000721,CUST0107,PRD0037,2024-11-15,8.0,38.5,Customer_107,South,Corporate,2023-02-21,Product_37,Furniture,25.47,Regular,B2B,0.34146341463414637,-1.4086091798070604,2024,11,November,4,Friday,2024-11,308.0,203.76,104.24000000000001,33.84,10106.86,Medium Value,308.0
ORD000722,CUST0045,PRD0016,2023-04-26,5.0,544.93,Customer_45,West,Corporate,2022-09-04,Product_16,Office Supplies,327.74,Regular,B2B,0.1951219512195122,1.0565360903172945,2023,4,April,2,Wednesday,2023-04,2724.6499999999996,1638.7,1085.9499999999996,39.86,29981.27,High Value,2724.6499999999996
ORD000723,CUST0089,PRD0058,2024-11-23,1.0,45.4,Customer_89,West,Consumer,2024-01-29,Product_58,Electronics,31.27,Regular,B2C,0.0,-1.3750221048631235,2024,11,November,4,Saturday,2024-11,45.4,31.27,14.129999999999999,31.12,15199.720000000001,Medium Value,45.4
ORD000724,CUST0181,PRD0055,2023-04-01,1.0,540.73,Customer_181,North,Corporate,2022-08-21,Product_55,Groceries,293.69,Regular,B2B,0.0,1.0360917838296808,2023,4,April,2,Saturday,2023-04,540.73,293.69,247.04000000000002,45.69,9609.62,Medium Value,540.73
ORD000725,CUST0170,PRD0052,2023-03-23,9.0,476.07,Customer_170,South,Consumer,2023-08-19,Product_52,Furniture,333.09,Regular,B2C,0.3902439024390244,0.7213468177608444,2023,3,March,1,Thursday,2023-03,4284.63,2997.81,1286.8200000000002,30.03,14979.23,Medium Value,4284.63
ORD000726,CUST0100,PRD0004,2023-11-20,10.0,110.29,Customer_100,North,Home Office,2023-06-29,Product_4,Electronics,78.69,Regular,B2B-Home,0.43902439024390244,-1.059157569629489,2023,11,November,4,Monday,2023-11,1102.9,786.9,316.0000000000001,28.65,21793.51,High Value,1102.9
ORD000727,CUST0191,PRD0056,2023-04-24,6.0,711.44,Customer_191,East,Home Office,2023-05-21,Product_56,Groceries,375.64,Regular,B2B-Home,0.24390243902439024,1.8670554887107675,2023,4,April,2,Monday,2023-04,4268.64,2253.84,2014.8000000000002,47.2,16809.71,Medium Value,4268.64
ORD000728,CUST0155,PRD0024,2023-02-27,10.0,650.79,Customer_155,North,Consumer,2022-07-09,Product_24,Groceries,308.95,Regular,B2C,0.43902439024390244,1.5718299676455811,2023,2,February,1,Monday,2023-02,6507.9,3089.5,3418.3999999999996,52.53,7936.11,Low Value,6507.9
ORD000729,CUST0166,PRD0034,2023-06-03,5.0,138.13,Customer_166,North,Corporate,2024-03-08,Product_34,Clothing,65.97,Regular,B2B,0.1951219512195122,-0.9236410237687344,2023,6,June,2,Saturday,2023-06,690.65,329.85,360.79999999999995,52.24,29296.449999999997,High Value,690.65
ORD000730,CUST0188,PRD0030,2024-02-08,1.0,67.45,Customer_188,East,Home Office,2023-01-19,Product_30,Clothing,50.36,Regular,B2B-Home,0.0,-1.2676894958031506,2024,2,February,1,Thursday,2024-02,67.45,50.36,17.090000000000003,25.34,11685.11,Medium Value,67.45
ORD000731,CUST0007,PRD0018,2024-09-19,6.0,141.2,Customer_7,North,Unknown,2023-11-01,Product_18,Groceries,72.5,Regular,,0.24390243902439024,-0.9086972092646928,2024,9,September,3,Thursday,2024-09,847.1999999999999,435.0,412.19999999999993,48.65,17978.420000000002,Medium Value,847.1999999999999
ORD000732,CUST0133,PRD0019,2023-09-23,6.0,458.22,Customer_133,North,Home Office,2023-05-16,Product_19,Furniture,269.11,Regular,B2B-Home,0.24390243902439024,0.6344585151884856,2023,9,September,3,Saturday,2023-09,2749.32,1614.66,1134.66,41.27,27927.370000000003,High Value,2749.32
ORD000733,CUST0235,PRD0031,2023-11-11,3.0,490.91,Customer_235,West,Corporate,2023-09-26,Product_31,Electronics,246.19,Regular,B2B,0.0975609756097561,0.7935833673504136,2023,11,November,4,Saturday,2023-11,1472.73,738.5699999999999,734.1600000000001,49.85,6968.360000000001,Low Value,1472.73
ORD000734,CUST0045,PRD0060,2024-12-15,13.0,320.42,Customer_45,West,Corporate,2022-09-04,Product_60,Groceries,231.92,Bulk,B2B,0.5853658536585366,-0.036309445286083736,2024,12,December,4,Sunday,2024-12,4165.46,3014.96,1150.5,27.62,29981.27,High Value,4165.46
ORD000735,CUST0058,PRD0060,2023-02-10,8.0,320.42,Customer_58,North,Home Office,2023-03-29,Product_60,Groceries,231.92,Regular,B2B-Home,0.34146341463414637,-0.036309445286083736,2023,2,February,1,Friday,2023-02,2563.36,1855.36,708.0000000000002,27.62,6030.64,Low Value,2563.36
ORD000736,CUST0249,PRD0019,2023-04-15,14.0,458.22,Customer_249,North,Home Office,2023-05-26,Product_19,Furniture,269.11,Bulk,B2B-Home,0.6341463414634146,0.6344585151884856,2023,4,April,2,Saturday,2023-04,6415.08,3767.54,2647.54,41.27,23289.71,High Value,6415.08
ORD000737,CUST0243,PRD0049,2023-07-12,1.0,267.83,Customer_243,West,Consumer,2023-05-11,Product_49,Groceries,167.68,Regular,B2C,0.0,-0.29230136866313466,2023,7,July,3,Wednesday,2023-07,267.83,167.68,100.14999999999998,37.39,13410.079999999998,Medium Value,267.83
ORD000738,CUST0031,PRD0046,2024-02-05,1.0,400.12,Customer_31,North,Home Office,2022-04-28,Product_46,Office Supplies,305.29,Regular,B2B-Home,0.0,0.35164560877649365,2024,2,February,1,Monday,2024-02,400.12,305.29,94.82999999999998,23.7,17397.95,Medium Value,400.12
ORD000739,CUST0023,PRD0019,2023-10-05,6.0,458.22,Customer_23,South,Corporate,2023-10-03,Product_19,Furniture,269.11,Regular,B2B,0.24390243902439024,0.6344585151884856,2023,10,October,4,Thursday,2023-10,2749.32,1614.66,1134.66,41.27,9435.74,Medium Value,2749.32
ORD000740,CUST0170,PRD0022,2023-12-20,10.0,365.55,Customer_170,South,Consumer,2023-08-19,Product_22,Office Supplies,230.79,Regular,B2C,0.43902439024390244,0.18336949561534813,2023,12,December,4,Wednesday,2023-12,3655.5,2307.9,1347.6,36.86,14979.23,Medium Value,3655.5
ORD000741,CUST0138,PRD0024,2024-08-02,13.0,650.79,Customer_138,North,Corporate,2023-01-11,Product_24,Groceries,308.95,Bulk,B2B,0.5853658536585366,1.5718299676455811,2024,8,August,3,Friday,2024-08,8460.27,4016.35,4443.92,52.53,13040.19,Medium Value,8460.27
ORD000742,CUST0160,PRD0045,2024-12-09,1.0,554.21,Customer_160,West,Corporate,2023-11-26,Product_45,Clothing,274.19,Regular,B2B,0.0,1.1017082722708798,2024,12,December,4,Monday,2024-12,554.21,274.19,280.02000000000004,50.53,13726.23,Medium Value,554.21
ORD000743,CUST0107,PRD0012,2023-09-13,6.0,78.44,Customer_107,South,Corporate,2023-02-21,Product_12,Furniture,49.26,Regular,B2B,0.24390243902439024,-1.2141935604938943,2023,9,September,3,Wednesday,2023-09,470.64,295.56,175.07999999999998,37.2,10106.86,Medium Value,470.64
ORD000744,CUST0181,PRD0030,2024-10-12,1.0,67.45,Customer_181,North,Corporate,2022-08-21,Product_30,Clothing,50.36,Regular,B2B,0.0,-1.2676894958031506,2024,10,October,4,Saturday,2024-10,67.45,50.36,17.090000000000003,25.34,9609.62,Medium Value,67.45
ORD000745,CUST0158,PRD0058,2024-10-22,14.0,45.4,Customer_158,South,Corporate,2024-02-19,Product_58,Electronics,31.27,Bulk,B2B,0.6341463414634146,-1.3750221048631235,2024,10,October,4,Tuesday,2024-10,635.6,437.78,197.82000000000005,31.12,18382.7,Medium Value,635.6
ORD000746,CUST0039,PRD0038,2023-04-09,13.0,199.83,Customer_39,North,Consumer,2022-07-08,Product_38,Office Supplies,137.96,Bulk,B2C,0.5853658536585366,-0.6233044260816448,2023,4,April,2,Sunday,2023-04,2597.79,1793.48,804.31,30.96,22167.1,High Value,2597.79
ORD000747,CUST0159,PRD0053,2024-08-10,6.0,742.35,Customer_159,North,Consumer,2023-01-04,Product_53,Office Supplies,386.19,Regular,B2C,0.24390243902439024,2.0175158490755636,2024,8,August,3,Saturday,2024-08,4454.1,2317.14,2136.9600000000005,47.98,13921.130000000001,Medium Value,4454.1
ORD000748,CUST0082,PRD0031,2023-10-09,3.0,490.91,Customer_82,West,Home Office,2023-08-31,Product_31,Electronics,246.19,Regular,B2B-Home,0.0975609756097561,0.7935833673504136,2023,10,October,4,Monday,2023-10,1472.73,738.5699999999999,734.1600000000001,49.85,15303.380000000001,Medium Value,1472.73
ORD000749,CUST0100,PRD0036,2024-02-07,14.0,291.11,Customer_100,North,Home Office,2023-06-29,Product_36,Clothing,215.37,Bulk,B2B-Home,0.6341463414634146,-0.17898149841750338,2024,2,February,1,Wednesday,2024-02,4075.54,3015.1800000000003,1060.3599999999997,26.02,21793.51,High Value,4075.54
ORD000750,CUST0002,PRD0019,2023-04-19,14.0,458.22,Customer_2,West,Consumer,2023-10-18,Product_19,Furniture,269.11,Bulk,B2C,0.6341463414634146,0.6344585151884856,2023,4,April,2,Wednesday,2023-04,6415.08,3767.54,2647.54,41.27,13901.66,Medium Value,6415.08
ORD000751,CUST0206,PRD0048,2024-11-30,8.0,253.91,Customer_206,North,Corporate,2022-02-08,Product_48,Electronics,191.27,Regular,B2B,0.34146341463414637,-0.360059641593512,2024,11,November,4,Saturday,2024-11,2031.28,1530.16,501.1199999999999,24.67,14861.295,Medium Value,2031.28
ORD000752,CUST0077,PRD0045,2023-07-18,13.0,554.21,Customer_77,West,Home Office,2022-06-29,Product_45,Clothing,274.19,Bulk,B2B-Home,0.5853658536585366,1.1017082722708798,2023,7,July,3,Tuesday,2023-07,7204.7300000000005,3564.47,3640.2600000000007,50.53,13978.36,Medium Value,7204.7300000000005
ORD000753,CUST0221,PRD0036,2023-10-30,6.0,291.11,Customer_221,East,Unknown,2024-01-21,Product_36,Clothing,215.37,Regular,,0.24390243902439024,-0.17898149841750338,2023,10,October,4,Monday,2023-10,1746.66,1292.22,454.44000000000005,26.02,18324.27,Medium Value,1746.66
ORD000754,CUST0012,PRD0030,2023-11-23,13.0,67.45,Customer_12,East,Consumer,2024-02-26,Product_30,Clothing,50.36,Bulk,B2C,0.5853658536585366,-1.2676894958031506,2023,11,November,4,Thursday,2023-11,876.85,654.68,222.17000000000007,25.34,18815.17,Medium Value,876.85
ORD000755,CUST0039,PRD0055,2023-06-03,11.0,540.73,Customer_39,North,Consumer,2022-07-08,Product_55,Groceries,293.69,Bulk,B2C,0.4878048780487805,1.0360917838296808,2023,6,June,2,Saturday,2023-06,5948.030000000001,3230.59,2717.4400000000005,45.69,22167.1,High Value,5948.030000000001
ORD000756,CUST0194,PRD0049,2024-07-05,13.0,267.83,Customer_194,East,Corporate,2024-06-03,Product_49,Groceries,167.68,Bulk,B2B,0.5853658536585366,-0.29230136866313466,2024,7,July,3,Friday,2024-07,3481.79,2179.84,1301.9499999999998,37.39,18051.27,Medium Value,3481.79
ORD000757,CUST0224,PRD0055,2024-10-06,1.0,540.73,Customer_224,West,Home Office,2022-03-15,Product_55,Groceries,293.69,Regular,B2B-Home,0.0,1.0360917838296808,2024,10,October,4,Sunday,2024-10,540.73,293.69,247.04000000000002,45.69,9256.22,Low Value,540.73
ORD000758,CUST0013,PRD0033,2024-02-09,5.0,406.65,Customer_13,East,Home Office,2023-08-27,Product_33,Groceries,234.59,Regular,B2B-Home,0.1951219512195122,0.3834316376727122,2024,2,February,1,Friday,2024-02,2033.25,1172.95,860.3,42.31,12595.68,Medium Value,2033.25
ORD000759,CUST0046,PRD0018,2024-04-06,8.0,141.2,Customer_46,West,Home Office,2022-03-17,Product_18,Groceries,72.5,Regular,B2B-Home,0.34146341463414637,-0.9086972092646928,2024,4,April,2,Saturday,2024-04,1129.6,580.0,549.5999999999999,48.65,28122.76,High Value,1129.6
ORD000760,CUST0155,PRD0052,2023-05-12,3.0,476.07,Customer_155,North,Consumer,2022-07-09,Product_52,Furniture,333.09,Regular,B2C,0.0975609756097561,0.7213468177608444,2023,5,May,2,Friday,2023-05,1428.21,999.27,428.94000000000005,30.03,7936.11,Low Value,1428.21
ORD000761,CUST0113,PRD0049,2023-03-25,12.0,267.83,Customer_113,West,Consumer,2023-02-01,Product_49,Groceries,167.68,Bulk,B2C,0.5365853658536586,-0.29230136866313466,2023,3,March,1,Saturday,2023-03,3213.96,2012.16,1201.8,37.39,9162.11,Low Value,3213.96
ORD000762,CUST0233,PRD0059,2024-02-03,6.0,460.22,Customer_233,West,Corporate,2023-01-28,Product_59,Groceries,297.74,Regular,B2B,0.24390243902439024,0.6441938992302065,2024,2,February,1,Saturday,2024-02,2761.32,1786.44,974.8800000000001,35.3,14605.84,Medium Value,2761.32
ORD000763,CUST0017,PRD0028,2024-09-19,5.0,375.61,Customer_17,West,Corporate,2023-04-19,Product_28,Electronics,205.51,Regular,B2B,0.1951219512195122,0.23233847734520421,2024,9,September,3,Thursday,2024-09,1878.0500000000002,1027.55,850.5000000000002,45.29,15212.76,Medium Value,1878.0500000000002
ORD000764,CUST0104,PRD0059,2023-04-19,6.0,460.22,Customer_104,West,Home Office,2022-09-25,Product_59,Groceries,297.74,Regular,B2B-Home,0.24390243902439024,0.6441938992302065,2023,4,April,2,Wednesday,2023-04,2761.32,1786.44,974.8800000000001,35.3,17920.66,Medium Value,2761.32
ORD000765,CUST0223,PRD0047,2023-08-09,10.0,491.72,Customer_223,South,Corporate,2022-01-09,Product_47,Furniture,240.28,Regular,B2B,0.43902439024390244,0.7975261978873105,2023,8,August,3,Wednesday,2023-08,4917.200000000001,2402.8,2514.4000000000005,51.13,15030.25,Medium Value,4917.200000000001
ORD000766,CUST0098,PRD0011,2024-07-06,1.0,816.42,Customer_98,West,Consumer,2023-11-06,Product_11,Groceries,393.04,Regular,B2C,0.0,2.3780657970606964,2024,7,July,3,Saturday,2024-07,816.42,393.04,423.37999999999994,51.86,26418.614999999998,High Value,816.42
ORD000767,CUST0188,PRD0057,2024-01-03,7.0,133.48,Customer_188,East,Home Office,2023-01-19,Product_57,Electronics,76.59,Regular,B2B-Home,0.2926829268292683,-0.9462757916657354,2024,1,January,1,Wednesday,2024-01,934.3599999999999,536.13,398.2299999999999,42.62,11685.11,Medium Value,934.3599999999999
ORD000768,CUST0192,PRD0060,2023-05-27,9.0,320.42,Customer_192,East,Corporate,2023-01-02,Product_60,Groceries,231.92,Regular,B2B,0.3902439024390244,-0.036309445286083736,2023,5,May,2,Saturday,2023-05,2883.78,2087.2799999999997,796.5000000000005,27.62,10536.52,Medium Value,2883.78
ORD000769,CUST0088,PRD0054,2023-04-22,2.0,103.87,Customer_88,North,Consumer,2022-12-02,Product_54,Office Supplies,54.1,Regular,B2C,0.04878048780487805,-1.090408152403413,2023,4,April,2,Saturday,2023-04,207.74,108.2,99.54,47.92,18964.23,Medium Value,207.74
ORD000770,CUST0109,PRD0045,2024-09-06,10.0,554.21,Customer_109,South,Corporate,2024-04-21,Product_45,Clothing,274.19,Regular,B2B,0.43902439024390244,1.1017082722708798,2024,9,September,3,Friday,2024-09,5542.1,2741.9,2800.2000000000003,50.53,11517.170000000002,Medium Value,5542.1
ORD000771,CUST0163,PRD0033,2024-07-11,5.0,406.65,Customer_163,West,Consumer,2022-08-05,Product_33,Groceries,234.59,Regular,B2C,0.1951219512195122,0.3834316376727122,2024,7,July,3,Thursday,2024-07,2033.25,1172.95,860.3,42.31,3308.28,Low Value,2033.25
ORD000772,CUST0240,PRD0017,2024-05-08,10.0,160.45,Customer_240,West,Consumer,2023-02-26,Product_17,Clothing,106.87,Regular,B2C,0.43902439024390244,-0.8149941378631292,2024,5,May,2,Wednesday,2024-05,1604.5,1068.7,535.8,33.39,7942.71,Low Value,1604.5
ORD000773,CUST0070,PRD0006,2024-05-19,4.0,100.25,Customer_70,South,Home Office,2022-01-23,Product_6,Groceries,73.48,Regular,B2B-Home,0.14634146341463414,-1.108029197518928,2024,5,May,2,Sunday,2024-05,401.0,293.92,107.07999999999998,26.7,11016.12,Medium Value,401.0
ORD000774,CUST0211,PRD0004,2024-04-19,6.0,110.29,Customer_211,East,Consumer,2023-02-02,Product_4,Electronics,78.69,Regular,B2C,0.24390243902439024,-1.059157569629489,2024,4,April,2,Friday,2024-04,661.74,472.14,189.60000000000002,28.65,7202.4400000000005,Low Value,661.74
ORD000775,CUST0158,PRD0020,2023-09-28,6.0,532.93,Customer_158,South,Corporate,2024-02-19,Product_20,Furniture,372.1,Regular,B2B,0.24390243902439024,0.998123786066969,2023,9,September,3,Thursday,2023-09,3197.58,2232.6000000000004,964.9799999999996,30.18,18382.7,Medium Value,3197.58
ORD000776,CUST0199,PRD0048,2024-02-25,11.0,253.91,Customer_199,North,Corporate,2024-06-09,Product_48,Electronics,191.27,Bulk,B2B,0.4878048780487805,-0.360059641593512,2024,2,February,1,Sunday,2024-02,2793.0099999999998,2103.9700000000003,689.0399999999995,24.67,26612.1,High Value,2793.0099999999998
ORD000777,CUST0074,PRD0047,2024-12-07,2.0,491.72,Customer_74,South,Home Office,2024-04-16,Product_47,Furniture,240.28,Regular,B2B-Home,0.04878048780487805,0.7975261978873105,2024,12,December,4,Saturday,2024-12,983.44,480.56,502.88000000000005,51.13,14716.050000000001,Medium Value,983.44
ORD000778,CUST0233,PRD0027,2024-01-02,2.0,370.3,Customer_233,West,Corporate,2023-01-28,Product_27,Electronics,173.05,Regular,B2B,0.04878048780487805,0.20649103271443522,2024,1,January,1,Tuesday,2024-01,740.6,346.1,394.5,53.27,14605.84,Medium Value,740.6
ORD000779,CUST0224,PRD0015,2023-10-07,4.0,547.01,Customer_224,West,Home Office,2022-03-15,Product_15,Office Supplies,346.88,Regular,B2B-Home,0.14634146341463414,1.0666608897206844,2023,10,October,4,Saturday,2023-10,2188.04,1387.52,800.52,36.59,9256.22,Low Value,2188.04
ORD000780,CUST0226,PRD0006,2023-10-10,1.0,100.25,Customer_226,South,Corporate,2022-09-10,Product_6,Groceries,73.48,Regular,B2B,0.0,-1.108029197518928,2023,10,October,4,Tuesday,2023-10,100.25,73.48,26.769999999999996,26.7,33569.15,High Value,100.25
ORD000781,CUST0063,PRD0047,2023-02-09,9.0,491.72,Customer_63,North,Consumer,2022-12-07,Product_47,Furniture,240.28,Regular,B2C,0.3902439024390244,0.7975261978873105,2023,2,February,1,Thursday,2023-02,4425.4800000000005,2162.52,2262.9600000000005,51.13,14462.820000000002,Medium Value,4425.4800000000005
ORD000782,CUST0156,PRD0014,2023-07-08,14.0,635.89,Customer_156,South,Corporate,2024-01-06,Product_14,Office Supplies,387.94,Bulk,B2B,0.6341463414634146,1.4993013565347606,2023,7,July,3,Saturday,2023-07,8902.46,5431.16,3471.2999999999993,38.99,24876.12,High Value,8902.46
ORD000783,CUST0060,PRD0060,2023-06-13,14.0,320.42,Customer_60,North,Consumer,2022-08-06,Product_60,Groceries,231.92,Bulk,B2C,0.6341463414634146,-0.036309445286083736,2023,6,June,2,Tuesday,2023-06,4485.88,3246.8799999999997,1239.0000000000005,27.62,22112.15,High Value,4485.88
ORD000784,CUST0079,PRD0011,2024-06-19,13.0,816.42,Customer_79,East,Consumer,2024-02-01,Product_11,Groceries,393.04,Bulk,B2C,0.5853658536585366,2.3780657970606964,2024,6,June,2,Wednesday,2024-06,10613.46,5109.52,5503.939999999999,51.86,15573.27,Medium Value,10613.46
ORD000785,CUST0222,PRD0039,2024-06-19,7.0,112.92,Customer_222,East,Home Office,2023-08-11,Product_39,Electronics,58.09,Regular,B2B-Home,0.2926829268292683,-1.046355539614626,2024,6,June,2,Wednesday,2024-06,790.44,406.63,383.81000000000006,48.56,20477.29,High Value,790.44
ORD000786,CUST0037,PRD0009,2023-01-04,12.0,365.6,Customer_37,West,Consumer,2024-06-15,Product_9,Clothing,212.18,Bulk,B2C,0.5365853658536586,0.1836128802163912,2023,1,January,1,Wednesday,2023-01,4387.200000000001,2546.16,1841.0400000000009,41.96,26289.41,High Value,4387.200000000001
ORD000787,CUST0221,PRD0026,2023-10-17,7.0,174.95,Customer_221,East,Unknown,2024-01-21,Product_26,Furniture,132.85,Regular,,0.2926829268292683,-0.7444126035606528,2023,10,October,4,Tuesday,2023-10,1224.6499999999999,929.9499999999999,294.69999999999993,24.06,18324.27,Medium Value,1224.6499999999999
ORD000788,CUST0022,PRD0016,2024-03-08,3.0,544.93,Customer_22,North,Corporate,2023-01-28,Product_16,Office Supplies,327.74,Regular,B2B,0.0975609756097561,1.0565360903172945,2024,3,March,1,Friday,2024-03,1634.79,983.22,651.5699999999999,39.86,5791.74,Low Value,1634.79
ORD000789,CUST0196,PRD0005,2024-04-15,11.0,160.38,Customer_196,South,Consumer,2022-04-09,Product_5,Office Supplies,117.61,Bulk,B2C,0.4878048780487805,-0.8153348763045895,2024,4,April,2,Monday,2024-04,1764.1799999999998,1293.71,470.4699999999998,26.67,29994.35,High Value,1764.1799999999998
ORD000790,CUST0148,PRD0057,2023-06-30,12.0,133.48,Customer_148,East,Home Office,2024-01-09,Product_57,Electronics,76.59,Bulk,B2B-Home,0.5365853658536586,-0.9462757916657354,2023,6,June,2,Friday,2023-06,1601.7599999999998,919.08,682.6799999999997,42.62,13347.279999999999,Medium Value,1601.7599999999998
ORD000791,CUST0096,PRD0052,2023-09-05,3.0,476.07,Customer_96,South,Home Office,2023-10-26,Product_52,Furniture,333.09,Regular,B2B-Home,0.0975609756097561,0.7213468177608444,2023,9,September,3,Tuesday,2023-09,1428.21,999.27,428.94000000000005,30.03,14565.7,Medium Value,1428.21
ORD000792,CUST0228,PRD0010,2024-09-19,1.0,260.5,Customer_228,South,Corporate,2023-06-03,Product_10,Furniture,167.11,Regular,B2B,0.0,-0.32798155117604166,2024,9,September,3,Thursday,2024-09,260.5,167.11,93.38999999999999,35.85,3446.52,Low Value,260.5
ORD000793,CUST0242,PRD0050,2023-10-06,3.0,285.21,Customer_242,East,Consumer,2023-10-10,Product_50,Clothing,142.8,Regular,B2C,0.0975609756097561,-0.20770088134058018,2023,10,October,4,Friday,2023-10,855.6299999999999,428.40000000000003,427.22999999999985,49.93,29273.95,High Value,855.6299999999999
ORD000794,CUST0068,PRD0003,2024-08-03,3.0,136.62,Customer_68,North,Home Office,2024-01-04,Product_3,Electronics,68.47,Regular,B2B-Home,0.0975609756097561,-0.9309912387202336,2024,8,August,3,Saturday,2024-08,409.86,205.41,204.45000000000002,49.88,12091.31,Medium Value,409.86
ORD000795,CUST0219,PRD0013,2023-09-11,4.0,326.99,Customer_219,West,Corporate,2024-04-22,Product_13,Office Supplies,162.15,Regular,B2B,0.14634146341463414,-0.004328708709030647,2023,9,September,3,Monday,2023-09,1307.96,648.6,659.36,50.41,5375.400000000001,Low Value,1307.96
ORD000796,CUST0192,PRD0043,2023-06-30,4.0,674.74,Customer_192,East,Corporate,2023-01-02,Product_43,Furniture,324.9,Regular,B2B,0.14634146341463414,1.688411191545189,2023,6,June,2,Friday,2023-06,2698.96,1299.6,1399.3600000000001,51.85,10536.52,Medium Value,2698.96
ORD000797,CUST0017,PRD0049,2024-11-11,3.0,267.83,Customer_17,West,Corporate,2023-04-19,Product_49,Groceries,167.68,Regular,B2B,0.0975609756097561,-0.29230136866313466,2024,11,November,4,Monday,2024-11,803.49,503.04,300.45,37.39,15212.76,Medium Value,803.49
ORD000798,CUST0012,PRD0030,2024-05-23,10.0,67.45,Customer_12,East,Consumer,2024-02-26,Product_30,Clothing,50.36,Regular,B2C,0.43902439024390244,-1.2676894958031506,2024,5,May,2,Thursday,2024-05,674.5,503.6,170.89999999999998,25.34,18815.17,Medium Value,674.5
ORD000799,CUST0150,PRD0054,2024-11-30,12.0,103.87,Customer_150,West,Consumer,2022-04-09,Product_54,Office Supplies,54.1,Bulk,B2C,0.5365853658536586,-1.090408152403413,2024,11,November,4,Saturday,2024-11,1246.44,649.2,597.24,47.92,12738.88,Medium Value,1246.44
ORD000800,CUST0145,PRD0045,2024-07-19,21.5,554.21,Customer_145,West,Consumer,2024-05-18,Product_45,Clothing,274.19,Bulk,B2C,1.0,1.1017082722708798,2024,7,July,3,Friday,2024-07,11915.515000000001,5895.085,6020.430000000001,50.53,28262.845,High Value,11915.515000000001
ORD000801,CUST0138,PRD0006,2023-11-22,8.0,100.25,Customer_138,North,Corporate,2023-01-11,Product_6,Groceries,73.48,Regular,B2B,0.34146341463414637,-1.108029197518928,2023,11,November,4,Wednesday,2023-11,802.0,587.84,214.15999999999997,26.7,13040.19,Medium Value,802.0
ORD000802,CUST0118,PRD0017,2023-12-23,13.0,160.45,Customer_118,South,Corporate,2022-09-10,Product_17,Clothing,106.87,Bulk,B2B,0.5853658536585366,-0.8149941378631292,2023,12,December,4,Saturday,2023-12,2085.85,1389.31,696.54,33.39,16938.989999999998,Medium Value,2085.85
ORD000803,CUST0193,PRD0059,2024-10-11,13.0,460.22,Customer_193,North,Corporate,2022-05-24,Product_59,Groceries,297.74,Bulk,B2B,0.5853658536585366,0.6441938992302065,2024,10,October,4,Friday,2024-10,5982.860000000001,3870.62,2112.2400000000007,35.3,16156.54,Medium Value,5982.860000000001
ORD000804,CUST0022,PRD0045,2024-11-10,1.0,554.21,Customer_22,North,Corporate,2023-01-28,Product_45,Clothing,274.19,Regular,B2B,0.0,1.1017082722708798,2024,11,November,4,Sunday,2024-11,554.21,274.19,280.02000000000004,50.53,5791.74,Low Value,554.21
ORD000805,CUST0218,PRD0051,2024-01-26,7.0,502.39,Customer_218,North,Home Office,2022-08-23,Product_51,Furniture,372.16,Regular,B2B-Home,0.2926829268292683,0.8494644717498913,2024,1,January,1,Friday,2024-01,3516.73,2605.1200000000003,911.6099999999997,25.92,16281.71,Medium Value,3516.73
ORD000806,CUST0120,PRD0053,2024-09-06,11.0,742.35,Customer_120,North,Consumer,2024-01-24,Product_53,Office Supplies,386.19,Bulk,B2C,0.4878048780487805,2.0175158490755636,2024,9,September,3,Friday,2024-09,8165.85,4248.09,3917.76,47.98,21611.49,High Value,8165.85
ORD000807,CUST0210,PRD0019,2023-03-26,2.0,291.11,Customer_210,North,Home Office,2022-07-05,Product_19,Furniture,269.11,Regular,B2B-Home,0.04878048780487805,-0.17898149841750338,2023,3,March,1,Sunday,2023-03,582.22,538.22,44.0,7.56,10350.1,Medium Value,582.22
ORD000808,CUST0050,PRD0042,2023-11-13,1.0,259.69,Customer_50,South,Consumer,2022-03-27,Product_42,Clothing,132.33,Regular,B2C,0.0,-0.33192438171293864,2023,11,November,4,Monday,2023-11,259.69,132.33,127.35999999999999,49.04,17166.309999999998,Medium Value,259.69
ORD000809,CUST0014,PRD0035,2023-07-31,3.0,387.88,Customer_14,East,Corporate,2022-02-27,Product_35,Electronics,195.05,Regular,B2B,0.0975609756097561,0.29206505844116176,2023,7,July,3,Monday,2023-07,1163.6399999999999,585.1500000000001,578.4899999999998,49.71,17393.65,Medium Value,1163.6399999999999
ORD000810,CUST0192,PRD0046,2024-05-29,4.0,400.12,Customer_192,East,Corporate,2023-01-02,Product_46,Office Supplies,305.29,Regular,B2B,0.14634146341463414,0.35164560877649365,2024,5,May,2,Wednesday,2024-05,1600.48,1221.16,379.31999999999994,23.7,10536.52,Medium Value,1600.48
ORD000811,CUST0175,PRD0026,2024-01-19,13.0,174.95,Customer_175,West,Consumer,2023-11-30,Product_26,Furniture,132.85,Bulk,B2C,0.5853658536585366,-0.7444126035606528,2024,1,January,1,Friday,2024-01,2274.35,1727.05,547.3,24.06,13309.85,Medium Value,2274.35
ORD000812,CUST0029,PRD0051,2024-11-21,6.0,502.39,Customer_29,West,Consumer,2022-04-06,Product_51,Furniture,372.16,Regular,B2C,0.24390243902439024,0.8494644717498913,2024,11,November,4,Thursday,2024-11,3014.34,2232.96,781.3800000000001,25.92,35541.26,High Value,3014.34
ORD000813,CUST0204,PRD0005,2023-12-08,10.0,160.38,Customer_204,North,Corporate,2022-05-24,Product_5,Office Supplies,117.61,Regular,B2B,0.43902439024390244,-0.8153348763045895,2023,12,December,4,Friday,2023-12,1603.8,1176.1,427.70000000000005,26.67,17106.79,Medium Value,1603.8
ORD000814,CUST0164,PRD0029,2023-02-07,14.0,154.64,Customer_164,West,Consumer,2024-05-16,Product_29,Furniture,100.75,Bulk,B2C,0.6341463414634146,-0.8432754285043285,2023,2,February,1,Tuesday,2023-02,2164.96,1410.5,754.46,34.85,19909.52,High Value,2164.96
ORD000815,CUST0227,PRD0037,2024-05-25,5.0,38.5,Customer_227,North,Home Office,2022-08-18,Product_37,Furniture,25.47,Regular,B2B-Home,0.1951219512195122,-1.4086091798070604,2024,5,May,2,Saturday,2024-05,192.5,127.35,65.15,33.84,26700.985,High Value,192.5
ORD000816,CUST0180,PRD0020,2024-02-24,14.0,532.93,Customer_180,East,Home Office,2023-03-21,Product_20,Furniture,372.1,Bulk,B2B-Home,0.6341463414634146,0.998123786066969,2024,2,February,1,Saturday,2024-02,7461.0199999999995,5209.400000000001,2251.619999999999,30.18,9544.42,Medium Value,7461.0199999999995
ORD000817,CUST0125,PRD0049,2023-06-18,4.0,267.83,Customer_125,North,Consumer,2024-02-15,Product_49,Groceries,167.68,Regular,B2C,0.14634146341463414,-0.29230136866313466,2023,6,June,2,Sunday,2023-06,1071.32,670.72,400.5999999999999,37.39,15735.99,Medium Value,1071.32
ORD000818,CUST0204,PRD0021,2023-12-09,8.0,472.24,Customer_204,North,Corporate,2022-05-24,Product_21,Office Supplies,224.92,Regular,B2B,0.34146341463414637,0.7027035573209489,2023,12,December,4,Saturday,2023-12,3777.92,1799.36,1978.5600000000002,52.37,17106.79,Medium Value,3777.92
ORD000819,CUST0007,PRD0010,2023-11-02,11.0,260.5,Customer_7,North,Unknown,2023-11-01,Product_10,Furniture,167.11,Bulk,,0.4878048780487805,-0.32798155117604166,2023,11,November,4,Thursday,2023-11,2865.5,1838.21,1027.29,35.85,17978.420000000002,Medium Value,2865.5
ORD000820,CUST0029,PRD0005,2024-06-25,12.0,160.38,Customer_29,West,Consumer,2022-04-06,Product_5,Office Supplies,117.61,Bulk,B2C,0.5365853658536586,-0.8153348763045895,2024,6,June,2,Tuesday,2024-06,1924.56,1411.32,513.24,26.67,35541.26,High Value,1924.56
ORD000821,CUST0139,PRD0036,2024-12-02,14.0,291.11,Customer_139,East,Consumer,2023-02-24,Product_36,Clothing,215.37,Bulk,B2C,0.6341463414634146,-0.17898149841750338,2024,12,December,4,Monday,2024-12,4075.54,3015.1800000000003,1060.3599999999997,26.02,10697.31,Medium Value,4075.54
ORD000822,CUST0033,PRD0006,2024-06-20,4.0,100.25,Customer_33,West,Corporate,2023-08-24,Product_6,Groceries,73.48,Regular,B2B,0.14634146341463414,-1.108029197518928,2024,6,June,2,Thursday,2024-06,401.0,293.92,107.07999999999998,26.7,7098.120000000001,Low Value,401.0
ORD000823,CUST0134,PRD0026,2023-04-22,13.0,174.95,Customer_134,North,Corporate,2023-09-18,Product_26,Furniture,132.85,Bulk,B2B,0.5853658536585366,-0.7444126035606528,2023,4,April,2,Saturday,2023-04,2274.35,1727.05,547.3,24.06,13210.79,Medium Value,2274.35
ORD000824,CUST0111,PRD0004,2024-02-15,10.0,110.29,Customer_111,West,Home Office,2023-07-10,Product_4,Electronics,78.69,Regular,B2B-Home,0.43902439024390244,-1.059157569629489,2024,2,February,1,Thursday,2024-02,1102.9,786.9,316.0000000000001,28.65,17838.7,Medium Value,1102.9
ORD000825,CUST0079,PRD0039,2023-07-25,12.0,112.92,Customer_79,East,Consumer,2024-02-01,Product_39,Electronics,58.09,Bulk,B2C,0.5365853658536586,-1.046355539614626,2023,7,July,3,Tuesday,2023-07,1355.04,697.08,657.9599999999999,48.56,15573.27,Medium Value,1355.04
ORD000826,CUST0160,PRD0039,2023-07-04,13.0,112.92,Customer_160,West,Corporate,2023-11-26,Product_39,Electronics,58.09,Bulk,B2B,0.5853658536585366,-1.046355539614626,2023,7,July,3,Tuesday,2023-07,1467.96,755.1700000000001,712.79,48.56,13726.23,Medium Value,1467.96
ORD000827,CUST0179,PRD0050,2024-01-17,2.0,285.21,Customer_179,North,Corporate,2023-01-31,Product_50,Clothing,142.8,Regular,B2B,0.04878048780487805,-0.20770088134058018,2024,1,January,1,Wednesday,2024-01,570.42,285.6,284.81999999999994,49.93,4424.96,Low Value,570.42
ORD000828,CUST0203,PRD0035,2024-05-10,3.0,387.88,Customer_203,East,Home Office,2022-05-31,Product_35,Electronics,195.05,Regular,B2B-Home,0.0975609756097561,0.29206505844116176,2024,5,May,2,Friday,2024-05,1163.6399999999999,585.1500000000001,578.4899999999998,49.71,29921.85,High Value,1163.6399999999999
ORD000829,CUST0058,PRD0001,2024-01-14,6.0,133.49,Customer_58,North,Home Office,2023-03-29,Product_1,Furniture,65.38,Regular,B2B-Home,0.24390243902439024,-0.9462271147455267,2024,1,January,1,Sunday,2024-01,800.94,392.28,408.6600000000001,51.02,6030.64,Low Value,800.94
ORD000830,CUST0215,PRD0024,2023-02-16,8.0,650.79,Customer_215,East,Corporate,2022-06-12,Product_24,Groceries,308.95,Regular,B2B,0.34146341463414637,1.5718299676455811,2023,2,February,1,Thursday,2023-02,5206.32,2471.6,2734.72,52.53,28338.03,High Value,5206.32
ORD000831,CUST0026,PRD0057,2024-07-04,8.0,133.48,Customer_26,South,Home Office,2023-05-28,Product_57,Electronics,76.59,Regular,B2B-Home,0.34146341463414637,-0.9462757916657354,2024,7,July,3,Thursday,2024-07,1067.84,612.72,455.1199999999999,42.62,28628.86,High Value,1067.84
ORD000832,CUST0226,PRD0036,2024-06-11,11.0,291.11,Customer_226,South,Corporate,2022-09-10,Product_36,Clothing,215.37,Bulk,B2B,0.4878048780487805,-0.17898149841750338,2024,6,June,2,Tuesday,2024-06,3202.21,2369.07,833.1399999999999,26.02,33569.15,High Value,3202.21
ORD000833,CUST0174,PRD0006,2024-05-18,9.0,100.25,Customer_174,West,Home Office,2023-02-01,Product_6,Groceries,73.48,Regular,B2B-Home,0.3902439024390244,-1.108029197518928,2024,5,May,2,Saturday,2024-05,902.25,661.32,240.92999999999995,26.7,11404.2,Medium Value,902.25
ORD000834,CUST0226,PRD0041,2023-01-22,7.0,700.93,Customer_226,South,Corporate,2022-09-10,Product_41,Furniture,396.03,Regular,B2B,0.2926829268292683,1.8158960455715238,2023,1,January,1,Sunday,2023-01,4906.509999999999,2772.21,2134.2999999999993,43.5,33569.15,High Value,4906.509999999999
ORD000835,CUST0029,PRD0054,2023-08-01,13.0,103.87,Customer_29,West,Consumer,2022-04-06,Product_54,Office Supplies,54.1,Bulk,B2C,0.5853658536585366,-1.090408152403413,2023,8,August,3,Tuesday,2023-08,1350.31,703.3000000000001,647.0099999999999,47.92,35541.26,High Value,1350.31
ORD000836,CUST0004,PRD0046,2023-11-06,2.0,400.12,Customer_4,East,Consumer,2023-01-05,Product_46,Office Supplies,305.29,Regular,B2C,0.04878048780487805,0.35164560877649365,2023,11,November,4,Monday,2023-11,800.24,610.58,189.65999999999997,23.7,6245.1,Low Value,800.24
ORD000837,CUST0209,PRD0060,2024-10-22,8.0,320.42,Customer_209,South,Corporate,2022-02-11,Product_60,Groceries,231.92,Regular,B2B,0.34146341463414637,-0.036309445286083736,2024,10,October,4,Tuesday,2024-10,2563.36,1855.36,708.0000000000002,27.62,5938.1900000000005,Low Value,2563.36
ORD000838,CUST0099,PRD0044,2023-09-29,7.0,162.81,Customer_99,South,Home Office,2023-01-15,Product_44,Electronics,105.58,Regular,B2B-Home,0.2926829268292683,-0.8035063846938985,2023,9,September,3,Friday,2023-09,1139.67,739.06,400.6100000000001,35.15,10555.14,Medium Value,1139.67
ORD000839,CUST0141,PRD0060,2024-07-24,8.0,320.42,Customer_141,West,Corporate,2022-10-04,Product_60,Groceries,231.92,Regular,B2B,0.34146341463414637,-0.036309445286083736,2024,7,July,3,Wednesday,2024-07,2563.36,1855.36,708.0000000000002,27.62,18900.04,Medium Value,2563.36
ORD000840,CUST0233,PRD0057,2023-07-21,12.0,133.48,Customer_233,West,Corporate,2023-01-28,Product_57,Electronics,76.59,Bulk,B2B,0.5365853658536586,-0.9462757916657354,2023,7,July,3,Friday,2023-07,1601.7599999999998,919.08,682.6799999999997,42.62,14605.84,Medium Value,1601.7599999999998
ORD000841,CUST0039,PRD0031,2023-02-01,3.0,490.91,Customer_39,North,Consumer,2022-07-08,Product_31,Electronics,246.19,Regular,B2C,0.0975609756097561,0.7935833673504136,2023,2,February,1,Wednesday,2023-02,1472.73,738.5699999999999,734.1600000000001,49.85,22167.1,High Value,1472.73
ORD000842,CUST0015,PRD0020,2024-03-18,7.0,532.93,Customer_15,West,Unknown,2022-12-12,Product_20,Furniture,372.1,Regular,,0.2926829268292683,0.998123786066969,2024,3,March,1,Monday,2024-03,3730.5099999999998,2604.7000000000003,1125.8099999999995,30.18,30532.535000000003,High Value,3730.5099999999998
ORD000843,CUST0119,PRD0024,2023-06-11,10.0,650.79,Customer_119,West,Home Office,2023-05-14,Product_24,Groceries,308.95,Regular,B2B-Home,0.43902439024390244,1.5718299676455811,2023,6,June,2,Sunday,2023-06,6507.9,3089.5,3418.3999999999996,52.53,30217.149999999998,High Value,6507.9
ORD000844,CUST0029,PRD0025,2023-09-11,13.0,143.9,Customer_29,West,Consumer,2022-04-06,Product_25,Clothing,78.88,Bulk,B2C,0.5853658536585366,-0.8955544408083695,2023,9,September,3,Monday,2023-09,1870.7,1025.44,845.26,45.18,35541.26,High Value,1870.7
ORD000845,CUST0157,PRD0036,2024-06-04,9.0,291.11,Customer_157,East,Consumer,2022-02-06,Product_36,Clothing,215.37,Regular,B2C,0.3902439024390244,-0.17898149841750338,2024,6,June,2,Tuesday,2024-06,2619.9900000000002,1938.33,681.6600000000003,26.02,8424.04,Low Value,2619.9900000000002
ORD000846,CUST0075,PRD0021,2024-10-12,3.0,472.24,Customer_75,North,Corporate,2022-04-10,Product_21,Office Supplies,224.92,Regular,B2B,0.0975609756097561,0.7027035573209489,2024,10,October,4,Saturday,2024-10,1416.72,674.76,741.96,52.37,11561.58,Medium Value,1416.72
ORD000847,CUST0116,PRD0030,2024-04-24,21.5,67.45,Customer_116,West,Corporate,2022-10-29,Product_30,Clothing,50.36,Bulk,B2B,1.0,-1.2676894958031506,2024,4,April,2,Wednesday,2024-04,1450.175,1082.74,367.43499999999995,25.34,7981.344999999999,Low Value,1450.175
ORD000848,CUST0032,PRD0024,2023-01-10,10.0,650.79,Customer_32,North,Consumer,2023-07-14,Product_24,Groceries,308.95,Regular,B2C,0.43902439024390244,1.5718299676455811,2023,1,January,1,Tuesday,2023-01,6507.9,3089.5,3418.3999999999996,52.53,24463.52,High Value,6507.9
ORD000849,CUST0130,PRD0044,2024-12-26,6.0,162.81,Customer_130,West,Home Office,2023-09-09,Product_44,Electronics,105.58,Regular,B2B-Home,0.24390243902439024,-0.8035063846938985,2024,12,December,4,Thursday,2024-12,976.86,633.48,343.38,35.15,29687.56,High Value,976.86
ORD000850,CUST0175,PRD0042,2024-05-19,2.0,259.69,Customer_175,West,Consumer,2023-11-30,Product_42,Clothing,132.33,Regular,B2C,0.04878048780487805,-0.33192438171293864,2024,5,May,2,Sunday,2024-05,519.38,264.66,254.71999999999997,49.04,13309.85,Medium Value,519.38
ORD000851,CUST0206,PRD0030,2024-07-13,21.5,67.45,Customer_206,North,Corporate,2022-02-08,Product_30,Clothing,50.36,Bulk,B2B,1.0,-1.2676894958031506,2024,7,July,3,Saturday,2024-07,1450.175,1082.74,367.43499999999995,25.34,14861.295,Medium Value,1450.175
ORD000852,CUST0084,PRD0022,2024-03-11,5.0,365.55,Customer_84,West,Corporate,2022-11-21,Product_22,Office Supplies,230.79,Regular,B2B,0.1951219512195122,0.18336949561534813,2024,3,March,1,Monday,2024-03,1827.75,1153.95,673.8,36.86,25454.75,High Value,1827.75
ORD000853,CUST0022,PRD0028,2023-04-21,5.0,375.61,Customer_22,North,Corporate,2023-01-28,Product_28,Electronics,205.51,Regular,B2B,0.1951219512195122,0.23233847734520421,2023,4,April,2,Friday,2023-04,1878.0500000000002,1027.55,850.5000000000002,45.29,5791.74,Low Value,1878.0500000000002
ORD000854,CUST0203,PRD0007,2023-06-02,13.0,723.68,Customer_203,East,Home Office,2022-05-31,Product_7,Clothing,359.22,Bulk,B2B-Home,0.5853658536585366,1.9266360390460988,2023,6,June,2,Friday,2023-06,9407.84,4669.860000000001,4737.98,50.36,29921.85,High Value,9407.84
ORD000855,CUST0027,PRD0035,2024-09-26,7.0,387.88,Customer_27,South,Consumer,2024-01-21,Product_35,Electronics,195.05,Regular,B2C,0.2926829268292683,0.29206505844116176,2024,9,September,3,Thursday,2024-09,2715.16,1365.3500000000001,1349.8099999999997,49.71,8937.84,Low Value,2715.16
ORD000856,CUST0195,PRD0055,2023-04-12,12.0,540.73,Customer_195,East,Consumer,2022-03-10,Product_55,Groceries,293.69,Bulk,B2C,0.5365853658536586,1.0360917838296808,2023,4,April,2,Wednesday,2023-04,6488.76,3524.2799999999997,2964.4800000000005,45.69,27758.170000000002,High Value,6488.76
ORD000857,CUST0081,PRD0028,2023-07-10,2.0,375.61,Customer_81,East,Home Office,2023-03-18,Product_28,Electronics,205.51,Regular,B2B-Home,0.04878048780487805,0.23233847734520421,2023,7,July,3,Monday,2023-07,751.22,411.02,340.20000000000005,45.29,6797.1900000000005,Low Value,751.22
ORD000858,CUST0126,PRD0014,2024-12-29,11.0,635.89,Customer_126,West,Home Office,2023-08-28,Product_14,Office Supplies,387.94,Bulk,B2B-Home,0.4878048780487805,1.4993013565347606,2024,12,December,4,Sunday,2024-12,6994.79,4267.34,2727.45,38.99,17624.39,Medium Value,6994.79
ORD000859,CUST0236,PRD0056,2024-07-16,14.0,711.44,Customer_236,West,Corporate,2022-07-13,Product_56,Groceries,375.64,Bulk,B2B,0.6341463414634146,1.8670554887107675,2024,7,July,3,Tuesday,2024-07,9960.16,5258.96,4701.2,47.2,27547.510000000002,High Value,9960.16
ORD000860,CUST0184,PRD0010,2023-03-22,13.0,260.5,Customer_184,East,Corporate,2023-03-31,Product_10,Furniture,167.11,Bulk,B2B,0.5853658536585366,-0.32798155117604166,2023,3,March,1,Wednesday,2023-03,3386.5,2172.4300000000003,1214.0699999999997,35.85,14288.32,Medium Value,3386.5
ORD000861,CUST0092,PRD0016,2024-05-03,7.0,544.93,Customer_92,West,Corporate,2024-06-14,Product_16,Office Supplies,327.74,Regular,B2B,0.2926829268292683,1.0565360903172945,2024,5,May,2,Friday,2024-05,3814.5099999999998,2294.1800000000003,1520.3299999999995,39.86,32693.739999999998,High Value,3814.5099999999998
ORD000862,CUST0221,PRD0016,2023-03-29,5.0,544.93,Customer_221,East,Unknown,2024-01-21,Product_16,Office Supplies,327.74,Regular,,0.1951219512195122,1.0565360903172945,2023,3,March,1,Wednesday,2023-03,2724.6499999999996,1638.7,1085.9499999999996,39.86,18324.27,Medium Value,2724.6499999999996
ORD000863,CUST0021,PRD0054,2023-07-13,14.0,103.87,Customer_21,South,Consumer,2022-05-07,Product_54,Office Supplies,54.1,Bulk,B2C,0.6341463414634146,-1.090408152403413,2023,7,July,3,Thursday,2023-07,1454.18,757.4,696.7800000000001,47.92,17505.63,Medium Value,1454.18
ORD000864,CUST0047,PRD0031,2023-04-14,6.0,490.91,Customer_47,West,Home Office,2022-06-03,Product_31,Electronics,246.19,Regular,B2B-Home,0.24390243902439024,0.7935833673504136,2023,4,April,2,Friday,2023-04,2945.46,1477.1399999999999,1468.3200000000002,49.85,23461.079999999998,High Value,2945.46
ORD000865,CUST0208,PRD0042,2023-04-06,8.0,259.69,Customer_208,West,Consumer,2023-11-24,Product_42,Clothing,132.33,Regular,B2C,0.34146341463414637,-0.33192438171293864,2023,4,April,2,Thursday,2023-04,2077.52,1058.64,1018.8799999999999,49.04,10414.62,Medium Value,2077.52
ORD000866,CUST0101,PRD0025,2024-02-27,10.0,143.9,Customer_101,East,Home Office,2023-11-22,Product_25,Clothing,78.88,Regular,B2B-Home,0.43902439024390244,-0.8955544408083695,2024,2,February,1,Tuesday,2024-02,1439.0,788.8,650.2,45.18,3627.76,Low Value,1439.0
ORD000867,CUST0187,PRD0013,2023-07-17,13.0,326.99,Customer_187,South,Corporate,2024-01-05,Product_13,Office Supplies,162.15,Bulk,B2B,0.5853658536585366,-0.004328708709030647,2023,7,July,3,Monday,2023-07,4250.87,2107.9500000000003,2142.9199999999996,50.41,29348.76,High Value,4250.87
ORD000868,CUST0084,PRD0006,2023-01-01,14.0,100.25,Customer_84,West,Corporate,2022-11-21,Product_6,Groceries,73.48,Bulk,B2B,0.6341463414634146,-1.108029197518928,2023,1,January,1,Sunday,2023-01,1403.5,1028.72,374.78,26.7,25454.75,High Value,1403.5
ORD000869,CUST0006,PRD0044,2024-02-11,12.0,162.81,Customer_6,West,Home Office,2022-04-16,Product_44,Electronics,105.58,Bulk,B2B-Home,0.5365853658536586,-0.8035063846938985,2024,2,February,1,Sunday,2024-02,1953.72,1266.96,686.76,35.15,14393.55,Medium Value,1953.72
ORD000870,CUST0147,PRD0009,2024-01-13,4.0,365.6,Customer_147,East,Consumer,2022-07-11,Product_9,Clothing,212.18,Regular,B2C,0.14634146341463414,0.1836128802163912,2024,1,January,1,Saturday,2024-01,1462.4,848.72,613.6800000000001,41.96,15997.035,Medium Value,1462.4
ORD000871,CUST0185,PRD0045,2023-06-16,13.0,554.21,Customer_185,North,Corporate,2024-03-06,Product_45,Clothing,274.19,Bulk,B2B,0.5853658536585366,1.1017082722708798,2023,6,June,2,Friday,2023-06,7204.7300000000005,3564.47,3640.2600000000007,50.53,7939.9,Low Value,7204.7300000000005
ORD000872,CUST0197,PRD0036,2024-05-23,7.0,291.11,Customer_197,South,Consumer,2023-01-31,Product_36,Clothing,215.37,Regular,B2C,0.2926829268292683,-0.17898149841750338,2024,5,May,2,Thursday,2024-05,2037.77,1507.5900000000001,530.1799999999998,26.02,5776.68,Low Value,2037.77
ORD000873,CUST0131,PRD0056,2024-09-29,6.0,711.44,Customer_131,West,Home Office,2022-07-15,Product_56,Groceries,375.64,Regular,B2B-Home,0.24390243902439024,1.8670554887107675,2024,9,September,3,Sunday,2024-09,4268.64,2253.84,2014.8000000000002,47.2,29367.52,High Value,4268.64
ORD000874,CUST0001,PRD0043,2023-11-09,10.0,674.74,Customer_1,East,Corporate,2024-03-30,Product_43,Furniture,324.9,Regular,B2B,0.43902439024390244,1.688411191545189,2023,11,November,4,Thursday,2023-11,6747.4,3249.0,3498.3999999999996,51.85,21904.12,High Value,6747.4
ORD000875,CUST0058,PRD0020,2024-08-15,2.0,532.93,Customer_58,North,Home Office,2023-03-29,Product_20,Furniture,372.1,Regular,B2B-Home,0.04878048780487805,0.998123786066969,2024,8,August,3,Thursday,2024-08,1065.86,744.2,321.65999999999985,30.18,6030.64,Low Value,1065.86
ORD000876,CUST0124,PRD0018,2024-02-22,8.0,141.2,Customer_124,East,Corporate,2022-03-31,Product_18,Groceries,72.5,Regular,B2B,0.34146341463414637,-0.9086972092646928,2024,2,February,1,Thursday,2024-02,1129.6,580.0,549.5999999999999,48.65,6284.13,Low Value,1129.6
ORD000877,CUST0166,PRD0058,2024-11-11,10.0,45.4,Customer_166,North,Corporate,2024-03-08,Product_58,Electronics,31.27,Regular,B2B,0.43902439024390244,-1.3750221048631235,2024,11,November,4,Monday,2024-11,454.0,312.7,141.3,31.12,29296.449999999997,High Value,454.0
ORD000878,CUST0015,PRD0043,2024-04-21,9.0,674.74,Customer_15,West,Unknown,2022-12-12,Product_43,Furniture,324.9,Regular,,0.3902439024390244,1.688411191545189,2024,4,April,2,Sunday,2024-04,6072.66,2924.1,3148.56,51.85,30532.535000000003,High Value,6072.66
ORD000879,CUST0162,PRD0057,2023-03-14,5.0,133.48,Customer_162,North,Consumer,2022-10-06,Product_57,Electronics,76.59,Regular,B2C,0.1951219512195122,-0.9462757916657354,2023,3,March,1,Tuesday,2023-03,667.4,382.95000000000005,284.44999999999993,42.62,9306.61,Low Value,667.4
ORD000880,CUST0189,PRD0021,2023-05-21,10.0,472.24,Customer_189,East,Corporate,2023-07-18,Product_21,Office Supplies,224.92,Regular,B2B,0.43902439024390244,0.7027035573209489,2023,5,May,2,Sunday,2023-05,4722.4,2249.2,2473.2,52.37,31618.679999999997,High Value,4722.4
ORD000881,CUST0163,PRD0004,2024-08-04,4.0,110.29,Customer_163,West,Consumer,2022-08-05,Product_4,Electronics,78.69,Regular,B2C,0.14634146341463414,-1.059157569629489,2024,8,August,3,Sunday,2024-08,441.16,314.76,126.40000000000003,28.65,3308.28,Low Value,441.16
ORD000882,CUST0064,PRD0050,2023-09-19,6.0,285.21,Customer_64,North,Home Office,2023-07-05,Product_50,Clothing,142.8,Regular,B2B-Home,0.24390243902439024,-0.20770088134058018,2023,9,September,3,Tuesday,2023-09,1711.2599999999998,856.8000000000001,854.4599999999997,49.93,11935.43,Medium Value,1711.2599999999998
ORD000883,CUST0241,PRD0033,2023-12-06,8.0,406.65,Customer_241,South,Consumer,2022-12-05,Product_33,Groceries,234.59,Regular,B2C,0.34146341463414637,0.3834316376727122,2023,12,December,4,Wednesday,2023-12,3253.2,1876.72,1376.4799999999998,42.31,24028.78,High Value,3253.2
ORD000884,CUST0025,PRD0027,2023-11-04,11.0,370.3,Customer_25,West,Corporate,2023-09-26,Product_27,Electronics,173.05,Bulk,B2B,0.4878048780487805,0.20649103271443522,2023,11,November,4,Saturday,2023-11,4073.3,1903.5500000000002,2169.75,53.27,14677.33,Medium Value,4073.3
ORD000885,CUST0024,PRD0007,2023-09-02,3.0,723.68,Customer_24,West,Home Office,2022-02-27,Product_7,Clothing,359.22,Regular,B2B-Home,0.0975609756097561,1.9266360390460988,2023,9,September,3,Saturday,2023-09,2171.04,1077.66,1093.3799999999999,50.36,5779.91,Low Value,2171.04
ORD000886,CUST0012,PRD0006,2024-05-29,10.0,100.25,Customer_12,East,Consumer,2024-02-26,Product_6,Groceries,73.48,Regular,B2C,0.43902439024390244,-1.108029197518928,2024,5,May,2,Wednesday,2024-05,1002.5,734.8000000000001,267.69999999999993,26.7,18815.17,Medium Value,1002.5
ORD000887,CUST0018,PRD0015,2023-12-03,11.0,547.01,Customer_18,West,Consumer,2022-04-27,Product_15,Office Supplies,346.88,Bulk,B2C,0.4878048780487805,1.0666608897206844,2023,12,December,4,Sunday,2023-12,6017.11,3815.68,2201.43,36.59,10770.9,Medium Value,6017.11
ORD000888,CUST0015,PRD0018,2024-07-28,11.0,291.11,Customer_15,West,Unknown,2022-12-12,Product_18,Groceries,72.5,Bulk,,0.4878048780487805,-0.17898149841750338,2024,7,July,3,Sunday,2024-07,3202.21,797.5,2404.71,75.1,30532.535000000003,High Value,3202.21
ORD000889,CUST0236,PRD0032,2024-07-14,1.0,216.61,Customer_236,West,Corporate,2022-07-13,Product_32,Electronics,119.01,Regular,B2B,0.0,-0.5416245539716065,2024,7,July,3,Sunday,2024-07,216.61,119.01,97.60000000000001,45.06,27547.510000000002,High Value,216.61
ORD000890,CUST0208,PRD0056,2023-03-17,4.0,711.44,Customer_208,West,Consumer,2023-11-24,Product_56,Groceries,375.64,Regular,B2C,0.14634146341463414,1.8670554887107675,2023,3,March,1,Friday,2023-03,2845.76,1502.56,1343.2000000000003,47.2,10414.62,Medium Value,2845.76
ORD000891,CUST0027,PRD0011,2023-06-24,4.0,816.42,Customer_27,South,Consumer,2024-01-21,Product_11,Groceries,393.04,Regular,B2C,0.14634146341463414,2.3780657970606964,2023,6,June,2,Saturday,2023-06,3265.68,1572.16,1693.5199999999998,51.86,8937.84,Low Value,3265.68
ORD000892,CUST0072,PRD0020,2023-04-19,1.0,532.93,Customer_72,South,Consumer,2023-06-06,Product_20,Furniture,372.1,Regular,B2C,0.0,0.998123786066969,2023,4,April,2,Wednesday,2023-04,532.93,372.1,160.82999999999993,30.18,24813.85,High Value,532.93
ORD000893,CUST0060,PRD0024,2023-07-02,9.0,650.79,Customer_60,North,Consumer,2022-08-06,Product_24,Groceries,308.95,Regular,B2C,0.3902439024390244,1.5718299676455811,2023,7,July,3,Sunday,2023-07,5857.11,2780.5499999999997,3076.56,52.53,22112.15,High Value,5857.11
ORD000894,CUST0174,PRD0015,2023-07-11,3.0,547.01,Customer_174,West,Home Office,2023-02-01,Product_15,Office Supplies,346.88,Regular,B2B-Home,0.0975609756097561,1.0666608897206844,2023,7,July,3,Tuesday,2023-07,1641.03,1040.6399999999999,600.3900000000001,36.59,11404.2,Medium Value,1641.03
ORD000895,CUST0217,PRD0048,2023-03-06,5.0,253.91,Customer_217,West,Home Office,2024-01-03,Product_48,Electronics,191.27,Regular,B2B-Home,0.1951219512195122,-0.360059641593512,2023,3,March,1,Monday,2023-03,1269.55,956.35,313.19999999999993,24.67,14480.220000000001,Medium Value,1269.55
ORD000896,CUST0145,PRD0007,2024-04-18,6.0,723.68,Customer_145,West,Consumer,2024-05-18,Product_7,Clothing,359.22,Regular,B2C,0.24390243902439024,1.9266360390460988,2024,4,April,2,Thursday,2024-04,4342.08,2155.32,2186.7599999999998,50.36,28262.845,High Value,4342.08
ORD000897,CUST0093,PRD0021,2023-04-10,8.0,472.24,Customer_93,South,Unknown,2022-06-09,Product_21,Office Supplies,224.92,Regular,,0.34146341463414637,0.7027035573209489,2023,4,April,2,Monday,2023-04,3777.92,1799.36,1978.5600000000002,52.37,17045.37,Medium Value,3777.92
ORD000898,CUST0053,PRD0042,2024-06-27,6.0,259.69,Customer_53,East,Consumer,2022-08-08,Product_42,Clothing,132.33,Regular,B2C,0.24390243902439024,-0.33192438171293864,2024,6,June,2,Thursday,2024-06,1558.1399999999999,793.98,764.1599999999999,49.04,10522.06,Medium Value,1558.1399999999999
ORD000899,CUST0008,PRD0026,2023-05-08,3.0,174.95,Customer_8,North,Home Office,2023-10-21,Product_26,Furniture,132.85,Regular,B2B-Home,0.0975609756097561,-0.7444126035606528,2023,5,May,2,Monday,2023-05,524.8499999999999,398.54999999999995,126.29999999999995,24.06,25350.17,High Value,524.8499999999999
ORD000900,CUST0079,PRD0044,2024-03-27,6.0,162.81,Customer_79,East,Consumer,2024-02-01,Product_44,Electronics,105.58,Regular,B2C,0.24390243902439024,-0.8035063846938985,2024,3,March,1,Wednesday,2024-03,976.86,633.48,343.38,35.15,15573.27,Medium Value,976.86
ORD000901,CUST0027,PRD0056,2024-01-04,1.0,711.44,Customer_27,South,Consumer,2024-01-21,Product_56,Groceries,375.64,Regular,B2C,0.0,1.8670554887107675,2024,1,January,1,Thursday,2024-01,711.44,375.64,335.80000000000007,47.2,8937.84,Low Value,711.44
ORD000902,CUST0174,PRD0014,2023-02-12,4.0,635.89,Customer_174,West,Home Office,2023-02-01,Product_14,Office Supplies,387.94,Regular,B2B-Home,0.14634146341463414,1.4993013565347606,2023,2,February,1,Sunday,2023-02,2543.56,1551.76,991.8,38.99,11404.2,Medium Value,2543.56
ORD000903,CUST0050,PRD0057,2024-02-23,6.0,133.48,Customer_50,South,Consumer,2022-03-27,Product_57,Electronics,76.59,Regular,B2C,0.24390243902439024,-0.9462757916657354,2024,2,February,1,Friday,2024-02,800.8799999999999,459.54,341.33999999999986,42.62,17166.309999999998,Medium Value,800.8799999999999
ORD000904,CUST0244,PRD0037,2024-05-02,7.0,38.5,Customer_244,North,Home Office,2022-12-31,Product_37,Furniture,25.47,Regular,B2B-Home,0.2926829268292683,-1.4086091798070604,2024,5,May,2,Thursday,2024-05,269.5,178.29,91.21000000000001,33.84,9010.9,Low Value,269.5
ORD000905,CUST0199,PRD0058,2023-03-19,11.0,45.4,Customer_199,North,Corporate,2024-06-09,Product_58,Electronics,31.27,Bulk,B2B,0.4878048780487805,-1.3750221048631235,2023,3,March,1,Sunday,2023-03,499.4,343.96999999999997,155.43,31.12,26612.1,High Value,499.4
ORD000906,CUST0131,PRD0021,2023-09-27,13.0,472.24,Customer_131,West,Home Office,2022-07-15,Product_21,Office Supplies,224.92,Bulk,B2B-Home,0.5853658536585366,0.7027035573209489,2023,9,September,3,Wednesday,2023-09,6139.12,2923.96,3215.16,52.37,29367.52,High Value,6139.12
ORD000907,CUST0093,PRD0018,2024-11-04,11.0,141.2,Customer_93,South,Unknown,2022-06-09,Product_18,Groceries,72.5,Bulk,,0.4878048780487805,-0.9086972092646928,2024,11,November,4,Monday,2024-11,1553.1999999999998,797.5,755.6999999999998,48.65,17045.37,Medium Value,1553.1999999999998
ORD000908,CUST0192,PRD0005,2024-12-01,10.0,160.38,Customer_192,East,Corporate,2023-01-02,Product_5,Office Supplies,117.61,Regular,B2B,0.43902439024390244,-0.8153348763045895,2024,12,December,4,Sunday,2024-12,1603.8,1176.1,427.70000000000005,26.67,10536.52,Medium Value,1603.8
ORD000909,CUST0172,PRD0003,2024-12-28,3.0,136.62,Customer_172,North,Consumer,2023-12-30,Product_3,Electronics,68.47,Regular,B2C,0.0975609756097561,-0.9309912387202336,2024,12,December,4,Saturday,2024-12,409.86,205.41,204.45000000000002,49.88,25425.829999999998,High Value,409.86
ORD000910,CUST0181,PRD0023,2023-11-11,9.0,201.54,Customer_181,North,Corporate,2022-08-21,Product_23,Electronics,115.59,Regular,B2B,0.3902439024390244,-0.6149806727259736,2023,11,November,4,Saturday,2023-11,1813.86,1040.31,773.55,42.65,9609.62,Medium Value,1813.86
ORD000911,CUST0024,PRD0026,2023-06-17,12.0,174.95,Customer_24,West,Home Office,2022-02-27,Product_26,Furniture,132.85,Bulk,B2B-Home,0.5365853658536586,-0.7444126035606528,2023,6,June,2,Saturday,2023-06,2099.3999999999996,1594.1999999999998,505.1999999999998,24.06,5779.91,Low Value,2099.3999999999996
ORD000912,CUST0060,PRD0037,2023-12-05,12.0,38.5,Customer_60,North,Consumer,2022-08-06,Product_37,Furniture,25.47,Bulk,B2C,0.5365853658536586,-1.4086091798070604,2023,12,December,4,Tuesday,2023-12,462.0,305.64,156.36,33.84,22112.15,High Value,462.0
ORD000913,CUST0122,PRD0024,2023-07-12,7.0,650.79,Customer_122,North,Consumer,2023-12-28,Product_24,Groceries,308.95,Regular,B2C,0.2926829268292683,1.5718299676455811,2023,7,July,3,Wednesday,2023-07,4555.53,2162.65,2392.8799999999997,52.53,13334.26,Medium Value,4555.53
ORD000914,CUST0131,PRD0049,2024-03-28,14.0,291.11,Customer_131,West,Home Office,2022-07-15,Product_49,Groceries,167.68,Bulk,B2B-Home,0.6341463414634146,-0.17898149841750338,2024,3,March,1,Thursday,2024-03,4075.54,2347.52,1728.02,42.4,29367.52,High Value,4075.54
ORD000915,CUST0148,PRD0019,2023-10-10,1.0,458.22,Customer_148,East,Home Office,2024-01-09,Product_19,Furniture,269.11,Regular,B2B-Home,0.0,0.6344585151884856,2023,10,October,4,Tuesday,2023-10,458.22,269.11,189.11,41.27,13347.279999999999,Medium Value,458.22
ORD000916,CUST0046,PRD0051,2023-12-02,2.0,502.39,Customer_46,West,Home Office,2022-03-17,Product_51,Furniture,372.16,Regular,B2B-Home,0.04878048780487805,0.8494644717498913,2023,12,December,4,Saturday,2023-12,1004.78,744.32,260.4599999999999,25.92,28122.76,High Value,1004.78
ORD000917,CUST0015,PRD0025,2024-01-25,1.0,143.9,Customer_15,West,Unknown,2022-12-12,Product_25,Clothing,78.88,Regular,,0.0,-0.8955544408083695,2024,1,January,1,Thursday,2024-01,143.9,78.88,65.02000000000001,45.18,30532.535000000003,High Value,143.9
ORD000918,CUST0153,PRD0021,2024-06-08,11.0,472.24,Customer_153,North,Home Office,2023-10-26,Product_21,Office Supplies,224.92,Bulk,B2B-Home,0.4878048780487805,0.7027035573209489,2024,6,June,2,Saturday,2024-06,5194.64,2474.12,2720.5200000000004,52.37,15670.85,Medium Value,5194.64
ORD000919,CUST0222,PRD0012,2023-08-28,9.0,78.44,Customer_222,East,Home Office,2023-08-11,Product_12,Furniture,49.26,Regular,B2B-Home,0.3902439024390244,-1.2141935604938943,2023,8,August,3,Monday,2023-08,705.96,443.34,262.62000000000006,37.2,20477.29,High Value,705.96
ORD000920,CUST0206,PRD0057,2024-04-27,9.0,133.48,Customer_206,North,Corporate,2022-02-08,Product_57,Electronics,76.59,Regular,B2B,0.3902439024390244,-0.9462757916657354,2024,4,April,2,Saturday,2024-04,1201.32,689.3100000000001,512.0099999999999,42.62,14861.295,Medium Value,1201.32
ORD000921,CUST0199,PRD0041,2024-10-20,7.0,700.93,Customer_199,North,Corporate,2024-06-09,Product_41,Furniture,396.03,Regular,B2B,0.2926829268292683,1.8158960455715238,2024,10,October,4,Sunday,2024-10,4906.509999999999,2772.21,2134.2999999999993,43.5,26612.1,High Value,4906.509999999999
ORD000922,CUST0017,PRD0033,2024-12-16,10.0,406.65,Customer_17,West,Corporate,2023-04-19,Product_33,Groceries,234.59,Regular,B2B,0.43902439024390244,0.3834316376727122,2024,12,December,4,Monday,2024-12,4066.5,2345.9,1720.6,42.31,15212.76,Medium Value,4066.5
ORD000923,CUST0126,PRD0050,2024-08-14,3.0,285.21,Customer_126,West,Home Office,2023-08-28,Product_50,Clothing,142.8,Regular,B2B-Home,0.0975609756097561,-0.20770088134058018,2024,8,August,3,Wednesday,2024-08,855.6299999999999,428.40000000000003,427.22999999999985,49.93,17624.39,Medium Value,855.6299999999999
ORD000924,CUST0236,PRD0053,2024-07-08,13.0,742.35,Customer_236,West,Corporate,2022-07-13,Product_53,Office Supplies,386.19,Bulk,B2B,0.5853658536585366,2.0175158490755636,2024,7,July,3,Monday,2024-07,9650.550000000001,5020.47,4630.080000000001,47.98,27547.510000000002,High Value,9650.550000000001
ORD000925,CUST0084,PRD0004,2024-04-02,5.0,110.29,Customer_84,West,Corporate,2022-11-21,Product_4,Electronics,78.69,Regular,B2B,0.1951219512195122,-1.059157569629489,2024,4,April,2,Tuesday,2024-04,551.45,393.45,158.00000000000006,28.65,25454.75,High Value,551.45
ORD000926,CUST0228,PRD0042,2023-03-30,4.0,259.69,Customer_228,South,Corporate,2023-06-03,Product_42,Clothing,132.33,Regular,B2B,0.14634146341463414,-0.33192438171293864,2023,3,March,1,Thursday,2023-03,1038.76,529.32,509.43999999999994,49.04,3446.52,Low Value,1038.76
ORD000927,CUST0009,PRD0057,2024-10-21,7.0,133.48,Customer_9,East,Consumer,2023-10-19,Product_57,Electronics,76.59,Regular,B2C,0.2926829268292683,-0.9462757916657354,2024,10,October,4,Monday,2024-10,934.3599999999999,536.13,398.2299999999999,42.62,21697.53,High Value,934.3599999999999
ORD000928,CUST0166,PRD0007,2023-04-05,14.0,723.68,Customer_166,North,Corporate,2024-03-08,Product_7,Clothing,359.22,Bulk,B2B,0.6341463414634146,1.9266360390460988,2023,4,April,2,Wednesday,2023-04,10131.519999999999,5029.08,5102.439999999999,50.36,29296.449999999997,High Value,10131.519999999999
ORD000929,CUST0176,PRD0022,2024-03-27,9.0,365.55,Customer_176,South,Home Office,2022-01-19,Product_22,Office Supplies,230.79,Regular,B2B-Home,0.3902439024390244,0.18336949561534813,2024,3,March,1,Wednesday,2024-03,3289.9500000000003,2077.11,1212.8400000000001,36.86,20571.989999999998,High Value,3289.9500000000003
ORD000930,CUST0249,PRD0055,2024-03-03,12.0,540.73,Customer_249,North,Home Office,2023-05-26,Product_55,Groceries,293.69,Bulk,B2B-Home,0.5365853658536586,1.0360917838296808,2024,3,March,1,Sunday,2024-03,6488.76,3524.2799999999997,2964.4800000000005,45.69,23289.71,High Value,6488.76
ORD000931,CUST0188,PRD0033,2023-05-31,2.0,406.65,Customer_188,East,Home Office,2023-01-19,Product_33,Groceries,234.59,Regular,B2B-Home,0.04878048780487805,0.3834316376727122,2023,5,May,2,Wednesday,2023-05,813.3,469.18,344.11999999999995,42.31,11685.11,Medium Value,813.3
ORD000932,CUST0063,PRD0017,2024-05-28,13.0,160.45,Customer_63,North,Consumer,2022-12-07,Product_17,Clothing,106.87,Bulk,B2C,0.5853658536585366,-0.8149941378631292,2024,5,May,2,Tuesday,2024-05,2085.85,1389.31,696.54,33.39,14462.820000000002,Medium Value,2085.85
ORD000933,CUST0214,PRD0024,2024-01-11,8.0,650.79,Customer_214,East,Corporate,2022-05-13,Product_24,Groceries,308.95,Regular,B2B,0.34146341463414637,1.5718299676455811,2024,1,January,1,Thursday,2024-01,5206.32,2471.6,2734.72,52.53,19948.84,High Value,5206.32
ORD000934,CUST0246,PRD0034,2023-01-22,9.0,138.13,Customer_246,South,Consumer,2022-12-08,Product_34,Clothing,65.97,Regular,B2C,0.3902439024390244,-0.9236410237687344,2023,1,January,1,Sunday,2023-01,1243.17,593.73,649.44,52.24,24314.760000000002,High Value,1243.17
ORD000935,CUST0245,PRD0028,2023-11-09,10.0,375.61,Customer_245,East,Corporate,2024-04-12,Product_28,Electronics,205.51,Regular,B2B,0.43902439024390244,0.23233847734520421,2023,11,November,4,Thursday,2023-11,3756.1000000000004,2055.1,1701.0000000000005,45.29,17741.12,Medium Value,3756.1000000000004
ORD000936,CUST0117,PRD0058,2024-06-02,14.0,45.4,Customer_117,North,Corporate,2024-06-16,Product_58,Electronics,31.27,Bulk,B2B,0.6341463414634146,-1.3750221048631235,2024,6,June,2,Sunday,2024-06,635.6,437.78,197.82000000000005,31.12,18738.5,Medium Value,635.6
ORD000937,CUST0130,PRD0043,2023-07-25,10.0,674.74,Customer_130,West,Home Office,2023-09-09,Product_43,Furniture,324.9,Regular,B2B-Home,0.43902439024390244,1.688411191545189,2023,7,July,3,Tuesday,2023-07,6747.4,3249.0,3498.3999999999996,51.85,29687.56,High Value,6747.4
ORD000938,CUST0088,PRD0041,2024-01-10,9.0,700.93,Customer_88,North,Consumer,2022-12-02,Product_41,Furniture,396.03,Regular,B2C,0.3902439024390244,1.8158960455715238,2024,1,January,1,Wednesday,2024-01,6308.37,3564.2699999999995,2744.1000000000004,43.5,18964.23,Medium Value,6308.37
ORD000939,CUST0072,PRD0039,2024-03-26,14.0,112.92,Customer_72,South,Consumer,2023-06-06,Product_39,Electronics,58.09,Bulk,B2C,0.6341463414634146,-1.046355539614626,2024,3,March,1,Tuesday,2024-03,1580.88,813.26,767.6200000000001,48.56,24813.85,High Value,1580.88
ORD000940,CUST0139,PRD0022,2024-09-17,10.0,365.55,Customer_139,East,Consumer,2023-02-24,Product_22,Office Supplies,230.79,Regular,B2C,0.43902439024390244,0.18336949561534813,2024,9,September,3,Tuesday,2024-09,3655.5,2307.9,1347.6,36.86,10697.31,Medium Value,3655.5
ORD000941,CUST0064,PRD0049,2024-08-17,14.0,291.11,Customer_64,North,Home Office,2023-07-05,Product_49,Groceries,167.68,Bulk,B2B-Home,0.6341463414634146,-0.17898149841750338,2024,8,August,3,Saturday,2024-08,4075.54,2347.52,1728.02,42.4,11935.43,Medium Value,4075.54
ORD000942,CUST0205,PRD0017,2023-06-28,7.0,160.45,Customer_205,West,Home Office,2023-07-23,Product_17,Clothing,106.87,Regular,B2B-Home,0.2926829268292683,-0.8149941378631292,2023,6,June,2,Wednesday,2023-06,1123.1499999999999,748.09,375.05999999999983,33.39,14569.19,Medium Value,1123.1499999999999
ORD000943,CUST0209,PRD0034,2023-07-29,9.0,138.13,Customer_209,South,Corporate,2022-02-11,Product_34,Clothing,65.97,Regular,B2B,0.3902439024390244,-0.9236410237687344,2023,7,July,3,Saturday,2023-07,1243.17,593.73,649.44,52.24,5938.1900000000005,Low Value,1243.17
ORD000944,CUST0072,PRD0006,2024-05-14,9.0,100.25,Customer_72,South,Consumer,2023-06-06,Product_6,Groceries,73.48,Regular,B2C,0.3902439024390244,-1.108029197518928,2024,5,May,2,Tuesday,2024-05,902.25,661.32,240.92999999999995,26.7,24813.85,High Value,902.25
ORD000945,CUST0021,PRD0046,2024-04-08,14.0,400.12,Customer_21,South,Consumer,2022-05-07,Product_46,Office Supplies,305.29,Bulk,B2C,0.6341463414634146,0.35164560877649365,2024,4,April,2,Monday,2024-04,5601.68,4274.06,1327.62,23.7,17505.63,Medium Value,5601.68
ORD000946,CUST0018,PRD0006,2023-05-04,3.0,100.25,Customer_18,West,Consumer,2022-04-27,Product_6,Groceries,73.48,Regular,B2C,0.0975609756097561,-1.108029197518928,2023,5,May,2,Thursday,2023-05,300.75,220.44,80.31,26.7,10770.9,Medium Value,300.75
ORD000947,CUST0222,PRD0034,2023-04-23,4.0,138.13,Customer_222,East,Home Office,2023-08-11,Product_34,Clothing,65.97,Regular,B2B-Home,0.14634146341463414,-0.9236410237687344,2023,4,April,2,Sunday,2023-04,552.52,263.88,288.64,52.24,20477.29,High Value,552.52
ORD000948,CUST0064,PRD0001,2023-01-12,2.0,133.49,Customer_64,North,Home Office,2023-07-05,Product_1,Furniture,65.38,Regular,B2B-Home,0.04878048780487805,-0.9462271147455267,2023,1,January,1,Thursday,2023-01,266.98,130.76,136.22000000000003,51.02,11935.43,Medium Value,266.98
ORD000949,CUST0082,PRD0010,2023-05-06,8.0,260.5,Customer_82,West,Home Office,2023-08-31,Product_10,Furniture,167.11,Regular,B2B-Home,0.34146341463414637,-0.32798155117604166,2023,5,May,2,Saturday,2023-05,2084.0,1336.88,747.1199999999999,35.85,15303.380000000001,Medium Value,2084.0
ORD000950,CUST0110,PRD0021,2024-07-18,3.0,472.24,Customer_110,East,Consumer,2022-02-12,Product_21,Office Supplies,224.92,Regular,B2C,0.0975609756097561,0.7027035573209489,2024,7,July,3,Thursday,2024-07,1416.72,674.76,741.96,52.37,11602.22,Medium Value,1416.72
ORD000951,CUST0239,PRD0005,2023-11-27,11.0,160.38,Customer_239,East,Home Office,2022-06-14,Product_5,Office Supplies,117.61,Bulk,B2B-Home,0.4878048780487805,-0.8153348763045895,2023,11,November,4,Monday,2023-11,1764.1799999999998,1293.71,470.4699999999998,26.67,38168.37,High Value,1764.1799999999998
ORD000952,CUST0095,PRD0002,2023-10-10,11.0,136.86,Customer_95,South,Home Office,2024-05-01,Product_2,Clothing,102.15,Bulk,B2B-Home,0.4878048780487805,-0.9298229926352269,2023,10,October,4,Tuesday,2023-10,1505.46,1123.65,381.80999999999995,25.36,1542.5,Low Value,1505.46
ORD000953,CUST0166,PRD0022,2023-05-20,5.0,365.55,Customer_166,North,Corporate,2024-03-08,Product_22,Office Supplies,230.79,Regular,B2B,0.1951219512195122,0.18336949561534813,2023,5,May,2,Saturday,2023-05,1827.75,1153.95,673.8,36.86,29296.449999999997,High Value,1827.75
ORD000954,CUST0032,PRD0048,2024-02-05,5.0,253.91,Customer_32,North,Consumer,2023-07-14,Product_48,Electronics,191.27,Regular,B2C,0.1951219512195122,-0.360059641593512,2024,2,February,1,Monday,2024-02,1269.55,956.35,313.19999999999993,24.67,24463.52,High Value,1269.55
ORD000955,CUST0011,PRD0057,2023-04-07,6.0,133.48,Customer_11,East,Consumer,2024-04-10,Product_57,Electronics,76.59,Regular,B2C,0.24390243902439024,-0.9462757916657354,2023,4,April,2,Friday,2023-04,800.8799999999999,459.54,341.33999999999986,42.62,20185.96,High Value,800.8799999999999
ORD000956,CUST0045,PRD0002,2024-05-31,13.0,136.86,Customer_45,West,Corporate,2022-09-04,Product_2,Clothing,102.15,Bulk,B2B,0.5853658536585366,-0.9298229926352269,2024,5,May,2,Friday,2024-05,1779.1800000000003,1327.95,451.23000000000025,25.36,29981.27,High Value,1779.1800000000003
ORD000957,CUST0217,PRD0010,2024-07-22,7.0,260.5,Customer_217,West,Home Office,2024-01-03,Product_10,Furniture,167.11,Regular,B2B-Home,0.2926829268292683,-0.32798155117604166,2024,7,July,3,Monday,2024-07,1823.5,1169.77,653.73,35.85,14480.220000000001,Medium Value,1823.5
ORD000958,CUST0033,PRD0034,2023-03-10,7.0,138.13,Customer_33,West,Corporate,2023-08-24,Product_34,Clothing,65.97,Regular,B2B,0.2926829268292683,-0.9236410237687344,2023,3,March,1,Friday,2023-03,966.91,461.78999999999996,505.12,52.24,7098.120000000001,Low Value,966.91
ORD000959,CUST0102,PRD0016,2023-04-28,1.0,544.93,Customer_102,South,Corporate,2023-03-03,Product_16,Office Supplies,327.74,Regular,B2B,0.0,1.0565360903172945,2023,4,April,2,Friday,2023-04,544.93,327.74,217.18999999999994,39.86,15984.16,Medium Value,544.93
ORD000960,CUST0169,PRD0048,2023-02-28,14.0,253.91,Customer_169,East,Home Office,2022-03-03,Product_48,Electronics,191.27,Bulk,B2B-Home,0.6341463414634146,-0.360059641593512,2023,2,February,1,Tuesday,2023-02,3554.74,2677.78,876.9599999999996,24.67,18288.989999999998,Medium Value,3554.74
ORD000961,CUST0136,PRD0051,2023-02-02,2.0,502.39,Customer_136,North,Corporate,2022-03-16,Product_51,Furniture,372.16,Regular,B2B,0.04878048780487805,0.8494644717498913,2023,2,February,1,Thursday,2023-02,1004.78,744.32,260.4599999999999,25.92,5826.04,Low Value,1004.78
ORD000962,CUST0011,PRD0039,2023-11-14,8.0,112.92,Customer_11,East,Consumer,2024-04-10,Product_39,Electronics,58.09,Regular,B2C,0.34146341463414637,-1.046355539614626,2023,11,November,4,Tuesday,2023-11,903.36,464.72,438.64,48.56,20185.96,High Value,903.36
ORD000963,CUST0214,PRD0022,2023-02-19,9.0,365.55,Customer_214,East,Corporate,2022-05-13,Product_22,Office Supplies,230.79,Regular,B2B,0.3902439024390244,0.18336949561534813,2023,2,February,1,Sunday,2023-02,3289.9500000000003,2077.11,1212.8400000000001,36.86,19948.84,High Value,3289.9500000000003
ORD000964,CUST0179,PRD0012,2024-05-03,10.0,78.44,Customer_179,North,Corporate,2023-01-31,Product_12,Furniture,49.26,Regular,B2B,0.43902439024390244,-1.2141935604938943,2024,5,May,2,Friday,2024-05,784.4,492.59999999999997,291.8,37.2,4424.96,Low Value,784.4
ORD000965,CUST0088,PRD0024,2023-01-19,2.0,650.79,Customer_88,North,Consumer,2022-12-02,Product_24,Groceries,308.95,Regular,B2C,0.04878048780487805,1.5718299676455811,2023,1,January,1,Thursday,2023-01,1301.58,617.9,683.68,52.53,18964.23,Medium Value,1301.58
ORD000966,CUST0041,PRD0047,2024-12-26,6.0,491.72,Customer_41,East,Corporate,2023-03-23,Product_47,Furniture,240.28,Regular,B2B,0.24390243902439024,0.7975261978873105,2024,12,December,4,Thursday,2024-12,2950.32,1441.68,1508.64,51.13,11456.41,Medium Value,2950.32
ORD000967,CUST0145,PRD0040,2023-07-16,11.0,37.04,Customer_145,West,Consumer,2024-05-18,Product_40,Groceries,30.03,Bulk,B2C,0.4878048780487805,-1.4157160101575166,2023,7,July,3,Sunday,2023-07,407.44,330.33000000000004,77.10999999999996,18.93,28262.845,High Value,407.44
ORD000968,CUST0076,PRD0038,2024-03-25,11.0,199.83,Customer_76,South,Consumer,2024-03-12,Product_38,Office Supplies,137.96,Bulk,B2C,0.4878048780487805,-0.6233044260816448,2024,3,March,1,Monday,2024-03,2198.13,1517.5600000000002,680.5699999999999,30.96,13324.84,Medium Value,2198.13
ORD000969,CUST0121,PRD0060,2024-07-12,1.0,320.42,Customer_121,West,Unknown,2022-02-04,Product_60,Groceries,231.92,Regular,,0.0,-0.036309445286083736,2024,7,July,3,Friday,2024-07,320.42,231.92,88.50000000000003,27.62,5678.95,Low Value,320.42
ORD000970,CUST0046,PRD0059,2024-11-09,3.0,460.22,Customer_46,West,Home Office,2022-03-17,Product_59,Groceries,297.74,Regular,B2B-Home,0.0975609756097561,0.6441938992302065,2024,11,November,4,Saturday,2024-11,1380.66,893.22,487.44000000000005,35.3,28122.76,High Value,1380.66
ORD000971,CUST0160,PRD0010,2024-03-27,2.0,260.5,Customer_160,West,Corporate,2023-11-26,Product_10,Furniture,167.11,Regular,B2B,0.04878048780487805,-0.32798155117604166,2024,3,March,1,Wednesday,2024-03,521.0,334.22,186.77999999999997,35.85,13726.23,Medium Value,521.0
ORD000972,CUST0207,PRD0035,2023-10-16,3.0,387.88,Customer_207,West,Consumer,2022-04-19,Product_35,Electronics,195.05,Regular,B2C,0.0975609756097561,0.29206505844116176,2023,10,October,4,Monday,2023-10,1163.6399999999999,585.1500000000001,578.4899999999998,49.71,12478.16,Medium Value,1163.6399999999999
ORD000973,CUST0080,PRD0051,2023-05-21,5.0,502.39,Customer_80,West,Corporate,2023-10-21,Product_51,Furniture,372.16,Regular,B2B,0.1951219512195122,0.8494644717498913,2023,5,May,2,Sunday,2023-05,2511.95,1860.8000000000002,651.1499999999996,25.92,20842.22,High Value,2511.95
ORD000974,CUST0054,PRD0049,2023-03-25,8.0,267.83,Customer_54,West,Corporate,2022-03-10,Product_49,Groceries,167.68,Regular,B2B,0.34146341463414637,-0.29230136866313466,2023,3,March,1,Saturday,2023-03,2142.64,1341.44,801.1999999999998,37.39,25861.08,High Value,2142.64
ORD000975,CUST0086,PRD0032,2024-11-24,10.0,216.61,Customer_86,East,Home Office,2022-01-16,Product_32,Electronics,119.01,Regular,B2B-Home,0.43902439024390244,-0.5416245539716065,2024,11,November,4,Sunday,2024-11,2166.1000000000004,1190.1000000000001,976.0000000000002,45.06,9032.79,Low Value,2166.1000000000004
ORD000976,CUST0092,PRD0007,2024-01-26,21.5,723.68,Customer_92,West,Corporate,2024-06-14,Product_7,Clothing,359.22,Bulk,B2B,1.0,1.9266360390460988,2024,1,January,1,Friday,2024-01,15559.119999999999,7723.2300000000005,7835.8899999999985,50.36,32693.739999999998,High Value,15559.119999999999
ORD000977,CUST0148,PRD0021,2024-08-13,9.0,472.24,Customer_148,East,Home Office,2024-01-09,Product_21,Office Supplies,224.92,Regular,B2B-Home,0.3902439024390244,0.7027035573209489,2024,8,August,3,Tuesday,2024-08,4250.16,2024.28,2225.88,52.37,13347.279999999999,Medium Value,4250.16
ORD000978,CUST0161,PRD0020,2023-08-03,12.0,532.93,Customer_161,East,Home Office,2023-06-09,Product_20,Furniture,372.1,Bulk,B2B-Home,0.5365853658536586,0.998123786066969,2023,8,August,3,Thursday,2023-08,6395.16,4465.200000000001,1929.9599999999991,30.18,18873.29,Medium Value,6395.16
ORD000979,CUST0202,PRD0026,2024-06-09,11.0,174.95,Customer_202,West,Corporate,2023-07-19,Product_26,Furniture,132.85,Bulk,B2B,0.4878048780487805,-0.7444126035606528,2024,6,June,2,Sunday,2024-06,1924.4499999999998,1461.35,463.0999999999999,24.06,18852.37,Medium Value,1924.4499999999998
ORD000980,CUST0168,PRD0004,2023-08-03,10.0,110.29,Customer_168,East,Home Office,2024-05-30,Product_4,Electronics,78.69,Regular,B2B-Home,0.43902439024390244,-1.059157569629489,2023,8,August,3,Thursday,2023-08,1102.9,786.9,316.0000000000001,28.65,8955.15,Low Value,1102.9
ORD000981,CUST0160,PRD0046,2024-02-07,12.0,400.12,Customer_160,West,Corporate,2023-11-26,Product_46,Office Supplies,305.29,Bulk,B2B,0.5365853658536586,0.35164560877649365,2024,2,February,1,Wednesday,2024-02,4801.4400000000005,3663.4800000000005,1137.96,23.7,13726.23,Medium Value,4801.4400000000005
ORD000982,CUST0242,PRD0052,2023-05-08,12.0,476.07,Customer_242,East,Consumer,2023-10-10,Product_52,Furniture,333.09,Bulk,B2C,0.5365853658536586,0.7213468177608444,2023,5,May,2,Monday,2023-05,5712.84,3997.08,1715.7600000000002,30.03,29273.95,High Value,5712.84
ORD000983,CUST0097,PRD0022,2024-04-21,13.0,365.55,Customer_97,South,Consumer,2023-11-21,Product_22,Office Supplies,230.79,Bulk,B2C,0.5853658536585366,0.18336949561534813,2024,4,April,2,Sunday,2024-04,4752.150000000001,3000.27,1751.8800000000006,36.86,12131.01,Medium Value,4752.150000000001
ORD000984,CUST0002,PRD0015,2024-02-08,4.0,547.01,Customer_2,West,Consumer,2023-10-18,Product_15,Office Supplies,346.88,Regular,B2C,0.14634146341463414,1.0666608897206844,2024,2,February,1,Thursday,2024-02,2188.04,1387.52,800.52,36.59,13901.66,Medium Value,2188.04
ORD000985,CUST0225,PRD0056,2023-01-29,7.0,711.44,Customer_225,South,Consumer,2023-05-07,Product_56,Groceries,375.64,Regular,B2C,0.2926829268292683,1.8670554887107675,2023,1,January,1,Sunday,2023-01,4980.08,2629.48,2350.6,47.2,20347.17,High Value,4980.08
ORD000986,CUST0033,PRD0040,2023-12-04,6.0,37.04,Customer_33,West,Corporate,2023-08-24,Product_40,Groceries,30.03,Regular,B2B,0.24390243902439024,-1.4157160101575166,2023,12,December,4,Monday,2023-12,222.24,180.18,42.06,18.93,7098.120000000001,Low Value,222.24
ORD000987,CUST0233,PRD0021,2024-12-14,2.0,472.24,Customer_233,West,Corporate,2023-01-28,Product_21,Office Supplies,224.92,Regular,B2B,0.04878048780487805,0.7027035573209489,2024,12,December,4,Saturday,2024-12,944.48,449.84,494.64000000000004,52.37,14605.84,Medium Value,944.48
ORD000988,CUST0205,PRD0015,2023-12-27,10.0,547.01,Customer_205,West,Home Office,2023-07-23,Product_15,Office Supplies,346.88,Regular,B2B-Home,0.43902439024390244,1.0666608897206844,2023,12,December,4,Wednesday,2023-12,5470.1,3468.8,2001.3000000000002,36.59,14569.19,Medium Value,5470.1
ORD000989,CUST0158,PRD0022,2024-07-22,8.0,365.55,Customer_158,South,Corporate,2024-02-19,Product_22,Office Supplies,230.79,Regular,B2B,0.34146341463414637,0.18336949561534813,2024,7,July,3,Monday,2024-07,2924.4,1846.32,1078.0800000000002,36.86,18382.7,Medium Value,2924.4
ORD000990,CUST0161,PRD0052,2024-01-27,11.0,476.07,Customer_161,East,Home Office,2023-06-09,Product_52,Furniture,333.09,Bulk,B2B-Home,0.4878048780487805,0.7213468177608444,2024,1,January,1,Saturday,2024-01,5236.7699999999995,3663.99,1572.7799999999997,30.03,18873.29,Medium Value,5236.7699999999995
ORD000991,CUST0077,PRD0028,2023-08-06,11.0,375.61,Customer_77,West,Home Office,2022-06-29,Product_28,Electronics,205.51,Bulk,B2B-Home,0.4878048780487805,0.23233847734520421,2023,8,August,3,Sunday,2023-08,4131.71,2260.6099999999997,1871.1000000000004,45.29,13978.36,Medium Value,4131.71
ORD000992,CUST0116,PRD0014,2024-07-27,8.0,635.89,Customer_116,West,Corporate,2022-10-29,Product_14,Office Supplies,387.94,Regular,B2B,0.34146341463414637,1.4993013565347606,2024,7,July,3,Saturday,2024-07,5087.12,3103.52,1983.6,38.99,7981.344999999999,Low Value,5087.12
ORD000993,CUST0154,PRD0027,2024-10-30,7.0,370.3,Customer_154,East,Consumer,2023-10-25,Product_27,Electronics,173.05,Regular,B2C,0.2926829268292683,0.20649103271443522,2024,10,October,4,Wednesday,2024-10,2592.1,1211.3500000000001,1380.7499999999998,53.27,14464.37,Medium Value,2592.1
ORD000994,CUST0150,PRD0041,2023-07-21,7.0,700.93,Customer_150,West,Consumer,2022-04-09,Product_41,Furniture,396.03,Regular,B2C,0.2926829268292683,1.8158960455715238,2023,7,July,3,Friday,2023-07,4906.509999999999,2772.21,2134.2999999999993,43.5,12738.88,Medium Value,4906.509999999999
ORD000995,CUST0103,PRD0040,2023-01-17,14.0,37.04,Customer_103,South,Consumer,2023-09-05,Product_40,Groceries,30.03,Bulk,B2C,0.6341463414634146,-1.4157160101575166,2023,1,January,1,Tuesday,2023-01,518.56,420.42,98.13999999999993,18.93,16778.79,Medium Value,518.56
ORD000996,CUST0194,PRD0058,2023-11-18,8.0,45.4,Customer_194,East,Corporate,2024-06-03,Product_58,Electronics,31.27,Regular,B2B,0.34146341463414637,-1.3750221048631235,2023,11,November,4,Saturday,2023-11,363.2,250.16,113.03999999999999,31.12,18051.27,Medium Value,363.2
ORD000997,CUST0166,PRD0028,2024-06-01,12.0,375.61,Customer_166,North,Corporate,2024-03-08,Product_28,Electronics,205.51,Bulk,B2B,0.5365853658536586,0.23233847734520421,2024,6,June,2,Saturday,2024-06,4507.32,2466.12,2041.1999999999998,45.29,29296.449999999997,High Value,4507.32
ORD000998,CUST0103,PRD0026,2024-07-23,12.0,174.95,Customer_103,South,Consumer,2023-09-05,Product_26,Furniture,132.85,Bulk,B2C,0.5365853658536586,-0.7444126035606528,2024,7,July,3,Tuesday,2024-07,2099.3999999999996,1594.1999999999998,505.1999999999998,24.06,16778.79,Medium Value,2099.3999999999996
ORD000999,CUST0090,PRD0049,2023-11-21,13.0,267.83,Customer_90,South,Corporate,2022-09-15,Product_49,Groceries,167.68,Bulk,B2B,0.5853658536585366,-0.29230136866313466,2023,11,November,4,Tuesday,2023-11,3481.79,2179.84,1301.9499999999998,37.39,18871.21,Medium Value,3481.79
ORD001000,CUST0174,PRD0002,2024-02-16,14.0,136.86,Customer_174,West,Home Office,2023-02-01,Product_2,Clothing,102.15,Bulk,B2B-Home,0.6341463414634146,-0.9298229926352269,2024,2,February,1,Friday,2024-02,1916.0400000000002,1430.1000000000001,485.94000000000005,25.36,11404.2,Medium Value,1916.0400000000002
ORD001001,CUST0122,PRD0025,2023-11-14,11.0,143.9,Customer_122,North,Consumer,2023-12-28,Product_25,Clothing,78.88,Bulk,B2C,0.4878048780487805,-0.8955544408083695,2023,11,November,4,Tuesday,2023-11,1582.9,867.68,715.2200000000001,45.18,13334.26,Medium Value,1582.9
ORD001002,CUST0242,PRD0056,2024-11-11,1.0,711.44,Customer_242,East,Consumer,2023-10-10,Product_56,Groceries,375.64,Regular,B2C,0.0,1.8670554887107675,2024,11,November,4,Monday,2024-11,711.44,375.64,335.80000000000007,47.2,29273.95,High Value,711.44
ORD001003,CUST0143,PRD0003,2023-03-23,13.0,136.62,Customer_143,West,Home Office,2023-11-07,Product_3,Electronics,68.47,Bulk,B2B-Home,0.5853658536585366,-0.9309912387202336,2023,3,March,1,Thursday,2023-03,1776.06,890.11,885.9499999999999,49.88,25298.78,High Value,1776.06
ORD001004,CUST0226,PRD0008,2024-04-18,1.0,68.43,Customer_226,South,Corporate,2022-09-10,Product_8,Furniture,36.69,Regular,B2B,0.0,-1.2629191576227072,2024,4,April,2,Thursday,2024-04,68.43,36.69,31.74000000000001,46.38,33569.15,High Value,68.43
ORD001005,CUST0106,PRD0044,2024-04-12,8.0,162.81,Customer_106,South,Corporate,2023-07-31,Product_44,Electronics,105.58,Regular,B2B,0.34146341463414637,-0.8035063846938985,2024,4,April,2,Friday,2024-04,1302.48,844.64,457.84000000000003,35.15,13823.58,Medium Value,1302.48
ORD001006,CUST0119,PRD0033,2024-02-29,4.0,406.65,Customer_119,West,Home Office,2023-05-14,Product_33,Groceries,234.59,Regular,B2B-Home,0.14634146341463414,0.3834316376727122,2024,2,February,1,Thursday,2024-02,1626.6,938.36,688.2399999999999,42.31,30217.149999999998,High Value,1626.6
ORD001007,CUST0172,PRD0042,2024-11-19,5.0,259.69,Customer_172,North,Consumer,2023-12-30,Product_42,Clothing,132.33,Regular,B2C,0.1951219512195122,-0.33192438171293864,2024,11,November,4,Tuesday,2024-11,1298.45,661.6500000000001,636.8,49.04,25425.829999999998,High Value,1298.45
ORD001008,CUST0049,PRD0052,2023-07-23,8.0,476.07,Customer_49,South,Home Office,2023-03-11,Product_52,Furniture,333.09,Regular,B2B-Home,0.34146341463414637,0.7213468177608444,2023,7,July,3,Sunday,2023-07,3808.56,2664.72,1143.8400000000001,30.03,18717.89,Medium Value,3808.56
ORD001009,CUST0104,PRD0035,2024-08-05,5.0,387.88,Customer_104,West,Home Office,2022-09-25,Product_35,Electronics,195.05,Regular,B2B-Home,0.1951219512195122,0.29206505844116176,2024,8,August,3,Monday,2024-08,1939.4,975.25,964.1500000000001,49.71,17920.66,Medium Value,1939.4
ORD001010,CUST0203,PRD0006,2024-01-22,10.0,100.25,Customer_203,East,Home Office,2022-05-31,Product_6,Groceries,73.48,Regular,B2B-Home,0.43902439024390244,-1.108029197518928,2024,1,January,1,Monday,2024-01,1002.5,734.8000000000001,267.69999999999993,26.7,29921.85,High Value,1002.5
ORD001011,CUST0061,PRD0039,2023-04-08,4.0,112.92,Customer_61,East,Home Office,2023-04-19,Product_39,Electronics,58.09,Regular,B2B-Home,0.14634146341463414,-1.046355539614626,2023,4,April,2,Saturday,2023-04,451.68,232.36,219.32,48.56,12118.570000000002,Medium Value,451.68
ORD001012,CUST0195,PRD0052,2023-12-11,12.0,476.07,Customer_195,East,Consumer,2022-03-10,Product_52,Furniture,333.09,Bulk,B2C,0.5365853658536586,0.7213468177608444,2023,12,December,4,Monday,2023-12,5712.84,3997.08,1715.7600000000002,30.03,27758.170000000002,High Value,5712.84
ORD001013,CUST0123,PRD0023,2023-07-27,6.0,201.54,Customer_123,South,Consumer,2024-04-28,Product_23,Electronics,115.59,Regular,B2C,0.24390243902439024,-0.6149806727259736,2023,7,July,3,Thursday,2023-07,1209.24,693.54,515.7,42.65,15292.470000000001,Medium Value,1209.24
ORD001014,CUST0134,PRD0025,2024-05-28,13.0,143.9,Customer_134,North,Corporate,2023-09-18,Product_25,Clothing,78.88,Bulk,B2B,0.5853658536585366,-0.8955544408083695,2024,5,May,2,Tuesday,2024-05,1870.7,1025.44,845.26,45.18,13210.79,Medium Value,1870.7
ORD001015,CUST0009,PRD0059,2024-09-27,12.0,460.22,Customer_9,East,Consumer,2023-10-19,Product_59,Groceries,297.74,Bulk,B2C,0.5365853658536586,0.6441938992302065,2024,9,September,3,Friday,2024-09,5522.64,3572.88,1949.7600000000002,35.3,21697.53,High Value,5522.64
ORD001016,CUST0006,PRD0050,2024-08-08,5.0,285.21,Customer_6,West,Home Office,2022-04-16,Product_50,Clothing,142.8,Regular,B2B-Home,0.1951219512195122,-0.20770088134058018,2024,8,August,3,Thursday,2024-08,1426.05,714.0,712.05,49.93,14393.55,Medium Value,1426.05
ORD001017,CUST0073,PRD0043,2023-06-15,14.0,674.74,Customer_73,North,Consumer,2024-01-28,Product_43,Furniture,324.9,Bulk,B2C,0.6341463414634146,1.688411191545189,2023,6,June,2,Thursday,2023-06,9446.36,4548.599999999999,4897.760000000001,51.85,17765.3,Medium Value,9446.36
ORD001018,CUST0103,PRD0019,2023-01-22,7.0,458.22,Customer_103,South,Consumer,2023-09-05,Product_19,Furniture,269.11,Regular,B2C,0.2926829268292683,0.6344585151884856,2023,1,January,1,Sunday,2023-01,3207.54,1883.77,1323.77,41.27,16778.79,Medium Value,3207.54
ORD001019,CUST0223,PRD0005,2023-06-03,14.0,160.38,Customer_223,South,Corporate,2022-01-09,Product_5,Office Supplies,117.61,Bulk,B2B,0.6341463414634146,-0.8153348763045895,2023,6,June,2,Saturday,2023-06,2245.3199999999997,1646.54,598.7799999999997,26.67,15030.25,Medium Value,2245.3199999999997
ORD001020,CUST0160,PRD0051,2024-03-14,8.0,502.39,Customer_160,West,Corporate,2023-11-26,Product_51,Furniture,372.16,Regular,B2B,0.34146341463414637,0.8494644717498913,2024,3,March,1,Thursday,2024-03,4019.12,2977.28,1041.8399999999997,25.92,13726.23,Medium Value,4019.12
ORD001021,CUST0041,PRD0011,2023-10-22,7.0,816.42,Customer_41,East,Corporate,2023-03-23,Product_11,Groceries,393.04,Regular,B2B,0.2926829268292683,2.3780657970606964,2023,10,October,4,Sunday,2023-10,5714.94,2751.28,2963.6599999999994,51.86,11456.41,Medium Value,5714.94
ORD001022,CUST0114,PRD0056,2023-08-07,13.0,711.44,Customer_114,South,Corporate,2022-01-12,Product_56,Groceries,375.64,Bulk,B2B,0.5853658536585366,1.8670554887107675,2023,8,August,3,Monday,2023-08,9248.720000000001,4883.32,4365.4000000000015,47.2,27783.88,High Value,9248.720000000001
ORD001023,CUST0204,PRD0012,2024-10-30,4.0,78.44,Customer_204,North,Corporate,2022-05-24,Product_12,Furniture,49.26,Regular,B2B,0.14634146341463414,-1.2141935604938943,2024,10,October,4,Wednesday,2024-10,313.76,197.04,116.72,37.2,17106.79,Medium Value,313.76
ORD001024,CUST0008,PRD0010,2024-05-09,12.0,260.5,Customer_8,North,Home Office,2023-10-21,Product_10,Furniture,167.11,Bulk,B2B-Home,0.5365853658536586,-0.32798155117604166,2024,5,May,2,Thursday,2024-05,3126.0,2005.3200000000002,1120.6799999999998,35.85,25350.17,High Value,3126.0
ORD001025,CUST0072,PRD0008,2023-08-18,13.0,68.43,Customer_72,South,Consumer,2023-06-06,Product_8,Furniture,36.69,Bulk,B2C,0.5853658536585366,-1.2629191576227072,2023,8,August,3,Friday,2023-08,889.5900000000001,476.96999999999997,412.6200000000002,46.38,24813.85,High Value,889.5900000000001
ORD001026,CUST0178,PRD0024,2023-01-20,5.0,650.79,Customer_178,East,Consumer,2023-09-04,Product_24,Groceries,308.95,Regular,B2C,0.1951219512195122,1.5718299676455811,2023,1,January,1,Friday,2023-01,3253.95,1544.75,1709.1999999999998,52.53,13094.699999999999,Medium Value,3253.95
ORD001027,CUST0092,PRD0060,2024-07-06,13.0,320.42,Customer_92,West,Corporate,2024-06-14,Product_60,Groceries,231.92,Bulk,B2B,0.5853658536585366,-0.036309445286083736,2024,7,July,3,Saturday,2024-07,4165.46,3014.96,1150.5,27.62,32693.739999999998,High Value,4165.46
ORD001028,CUST0062,PRD0028,2023-05-28,3.0,375.61,Customer_62,East,Corporate,2023-03-08,Product_28,Electronics,205.51,Regular,B2B,0.0975609756097561,0.23233847734520421,2023,5,May,2,Sunday,2023-05,1126.83,616.53,510.29999999999995,45.29,17686.629999999997,Medium Value,1126.83
ORD001029,CUST0084,PRD0041,2023-04-18,4.0,700.93,Customer_84,West,Corporate,2022-11-21,Product_41,Furniture,396.03,Regular,B2B,0.14634146341463414,1.8158960455715238,2023,4,April,2,Tuesday,2023-04,2803.72,1584.12,1219.6,43.5,25454.75,High Value,2803.72
ORD001030,CUST0062,PRD0036,2024-02-07,14.0,291.11,Customer_62,East,Corporate,2023-03-08,Product_36,Clothing,215.37,Bulk,B2B,0.6341463414634146,-0.17898149841750338,2024,2,February,1,Wednesday,2024-02,4075.54,3015.1800000000003,1060.3599999999997,26.02,17686.629999999997,Medium Value,4075.54
ORD001031,CUST0111,PRD0037,2024-08-18,4.0,38.5,Customer_111,West,Home Office,2023-07-10,Product_37,Furniture,25.47,Regular,B2B-Home,0.14634146341463414,-1.4086091798070604,2024,8,August,3,Sunday,2024-08,154.0,101.88,52.120000000000005,33.84,17838.7,Medium Value,154.0
ORD001032,CUST0127,PRD0021,2024-04-27,3.0,472.24,Customer_127,South,Home Office,2023-08-25,Product_21,Office Supplies,224.92,Regular,B2B-Home,0.0975609756097561,0.7027035573209489,2024,4,April,2,Saturday,2024-04,1416.72,674.76,741.96,52.37,6170.860000000001,Low Value,1416.72
ORD001033,CUST0007,PRD0008,2024-01-02,13.0,68.43,Customer_7,North,Unknown,2023-11-01,Product_8,Furniture,36.69,Bulk,,0.5853658536585366,-1.2629191576227072,2024,1,January,1,Tuesday,2024-01,889.5900000000001,476.96999999999997,412.6200000000002,46.38,17978.420000000002,Medium Value,889.5900000000001
ORD001034,CUST0203,PRD0055,2024-02-18,10.0,540.73,Customer_203,East,Home Office,2022-05-31,Product_55,Groceries,293.69,Regular,B2B-Home,0.43902439024390244,1.0360917838296808,2024,2,February,1,Sunday,2024-02,5407.3,2936.9,2470.4,45.69,29921.85,High Value,5407.3
ORD001035,CUST0084,PRD0009,2023-11-05,5.0,365.6,Customer_84,West,Corporate,2022-11-21,Product_9,Clothing,212.18,Regular,B2B,0.1951219512195122,0.1836128802163912,2023,11,November,4,Sunday,2023-11,1828.0,1060.9,767.0999999999999,41.96,25454.75,High Value,1828.0
ORD001036,CUST0208,PRD0047,2023-05-14,5.0,491.72,Customer_208,West,Consumer,2023-11-24,Product_47,Furniture,240.28,Regular,B2C,0.1951219512195122,0.7975261978873105,2023,5,May,2,Sunday,2023-05,2458.6000000000004,1201.4,1257.2000000000003,51.13,10414.62,Medium Value,2458.6000000000004
ORD001037,CUST0132,PRD0015,2024-12-19,11.0,547.01,Customer_132,North,Corporate,2024-04-05,Product_15,Office Supplies,346.88,Bulk,B2B,0.4878048780487805,1.0666608897206844,2024,12,December,4,Thursday,2024-12,6017.11,3815.68,2201.43,36.59,22089.88,High Value,6017.11
ORD001038,CUST0134,PRD0048,2023-10-10,7.0,253.91,Customer_134,North,Corporate,2023-09-18,Product_48,Electronics,191.27,Regular,B2B,0.2926829268292683,-0.360059641593512,2023,10,October,4,Tuesday,2023-10,1777.37,1338.89,438.4799999999998,24.67,13210.79,Medium Value,1777.37
ORD001039,CUST0058,PRD0046,2023-03-14,4.0,400.12,Customer_58,North,Home Office,2023-03-29,Product_46,Office Supplies,305.29,Regular,B2B-Home,0.14634146341463414,0.35164560877649365,2023,3,March,1,Tuesday,2023-03,1600.48,1221.16,379.31999999999994,23.7,6030.64,Low Value,1600.48
ORD001040,CUST0022,PRD0040,2024-04-25,13.0,37.04,Customer_22,North,Corporate,2023-01-28,Product_40,Groceries,30.03,Bulk,B2B,0.5853658536585366,-1.4157160101575166,2024,4,April,2,Thursday,2024-04,481.52,390.39,91.13,18.93,5791.74,Low Value,481.52
ORD001041,CUST0154,PRD0018,2023-12-18,4.0,141.2,Customer_154,East,Consumer,2023-10-25,Product_18,Groceries,72.5,Regular,B2C,0.14634146341463414,-0.9086972092646928,2023,12,December,4,Monday,2023-12,564.8,290.0,274.79999999999995,48.65,14464.37,Medium Value,564.8
ORD001042,CUST0127,PRD0042,2024-07-13,9.0,259.69,Customer_127,South,Home Office,2023-08-25,Product_42,Clothing,132.33,Regular,B2B-Home,0.3902439024390244,-0.33192438171293864,2024,7,July,3,Saturday,2024-07,2337.21,1190.97,1146.24,49.04,6170.860000000001,Low Value,2337.21
ORD001043,CUST0003,PRD0060,2023-11-22,6.0,320.42,Customer_3,North,Consumer,2022-09-26,Product_60,Groceries,231.92,Regular,B2C,0.24390243902439024,-0.036309445286083736,2023,11,November,4,Wednesday,2023-11,1922.52,1391.52,531.0,27.62,14395.29,Medium Value,1922.52
ORD001044,CUST0127,PRD0020,2024-03-18,4.0,532.93,Customer_127,South,Home Office,2023-08-25,Product_20,Furniture,372.1,Regular,B2B-Home,0.14634146341463414,0.998123786066969,2024,3,March,1,Monday,2024-03,2131.72,1488.4,643.3199999999997,30.18,6170.860000000001,Low Value,2131.72
ORD001045,CUST0041,PRD0006,2023-04-10,2.0,100.25,Customer_41,East,Corporate,2023-03-23,Product_6,Groceries,73.48,Regular,B2B,0.04878048780487805,-1.108029197518928,2023,4,April,2,Monday,2023-04,200.5,146.96,53.53999999999999,26.7,11456.41,Medium Value,200.5
ORD001046,CUST0188,PRD0012,2023-02-28,6.0,78.44,Customer_188,East,Home Office,2023-01-19,Product_12,Furniture,49.26,Regular,B2B-Home,0.24390243902439024,-1.2141935604938943,2023,2,February,1,Tuesday,2023-02,470.64,295.56,175.07999999999998,37.2,11685.11,Medium Value,470.64
ORD001047,CUST0106,PRD0002,2024-05-22,2.0,136.86,Customer_106,South,Corporate,2023-07-31,Product_2,Clothing,102.15,Regular,B2B,0.04878048780487805,-0.9298229926352269,2024,5,May,2,Wednesday,2024-05,273.72,204.3,69.42000000000002,25.36,13823.58,Medium Value,273.72
ORD001048,CUST0014,PRD0007,2023-09-15,5.0,723.68,Customer_14,East,Corporate,2022-02-27,Product_7,Clothing,359.22,Regular,B2B,0.1951219512195122,1.9266360390460988,2023,9,September,3,Friday,2023-09,3618.3999999999996,1796.1000000000001,1822.2999999999995,50.36,17393.65,Medium Value,3618.3999999999996
ORD001049,CUST0203,PRD0016,2024-02-17,6.0,544.93,Customer_203,East,Home Office,2022-05-31,Product_16,Office Supplies,327.74,Regular,B2B-Home,0.24390243902439024,1.0565360903172945,2024,2,February,1,Saturday,2024-02,3269.58,1966.44,1303.1399999999999,39.86,29921.85,High Value,3269.58
ORD001050,CUST0210,PRD0003,2024-03-27,4.0,136.62,Customer_210,North,Home Office,2022-07-05,Product_3,Electronics,68.47,Regular,B2B-Home,0.14634146341463414,-0.9309912387202336,2024,3,March,1,Wednesday,2024-03,546.48,273.88,272.6,49.88,10350.1,Medium Value,546.48
ORD001051,CUST0246,PRD0045,2023-03-06,14.0,554.21,Customer_246,South,Consumer,2022-12-08,Product_45,Clothing,274.19,Bulk,B2C,0.6341463414634146,1.1017082722708798,2023,3,March,1,Monday,2023-03,7758.9400000000005,3838.66,3920.2800000000007,50.53,24314.760000000002,High Value,7758.9400000000005
ORD001052,CUST0012,PRD0003,2024-08-17,13.0,136.62,Customer_12,East,Consumer,2024-02-26,Product_3,Electronics,68.47,Bulk,B2C,0.5853658536585366,-0.9309912387202336,2024,8,August,3,Saturday,2024-08,1776.06,890.11,885.9499999999999,49.88,18815.17,Medium Value,1776.06
ORD001053,CUST0087,PRD0027,2023-06-03,3.0,370.3,Customer_87,South,Corporate,2024-03-02,Product_27,Electronics,173.05,Regular,B2B,0.0975609756097561,0.20649103271443522,2023,6,June,2,Saturday,2023-06,1110.9,519.1500000000001,591.75,53.27,12915.939999999999,Medium Value,1110.9
ORD001054,CUST0012,PRD0050,2023-09-23,7.0,285.21,Customer_12,East,Consumer,2024-02-26,Product_50,Clothing,142.8,Regular,B2C,0.2926829268292683,-0.20770088134058018,2023,9,September,3,Saturday,2023-09,1996.4699999999998,999.6000000000001,996.8699999999997,49.93,18815.17,Medium Value,1996.4699999999998
ORD001055,CUST0141,PRD0043,2023-03-20,2.0,674.74,Customer_141,West,Corporate,2022-10-04,Product_43,Furniture,324.9,Regular,B2B,0.04878048780487805,1.688411191545189,2023,3,March,1,Monday,2023-03,1349.48,649.8,699.6800000000001,51.85,18900.04,Medium Value,1349.48
ORD001056,CUST0025,PRD0040,2023-11-11,13.0,37.04,Customer_25,West,Corporate,2023-09-26,Product_40,Groceries,30.03,Bulk,B2B,0.5853658536585366,-1.4157160101575166,2023,11,November,4,Saturday,2023-11,481.52,390.39,91.13,18.93,14677.33,Medium Value,481.52
ORD001057,CUST0045,PRD0038,2024-10-23,11.0,199.83,Customer_45,West,Corporate,2022-09-04,Product_38,Office Supplies,137.96,Bulk,B2B,0.4878048780487805,-0.6233044260816448,2024,10,October,4,Wednesday,2024-10,2198.13,1517.5600000000002,680.5699999999999,30.96,29981.27,High Value,2198.13
ORD001058,CUST0243,PRD0033,2024-07-13,14.0,406.65,Customer_243,West,Consumer,2023-05-11,Product_33,Groceries,234.59,Bulk,B2C,0.6341463414634146,0.3834316376727122,2024,7,July,3,Saturday,2024-07,5693.099999999999,3284.26,2408.8399999999992,42.31,13410.079999999998,Medium Value,5693.099999999999
ORD001059,CUST0122,PRD0028,2023-09-05,6.0,375.61,Customer_122,North,Consumer,2023-12-28,Product_28,Electronics,205.51,Regular,B2C,0.24390243902439024,0.23233847734520421,2023,9,September,3,Tuesday,2023-09,2253.66,1233.06,1020.5999999999999,45.29,13334.26,Medium Value,2253.66
ORD001060,CUST0147,PRD0001,2024-09-01,13.0,133.49,Customer_147,East,Consumer,2022-07-11,Product_1,Furniture,65.38,Bulk,B2C,0.5853658536585366,-0.9462271147455267,2024,9,September,3,Sunday,2024-09,1735.3700000000001,849.9399999999999,885.4300000000002,51.02,15997.035,Medium Value,1735.3700000000001
ORD001061,CUST0055,PRD0055,2024-02-18,4.0,540.73,Customer_55,East,Corporate,2022-02-16,Product_55,Groceries,293.69,Regular,B2B,0.14634146341463414,1.0360917838296808,2024,2,February,1,Sunday,2024-02,2162.92,1174.76,988.1600000000001,45.69,25584.11,High Value,2162.92
ORD001062,CUST0238,PRD0008,2023-01-25,6.0,68.43,Customer_238,South,Corporate,2022-01-29,Product_8,Furniture,36.69,Regular,B2B,0.24390243902439024,-1.2629191576227072,2023,1,January,1,Wednesday,2023-01,410.58000000000004,220.14,190.44000000000005,46.38,15609.16,Medium Value,410.58000000000004
ORD001063,CUST0100,PRD0037,2023-10-11,4.0,38.5,Customer_100,North,Home Office,2023-06-29,Product_37,Furniture,25.47,Regular,B2B-Home,0.14634146341463414,-1.4086091798070604,2023,10,October,4,Wednesday,2023-10,154.0,101.88,52.120000000000005,33.84,21793.51,High Value,154.0
ORD001064,CUST0173,PRD0032,2024-03-24,4.0,216.61,Customer_173,East,Consumer,2022-12-08,Product_32,Electronics,119.01,Regular,B2C,0.14634146341463414,-0.5416245539716065,2024,3,March,1,Sunday,2024-03,866.44,476.04,390.40000000000003,45.06,9436.92,Medium Value,866.44
ORD001065,CUST0136,PRD0060,2023-10-28,4.0,320.42,Customer_136,North,Corporate,2022-03-16,Product_60,Groceries,231.92,Regular,B2B,0.14634146341463414,-0.036309445286083736,2023,10,October,4,Saturday,2023-10,1281.68,927.68,354.0000000000001,27.62,5826.04,Low Value,1281.68
ORD001066,CUST0221,PRD0048,2023-03-09,9.0,253.91,Customer_221,East,Unknown,2024-01-21,Product_48,Electronics,191.27,Regular,,0.3902439024390244,-0.360059641593512,2023,3,March,1,Thursday,2023-03,2285.19,1721.43,563.76,24.67,18324.27,Medium Value,2285.19
ORD001067,CUST0119,PRD0043,2023-01-07,7.0,674.74,Customer_119,West,Home Office,2023-05-14,Product_43,Furniture,324.9,Regular,B2B-Home,0.2926829268292683,1.688411191545189,2023,1,January,1,Saturday,2023-01,4723.18,2274.2999999999997,2448.8800000000006,51.85,30217.149999999998,High Value,4723.18
ORD001068,CUST0053,PRD0037,2023-05-17,3.0,38.5,Customer_53,East,Consumer,2022-08-08,Product_37,Furniture,25.47,Regular,B2C,0.0975609756097561,-1.4086091798070604,2023,5,May,2,Wednesday,2023-05,115.5,76.41,39.09,33.84,10522.06,Medium Value,115.5
ORD001069,CUST0183,PRD0004,2023-06-13,3.0,110.29,Customer_183,South,Home Office,2022-09-22,Product_4,Electronics,78.69,Regular,B2B-Home,0.0975609756097561,-1.059157569629489,2023,6,June,2,Tuesday,2023-06,330.87,236.07,94.80000000000001,28.65,668.12,Low Value,330.87
ORD001070,CUST0032,PRD0030,2023-03-24,6.0,67.45,Customer_32,North,Consumer,2023-07-14,Product_30,Clothing,50.36,Regular,B2C,0.24390243902439024,-1.2676894958031506,2023,3,March,1,Friday,2023-03,404.70000000000005,302.15999999999997,102.54000000000008,25.34,24463.52,High Value,404.70000000000005
ORD001071,CUST0051,PRD0006,2024-10-11,6.0,100.25,Customer_51,East,Home Office,2023-11-28,Product_6,Groceries,73.48,Regular,B2B-Home,0.24390243902439024,-1.108029197518928,2024,10,October,4,Friday,2024-10,601.5,440.88,160.62,26.7,22998.519999999997,High Value,601.5
ORD001072,CUST0044,PRD0046,2024-02-24,4.0,400.12,Customer_44,West,Corporate,2024-05-10,Product_46,Office Supplies,305.29,Regular,B2B,0.14634146341463414,0.35164560877649365,2024,2,February,1,Saturday,2024-02,1600.48,1221.16,379.31999999999994,23.7,13914.64,Medium Value,1600.48
ORD001073,CUST0082,PRD0054,2023-03-14,9.0,103.87,Customer_82,West,Home Office,2023-08-31,Product_54,Office Supplies,54.1,Regular,B2B-Home,0.3902439024390244,-1.090408152403413,2023,3,March,1,Tuesday,2023-03,934.83,486.90000000000003,447.93,47.92,15303.380000000001,Medium Value,934.83
ORD001074,CUST0198,PRD0019,2023-08-25,8.0,458.22,Customer_198,West,Home Office,2022-01-25,Product_19,Furniture,269.11,Regular,B2B-Home,0.34146341463414637,0.6344585151884856,2023,8,August,3,Friday,2023-08,3665.76,2152.88,1512.88,41.27,25630.34,High Value,3665.76
ORD001075,CUST0146,PRD0032,2023-02-15,9.0,216.61,Customer_146,East,Corporate,2023-04-02,Product_32,Electronics,119.01,Regular,B2B,0.3902439024390244,-0.5416245539716065,2023,2,February,1,Wednesday,2023-02,1949.4900000000002,1071.0900000000001,878.4000000000001,45.06,14648.6,Medium Value,1949.4900000000002
ORD001076,CUST0211,PRD0009,2024-09-09,4.0,365.6,Customer_211,East,Consumer,2023-02-02,Product_9,Clothing,212.18,Regular,B2C,0.14634146341463414,0.1836128802163912,2024,9,September,3,Monday,2024-09,1462.4,848.72,613.6800000000001,41.96,7202.4400000000005,Low Value,1462.4
ORD001077,CUST0150,PRD0012,2023-09-19,2.0,78.44,Customer_150,West,Consumer,2022-04-09,Product_12,Furniture,49.26,Regular,B2C,0.04878048780487805,-1.2141935604938943,2023,9,September,3,Tuesday,2023-09,156.88,98.52,58.36,37.2,12738.88,Medium Value,156.88
ORD001078,CUST0037,PRD0011,2023-06-25,2.0,816.42,Customer_37,West,Consumer,2024-06-15,Product_11,Groceries,393.04,Regular,B2C,0.04878048780487805,2.3780657970606964,2023,6,June,2,Sunday,2023-06,1632.84,786.08,846.7599999999999,51.86,26289.41,High Value,1632.84
ORD001079,CUST0096,PRD0046,2023-06-15,5.0,400.12,Customer_96,South,Home Office,2023-10-26,Product_46,Office Supplies,305.29,Regular,B2B-Home,0.1951219512195122,0.35164560877649365,2023,6,June,2,Thursday,2023-06,2000.6,1526.45,474.14999999999986,23.7,14565.7,Medium Value,2000.6
ORD001080,CUST0056,PRD0055,2024-10-18,4.0,540.73,Customer_56,West,Corporate,2022-04-04,Product_55,Groceries,293.69,Regular,B2B,0.14634146341463414,1.0360917838296808,2024,10,October,4,Friday,2024-10,2162.92,1174.76,988.1600000000001,45.69,19286.059999999998,Medium Value,2162.92
ORD001081,CUST0105,PRD0016,2024-01-05,7.0,544.93,Customer_105,South,Consumer,2024-04-14,Product_16,Office Supplies,327.74,Regular,B2C,0.2926829268292683,1.0565360903172945,2024,1,January,1,Friday,2024-01,3814.5099999999998,2294.1800000000003,1520.3299999999995,39.86,15387.39,Medium Value,3814.5099999999998
ORD001082,CUST0059,PRD0001,2023-02-23,14.0,133.49,Customer_59,East,Consumer,2022-07-23,Product_1,Furniture,65.38,Bulk,B2C,0.6341463414634146,-0.9462271147455267,2023,2,February,1,Thursday,2023-02,1868.8600000000001,915.3199999999999,953.5400000000002,51.02,18452.66,Medium Value,1868.8600000000001
ORD001083,CUST0131,PRD0045,2024-11-20,11.0,554.21,Customer_131,West,Home Office,2022-07-15,Product_45,Clothing,274.19,Bulk,B2B-Home,0.4878048780487805,1.1017082722708798,2024,11,November,4,Wednesday,2024-11,6096.31,3016.09,3080.2200000000003,50.53,29367.52,High Value,6096.31
ORD001084,CUST0156,PRD0055,2024-02-23,5.0,540.73,Customer_156,South,Corporate,2024-01-06,Product_55,Groceries,293.69,Regular,B2B,0.1951219512195122,1.0360917838296808,2024,2,February,1,Friday,2024-02,2703.65,1468.45,1235.2,45.69,24876.12,High Value,2703.65
ORD001085,CUST0202,PRD0053,2024-05-21,6.0,742.35,Customer_202,West,Corporate,2023-07-19,Product_53,Office Supplies,386.19,Regular,B2B,0.24390243902439024,2.0175158490755636,2024,5,May,2,Tuesday,2024-05,4454.1,2317.14,2136.9600000000005,47.98,18852.37,Medium Value,4454.1
ORD001086,CUST0243,PRD0021,2023-12-07,10.0,472.24,Customer_243,West,Consumer,2023-05-11,Product_21,Office Supplies,224.92,Regular,B2C,0.43902439024390244,0.7027035573209489,2023,12,December,4,Thursday,2023-12,4722.4,2249.2,2473.2,52.37,13410.079999999998,Medium Value,4722.4
ORD001087,CUST0035,PRD0030,2023-05-07,4.0,67.45,Customer_35,South,Corporate,2022-08-25,Product_30,Clothing,50.36,Regular,B2B,0.14634146341463414,-1.2676894958031506,2023,5,May,2,Sunday,2023-05,269.8,201.44,68.36000000000001,25.34,9883.67,Medium Value,269.8
ORD001088,CUST0189,PRD0013,2024-02-13,13.0,326.99,Customer_189,East,Corporate,2023-07-18,Product_13,Office Supplies,162.15,Bulk,B2B,0.5853658536585366,-0.004328708709030647,2024,2,February,1,Tuesday,2024-02,4250.87,2107.9500000000003,2142.9199999999996,50.41,31618.679999999997,High Value,4250.87
ORD001089,CUST0093,PRD0034,2024-01-02,12.0,138.13,Customer_93,South,Unknown,2022-06-09,Product_34,Clothing,65.97,Bulk,,0.5365853658536586,-0.9236410237687344,2024,1,January,1,Tuesday,2024-01,1657.56,791.64,865.92,52.24,17045.37,Medium Value,1657.56
ORD001090,CUST0182,PRD0004,2023-09-28,2.0,110.29,Customer_182,East,Corporate,2022-03-17,Product_4,Electronics,78.69,Regular,B2B,0.04878048780487805,-1.059157569629489,2023,9,September,3,Thursday,2023-09,220.58,157.38,63.20000000000002,28.65,13319.94,Medium Value,220.58
ORD001091,CUST0191,PRD0028,2024-10-05,13.0,375.61,Customer_191,East,Home Office,2023-05-21,Product_28,Electronics,205.51,Bulk,B2B-Home,0.5853658536585366,0.23233847734520421,2024,10,October,4,Saturday,2024-10,4882.93,2671.63,2211.3,45.29,16809.71,Medium Value,4882.93
ORD001092,CUST0207,PRD0038,2024-08-27,10.0,199.83,Customer_207,West,Consumer,2022-04-19,Product_38,Office Supplies,137.96,Regular,B2C,0.43902439024390244,-0.6233044260816448,2024,8,August,3,Tuesday,2024-08,1998.3000000000002,1379.6000000000001,618.7,30.96,12478.16,Medium Value,1998.3000000000002
ORD001093,CUST0097,PRD0058,2024-01-14,9.0,45.4,Customer_97,South,Consumer,2023-11-21,Product_58,Electronics,31.27,Regular,B2C,0.3902439024390244,-1.3750221048631235,2024,1,January,1,Sunday,2024-01,408.59999999999997,281.43,127.16999999999996,31.12,12131.01,Medium Value,408.59999999999997
ORD001094,CUST0135,PRD0031,2023-03-14,10.0,490.91,Customer_135,East,Corporate,2023-05-08,Product_31,Electronics,246.19,Regular,B2B,0.43902439024390244,0.7935833673504136,2023,3,March,1,Tuesday,2023-03,4909.1,2461.9,2447.2000000000003,49.85,8292.64,Low Value,4909.1
ORD001095,CUST0076,PRD0059,2023-09-05,7.0,460.22,Customer_76,South,Consumer,2024-03-12,Product_59,Groceries,297.74,Regular,B2C,0.2926829268292683,0.6441938992302065,2023,9,September,3,Tuesday,2023-09,3221.54,2084.1800000000003,1137.3599999999997,35.3,13324.84,Medium Value,3221.54
ORD001096,CUST0049,PRD0055,2023-02-12,4.0,540.73,Customer_49,South,Home Office,2023-03-11,Product_55,Groceries,293.69,Regular,B2B-Home,0.14634146341463414,1.0360917838296808,2023,2,February,1,Sunday,2023-02,2162.92,1174.76,988.1600000000001,45.69,18717.89,Medium Value,2162.92
ORD001097,CUST0094,PRD0027,2024-01-12,3.0,370.3,Customer_94,South,Consumer,2023-04-20,Product_27,Electronics,173.05,Regular,B2C,0.0975609756097561,0.20649103271443522,2024,1,January,1,Friday,2024-01,1110.9,519.1500000000001,591.75,53.27,3216.76,Low Value,1110.9
ORD001098,CUST0213,PRD0005,2023-02-10,10.0,160.38,Customer_213,North,Consumer,2023-09-26,Product_5,Office Supplies,117.61,Regular,B2C,0.43902439024390244,-0.8153348763045895,2023,2,February,1,Friday,2023-02,1603.8,1176.1,427.70000000000005,26.67,11388.64,Medium Value,1603.8
ORD001099,CUST0159,PRD0025,2023-06-19,14.0,143.9,Customer_159,North,Consumer,2023-01-04,Product_25,Clothing,78.88,Bulk,B2C,0.6341463414634146,-0.8955544408083695,2023,6,June,2,Monday,2023-06,2014.6000000000001,1104.32,910.2800000000002,45.18,13921.130000000001,Medium Value,2014.6000000000001
ORD001100,CUST0186,PRD0003,2023-07-31,3.0,136.62,Customer_186,North,Home Office,2023-12-19,Product_3,Electronics,68.47,Regular,B2B-Home,0.0975609756097561,-0.9309912387202336,2023,7,July,3,Monday,2023-07,409.86,205.41,204.45000000000002,49.88,4978.91,Low Value,409.86
ORD001101,CUST0189,PRD0033,2024-05-07,9.0,406.65,Customer_189,East,Corporate,2023-07-18,Product_33,Groceries,234.59,Regular,B2B,0.3902439024390244,0.3834316376727122,2024,5,May,2,Tuesday,2024-05,3659.85,2111.31,1548.54,42.31,31618.679999999997,High Value,3659.85
ORD001102,CUST0024,PRD0004,2024-11-10,5.0,110.29,Customer_24,West,Home Office,2022-02-27,Product_4,Electronics,78.69,Regular,B2B-Home,0.1951219512195122,-1.059157569629489,2024,11,November,4,Sunday,2024-11,551.45,393.45,158.00000000000006,28.65,5779.91,Low Value,551.45
ORD001103,CUST0148,PRD0025,2023-02-08,13.0,143.9,Customer_148,East,Home Office,2024-01-09,Product_25,Clothing,78.88,Bulk,B2B-Home,0.5853658536585366,-0.8955544408083695,2023,2,February,1,Wednesday,2023-02,1870.7,1025.44,845.26,45.18,13347.279999999999,Medium Value,1870.7
ORD001104,CUST0037,PRD0020,2024-01-04,3.0,532.93,Customer_37,West,Consumer,2024-06-15,Product_20,Furniture,372.1,Regular,B2C,0.0975609756097561,0.998123786066969,2024,1,January,1,Thursday,2024-01,1598.79,1116.3000000000002,482.4899999999998,30.18,26289.41,High Value,1598.79
ORD001105,CUST0004,PRD0034,2023-05-31,5.0,138.13,Customer_4,East,Consumer,2023-01-05,Product_34,Clothing,65.97,Regular,B2C,0.1951219512195122,-0.9236410237687344,2023,5,May,2,Wednesday,2023-05,690.65,329.85,360.79999999999995,52.24,6245.1,Low Value,690.65
ORD001106,CUST0220,PRD0026,2023-04-21,2.0,174.95,Customer_220,East,Corporate,2023-10-20,Product_26,Furniture,132.85,Regular,B2B,0.04878048780487805,-0.7444126035606528,2023,4,April,2,Friday,2023-04,349.9,265.7,84.19999999999999,24.06,15534.15,Medium Value,349.9
ORD001107,CUST0108,PRD0005,2024-04-24,11.0,160.38,Customer_108,West,Home Office,2022-06-17,Product_5,Office Supplies,117.61,Bulk,B2B-Home,0.4878048780487805,-0.8153348763045895,2024,4,April,2,Wednesday,2024-04,1764.1799999999998,1293.71,470.4699999999998,26.67,18570.65,Medium Value,1764.1799999999998
ORD001108,CUST0126,PRD0035,2024-03-11,4.0,387.88,Customer_126,West,Home Office,2023-08-28,Product_35,Electronics,195.05,Regular,B2B-Home,0.14634146341463414,0.29206505844116176,2024,3,March,1,Monday,2024-03,1551.52,780.2,771.3199999999999,49.71,17624.39,Medium Value,1551.52
ORD001109,CUST0020,PRD0028,2023-02-16,10.0,375.61,Customer_20,East,Corporate,2024-03-01,Product_28,Electronics,205.51,Regular,B2B,0.43902439024390244,0.23233847734520421,2023,2,February,1,Thursday,2023-02,3756.1000000000004,2055.1,1701.0000000000005,45.29,11573.93,Medium Value,3756.1000000000004
ORD001110,CUST0188,PRD0029,2024-07-28,2.0,154.64,Customer_188,East,Home Office,2023-01-19,Product_29,Furniture,100.75,Regular,B2B-Home,0.04878048780487805,-0.8432754285043285,2024,7,July,3,Sunday,2024-07,309.28,201.5,107.77999999999997,34.85,11685.11,Medium Value,309.28
ORD001111,CUST0152,PRD0009,2024-01-01,2.0,365.6,Customer_152,East,Home Office,2022-04-06,Product_9,Clothing,212.18,Regular,B2B-Home,0.04878048780487805,0.1836128802163912,2024,1,January,1,Monday,2024-01,731.2,424.36,306.84000000000003,41.96,20501.420000000002,High Value,731.2
ORD001112,CUST0050,PRD0052,2023-03-10,12.0,476.07,Customer_50,South,Consumer,2022-03-27,Product_52,Furniture,333.09,Bulk,B2C,0.5365853658536586,0.7213468177608444,2023,3,March,1,Friday,2023-03,5712.84,3997.08,1715.7600000000002,30.03,17166.309999999998,Medium Value,5712.84
ORD001113,CUST0177,PRD0038,2023-10-26,8.0,199.83,Customer_177,East,Corporate,2022-06-26,Product_38,Office Supplies,137.96,Regular,B2B,0.34146341463414637,-0.6233044260816448,2023,10,October,4,Thursday,2023-10,1598.64,1103.68,494.96000000000004,30.96,11052.95,Medium Value,1598.64
ORD001114,CUST0179,PRD0050,2023-10-23,1.0,285.21,Customer_179,North,Corporate,2023-01-31,Product_50,Clothing,142.8,Regular,B2B,0.0,-0.20770088134058018,2023,10,October,4,Monday,2023-10,285.21,142.8,142.40999999999997,49.93,4424.96,Low Value,285.21
ORD001115,CUST0096,PRD0006,2023-07-22,14.0,100.25,Customer_96,South,Home Office,2023-10-26,Product_6,Groceries,73.48,Bulk,B2B-Home,0.6341463414634146,-1.108029197518928,2023,7,July,3,Saturday,2023-07,1403.5,1028.72,374.78,26.7,14565.7,Medium Value,1403.5
ORD001116,CUST0105,PRD0019,2023-03-02,7.0,458.22,Customer_105,South,Consumer,2024-04-14,Product_19,Furniture,269.11,Regular,B2C,0.2926829268292683,0.6344585151884856,2023,3,March,1,Thursday,2023-03,3207.54,1883.77,1323.77,41.27,15387.39,Medium Value,3207.54
ORD001117,CUST0164,PRD0060,2023-11-10,5.0,320.42,Customer_164,West,Consumer,2024-05-16,Product_60,Groceries,231.92,Regular,B2C,0.1951219512195122,-0.036309445286083736,2023,11,November,4,Friday,2023-11,1602.1000000000001,1159.6,442.5000000000002,27.62,19909.52,High Value,1602.1000000000001
ORD001118,CUST0250,PRD0044,2023-06-10,11.0,162.81,Customer_250,East,Home Office,2022-11-23,Product_44,Electronics,105.58,Bulk,B2B-Home,0.4878048780487805,-0.8035063846938985,2023,6,June,2,Saturday,2023-06,1790.91,1161.3799999999999,629.5300000000002,35.15,9575.7,Medium Value,1790.91
ORD001119,CUST0117,PRD0057,2023-11-27,8.0,133.48,Customer_117,North,Corporate,2024-06-16,Product_57,Electronics,76.59,Regular,B2B,0.34146341463414637,-0.9462757916657354,2023,11,November,4,Monday,2023-11,1067.84,612.72,455.1199999999999,42.62,18738.5,Medium Value,1067.84
ORD001120,CUST0098,PRD0011,2024-06-11,1.0,816.42,Customer_98,West,Consumer,2023-11-06,Product_11,Groceries,393.04,Regular,B2C,0.0,2.3780657970606964,2024,6,June,2,Tuesday,2024-06,816.42,393.04,423.37999999999994,51.86,26418.614999999998,High Value,816.42
ORD001121,CUST0228,PRD0002,2023-12-04,11.0,136.86,Customer_228,South,Corporate,2023-06-03,Product_2,Clothing,102.15,Bulk,B2B,0.4878048780487805,-0.9298229926352269,2023,12,December,4,Monday,2023-12,1505.46,1123.65,381.80999999999995,25.36,3446.52,Low Value,1505.46
ORD001122,CUST0066,PRD0047,2024-08-28,7.0,491.72,Customer_66,South,Home Office,2022-10-16,Product_47,Furniture,240.28,Regular,B2B-Home,0.2926829268292683,0.7975261978873105,2024,8,August,3,Wednesday,2024-08,3442.04,1681.96,1760.08,51.13,4776.9400000000005,Low Value,3442.04
ORD001123,CUST0079,PRD0044,2023-10-31,5.0,162.81,Customer_79,East,Consumer,2024-02-01,Product_44,Electronics,105.58,Regular,B2C,0.1951219512195122,-0.8035063846938985,2023,10,October,4,Tuesday,2023-10,814.05,527.9,286.15,35.15,15573.27,Medium Value,814.05
ORD001124,CUST0162,PRD0044,2024-05-17,4.0,162.81,Customer_162,North,Consumer,2022-10-06,Product_44,Electronics,105.58,Regular,B2C,0.14634146341463414,-0.8035063846938985,2024,5,May,2,Friday,2024-05,651.24,422.32,228.92000000000002,35.15,9306.61,Low Value,651.24
ORD001125,CUST0164,PRD0009,2024-10-11,7.0,365.6,Customer_164,West,Consumer,2024-05-16,Product_9,Clothing,212.18,Regular,B2C,0.2926829268292683,0.1836128802163912,2024,10,October,4,Friday,2024-10,2559.2000000000003,1485.26,1073.9400000000003,41.96,19909.52,High Value,2559.2000000000003
ORD001126,CUST0006,PRD0021,2023-12-04,10.0,472.24,Customer_6,West,Home Office,2022-04-16,Product_21,Office Supplies,224.92,Regular,B2B-Home,0.43902439024390244,0.7027035573209489,2023,12,December,4,Monday,2023-12,4722.4,2249.2,2473.2,52.37,14393.55,Medium Value,4722.4
ORD001127,CUST0039,PRD0024,2024-07-03,2.0,650.79,Customer_39,North,Consumer,2022-07-08,Product_24,Groceries,308.95,Regular,B2C,0.04878048780487805,1.5718299676455811,2024,7,July,3,Wednesday,2024-07,1301.58,617.9,683.68,52.53,22167.1,High Value,1301.58
ORD001128,CUST0170,PRD0034,2024-09-30,12.0,138.13,Customer_170,South,Consumer,2023-08-19,Product_34,Clothing,65.97,Bulk,B2C,0.5365853658536586,-0.9236410237687344,2024,9,September,3,Monday,2024-09,1657.56,791.64,865.92,52.24,14979.23,Medium Value,1657.56
ORD001129,CUST0243,PRD0022,2023-10-02,1.0,365.55,Customer_243,West,Consumer,2023-05-11,Product_22,Office Supplies,230.79,Regular,B2C,0.0,0.18336949561534813,2023,10,October,4,Monday,2023-10,365.55,230.79,134.76000000000002,36.86,13410.079999999998,Medium Value,365.55
ORD001130,CUST0115,PRD0003,2023-06-13,1.0,136.62,Customer_115,East,Corporate,2023-08-30,Product_3,Electronics,68.47,Regular,B2B,0.0,-0.9309912387202336,2023,6,June,2,Tuesday,2023-06,136.62,68.47,68.15,49.88,19580.71,High Value,136.62
ORD001131,CUST0186,PRD0012,2024-03-18,11.0,78.44,Customer_186,North,Home Office,2023-12-19,Product_12,Furniture,49.26,Bulk,B2B-Home,0.4878048780487805,-1.2141935604938943,2024,3,March,1,Monday,2024-03,862.8399999999999,541.86,320.9799999999999,37.2,4978.91,Low Value,862.8399999999999
ORD001132,CUST0246,PRD0028,2023-11-15,12.0,375.61,Customer_246,South,Consumer,2022-12-08,Product_28,Electronics,205.51,Bulk,B2C,0.5365853658536586,0.23233847734520421,2023,11,November,4,Wednesday,2023-11,4507.32,2466.12,2041.1999999999998,45.29,24314.760000000002,High Value,4507.32
ORD001133,CUST0125,PRD0030,2024-08-11,1.0,67.45,Customer_125,North,Consumer,2024-02-15,Product_30,Clothing,50.36,Regular,B2C,0.0,-1.2676894958031506,2024,8,August,3,Sunday,2024-08,67.45,50.36,17.090000000000003,25.34,15735.99,Medium Value,67.45
ORD001134,CUST0012,PRD0026,2024-05-18,12.0,174.95,Customer_12,East,Consumer,2024-02-26,Product_26,Furniture,132.85,Bulk,B2C,0.5365853658536586,-0.7444126035606528,2024,5,May,2,Saturday,2024-05,2099.3999999999996,1594.1999999999998,505.1999999999998,24.06,18815.17,Medium Value,2099.3999999999996
ORD001135,CUST0131,PRD0048,2024-11-16,5.0,253.91,Customer_131,West,Home Office,2022-07-15,Product_48,Electronics,191.27,Regular,B2B-Home,0.1951219512195122,-0.360059641593512,2024,11,November,4,Saturday,2024-11,1269.55,956.35,313.19999999999993,24.67,29367.52,High Value,1269.55
ORD001136,CUST0237,PRD0021,2024-01-22,10.0,472.24,Customer_237,South,Home Office,2023-06-01,Product_21,Office Supplies,224.92,Regular,B2B-Home,0.43902439024390244,0.7027035573209489,2024,1,January,1,Monday,2024-01,4722.4,2249.2,2473.2,52.37,24063.03,High Value,4722.4
ORD001137,CUST0018,PRD0028,2024-08-25,7.0,375.61,Customer_18,West,Consumer,2022-04-27,Product_28,Electronics,205.51,Regular,B2C,0.2926829268292683,0.23233847734520421,2024,8,August,3,Sunday,2024-08,2629.27,1438.57,1190.7,45.29,10770.9,Medium Value,2629.27
ORD001138,CUST0040,PRD0056,2024-11-21,2.0,711.44,Customer_40,East,Home Office,2023-12-05,Product_56,Groceries,375.64,Regular,B2B-Home,0.04878048780487805,1.8670554887107675,2024,11,November,4,Thursday,2024-11,1422.88,751.28,671.6000000000001,47.2,15046.16,Medium Value,1422.88
ORD001139,CUST0021,PRD0026,2024-05-08,10.0,174.95,Customer_21,South,Consumer,2022-05-07,Product_26,Furniture,132.85,Regular,B2C,0.43902439024390244,-0.7444126035606528,2024,5,May,2,Wednesday,2024-05,1749.5,1328.5,421.0,24.06,17505.63,Medium Value,1749.5
ORD001140,CUST0143,PRD0033,2024-05-04,8.0,406.65,Customer_143,West,Home Office,2023-11-07,Product_33,Groceries,234.59,Regular,B2B-Home,0.34146341463414637,0.3834316376727122,2024,5,May,2,Saturday,2024-05,3253.2,1876.72,1376.4799999999998,42.31,25298.78,High Value,3253.2
ORD001141,CUST0225,PRD0021,2024-12-21,4.0,472.24,Customer_225,South,Consumer,2023-05-07,Product_21,Office Supplies,224.92,Regular,B2C,0.14634146341463414,0.7027035573209489,2024,12,December,4,Saturday,2024-12,1888.96,899.68,989.2800000000001,52.37,20347.17,High Value,1888.96
ORD001142,CUST0099,PRD0035,2023-03-14,12.0,387.88,Customer_99,South,Home Office,2023-01-15,Product_35,Electronics,195.05,Bulk,B2B-Home,0.5365853658536586,0.29206505844116176,2023,3,March,1,Tuesday,2023-03,4654.5599999999995,2340.6000000000004,2313.959999999999,49.71,10555.14,Medium Value,4654.5599999999995
ORD001143,CUST0026,PRD0052,2024-05-23,3.0,476.07,Customer_26,South,Home Office,2023-05-28,Product_52,Furniture,333.09,Regular,B2B-Home,0.0975609756097561,0.7213468177608444,2024,5,May,2,Thursday,2024-05,1428.21,999.27,428.94000000000005,30.03,28628.86,High Value,1428.21
ORD001144,CUST0008,PRD0034,2024-01-25,10.0,138.13,Customer_8,North,Home Office,2023-10-21,Product_34,Clothing,65.97,Regular,B2B-Home,0.43902439024390244,-0.9236410237687344,2024,1,January,1,Thursday,2024-01,1381.3,659.7,721.5999999999999,52.24,25350.17,High Value,1381.3
ORD001145,CUST0100,PRD0041,2024-09-10,11.0,700.93,Customer_100,North,Home Office,2023-06-29,Product_41,Furniture,396.03,Bulk,B2B-Home,0.4878048780487805,1.8158960455715238,2024,9,September,3,Tuesday,2024-09,7710.23,4356.33,3353.8999999999996,43.5,21793.51,High Value,7710.23
ORD001146,CUST0240,PRD0051,2023-10-22,8.0,502.39,Customer_240,West,Consumer,2023-02-26,Product_51,Furniture,372.16,Regular,B2C,0.34146341463414637,0.8494644717498913,2023,10,October,4,Sunday,2023-10,4019.12,2977.28,1041.8399999999997,25.92,7942.71,Low Value,4019.12
ORD001147,CUST0222,PRD0047,2024-01-04,2.0,491.72,Customer_222,East,Home Office,2023-08-11,Product_47,Furniture,240.28,Regular,B2B-Home,0.04878048780487805,0.7975261978873105,2024,1,January,1,Thursday,2024-01,983.44,480.56,502.88000000000005,51.13,20477.29,High Value,983.44
ORD001148,CUST0087,PRD0018,2024-11-24,11.0,141.2,Customer_87,South,Corporate,2024-03-02,Product_18,Groceries,72.5,Bulk,B2B,0.4878048780487805,-0.9086972092646928,2024,11,November,4,Sunday,2024-11,1553.1999999999998,797.5,755.6999999999998,48.65,12915.939999999999,Medium Value,1553.1999999999998
ORD001149,CUST0042,PRD0058,2024-07-02,11.0,45.4,Customer_42,East,Corporate,2023-08-04,Product_58,Electronics,31.27,Bulk,B2B,0.4878048780487805,-1.3750221048631235,2024,7,July,3,Tuesday,2024-07,499.4,343.96999999999997,155.43,31.12,9366.939999999999,Medium Value,499.4
ORD001150,CUST0172,PRD0011,2024-10-10,13.0,816.42,Customer_172,North,Consumer,2023-12-30,Product_11,Groceries,393.04,Bulk,B2C,0.5853658536585366,2.3780657970606964,2024,10,October,4,Thursday,2024-10,10613.46,5109.52,5503.939999999999,51.86,25425.829999999998,High Value,10613.46
ORD001151,CUST0014,PRD0057,2024-07-21,3.0,133.48,Customer_14,East,Corporate,2022-02-27,Product_57,Electronics,76.59,Regular,B2B,0.0975609756097561,-0.9462757916657354,2024,7,July,3,Sunday,2024-07,400.43999999999994,229.77,170.66999999999993,42.62,17393.65,Medium Value,400.43999999999994
ORD001152,CUST0078,PRD0023,2023-07-06,12.0,201.54,Customer_78,West,Consumer,2022-08-11,Product_23,Electronics,115.59,Bulk,B2C,0.5365853658536586,-0.6149806727259736,2023,7,July,3,Thursday,2023-07,2418.48,1387.08,1031.4,42.65,7493.87,Low Value,2418.48
ORD001153,CUST0002,PRD0048,2024-03-20,3.0,253.91,Customer_2,West,Consumer,2023-10-18,Product_48,Electronics,191.27,Regular,B2C,0.0975609756097561,-0.360059641593512,2024,3,March,1,Wednesday,2024-03,761.73,573.8100000000001,187.91999999999996,24.67,13901.66,Medium Value,761.73
ORD001154,CUST0119,PRD0022,2024-07-23,10.0,365.55,Customer_119,West,Home Office,2023-05-14,Product_22,Office Supplies,230.79,Regular,B2B-Home,0.43902439024390244,0.18336949561534813,2024,7,July,3,Tuesday,2024-07,3655.5,2307.9,1347.6,36.86,30217.149999999998,High Value,3655.5
ORD001155,CUST0037,PRD0017,2023-12-29,11.0,160.45,Customer_37,West,Consumer,2024-06-15,Product_17,Clothing,106.87,Bulk,B2C,0.4878048780487805,-0.8149941378631292,2023,12,December,4,Friday,2023-12,1764.9499999999998,1175.5700000000002,589.3799999999997,33.39,26289.41,High Value,1764.9499999999998
ORD001156,CUST0069,PRD0005,2023-05-03,1.0,160.38,Customer_69,West,Home Office,2022-12-23,Product_5,Office Supplies,117.61,Regular,B2B-Home,0.0,-0.8153348763045895,2023,5,May,2,Wednesday,2023-05,160.38,117.61,42.769999999999996,26.67,9271.37,Low Value,160.38
ORD001157,CUST0166,PRD0044,2023-07-07,6.0,162.81,Customer_166,North,Corporate,2024-03-08,Product_44,Electronics,105.58,Regular,B2B,0.24390243902439024,-0.8035063846938985,2023,7,July,3,Friday,2023-07,976.86,633.48,343.38,35.15,29296.449999999997,High Value,976.86
ORD001158,CUST0237,PRD0011,2024-11-10,2.0,291.11,Customer_237,South,Home Office,2023-06-01,Product_11,Groceries,393.04,Regular,B2B-Home,0.04878048780487805,-0.17898149841750338,2024,11,November,4,Sunday,2024-11,582.22,786.08,-203.86,-35.01,24063.03,High Value,582.22
ORD001159,CUST0041,PRD0030,2024-02-24,1.0,67.45,Customer_41,East,Corporate,2023-03-23,Product_30,Clothing,50.36,Regular,B2B,0.0,-1.2676894958031506,2024,2,February,1,Saturday,2024-02,67.45,50.36,17.090000000000003,25.34,11456.41,Medium Value,67.45
ORD001160,CUST0062,PRD0015,2024-09-17,2.0,547.01,Customer_62,East,Corporate,2023-03-08,Product_15,Office Supplies,346.88,Regular,B2B,0.04878048780487805,1.0666608897206844,2024,9,September,3,Tuesday,2024-09,1094.02,693.76,400.26,36.59,17686.629999999997,Medium Value,1094.02
ORD001161,CUST0246,PRD0027,2023-09-09,12.0,370.3,Customer_246,South,Consumer,2022-12-08,Product_27,Electronics,173.05,Bulk,B2C,0.5365853658536586,0.20649103271443522,2023,9,September,3,Saturday,2023-09,4443.6,2076.6000000000004,2367.0,53.27,24314.760000000002,High Value,4443.6
ORD001162,CUST0060,PRD0035,2024-09-10,6.0,387.88,Customer_60,North,Consumer,2022-08-06,Product_35,Electronics,195.05,Regular,B2C,0.24390243902439024,0.29206505844116176,2024,9,September,3,Tuesday,2024-09,2327.2799999999997,1170.3000000000002,1156.9799999999996,49.71,22112.15,High Value,2327.2799999999997
ORD001163,CUST0125,PRD0033,2024-07-02,14.0,406.65,Customer_125,North,Consumer,2024-02-15,Product_33,Groceries,234.59,Bulk,B2C,0.6341463414634146,0.3834316376727122,2024,7,July,3,Tuesday,2024-07,5693.099999999999,3284.26,2408.8399999999992,42.31,15735.99,Medium Value,5693.099999999999
ORD001164,CUST0111,PRD0020,2023-12-01,8.0,532.93,Customer_111,West,Home Office,2023-07-10,Product_20,Furniture,372.1,Regular,B2B-Home,0.34146341463414637,0.998123786066969,2023,12,December,4,Friday,2023-12,4263.44,2976.8,1286.6399999999994,30.18,17838.7,Medium Value,4263.44
ORD001165,CUST0014,PRD0016,2023-04-02,6.0,544.93,Customer_14,East,Corporate,2022-02-27,Product_16,Office Supplies,327.74,Regular,B2B,0.24390243902439024,1.0565360903172945,2023,4,April,2,Sunday,2023-04,3269.58,1966.44,1303.1399999999999,39.86,17393.65,Medium Value,3269.58
ORD001166,CUST0248,PRD0034,2024-06-13,12.0,138.13,Customer_248,North,Home Office,2023-10-19,Product_34,Clothing,65.97,Bulk,B2B-Home,0.5365853658536586,-0.9236410237687344,2024,6,June,2,Thursday,2024-06,1657.56,791.64,865.92,52.24,1657.56,Low Value,1657.56
ORD001167,CUST0231,PRD0002,2023-03-04,9.0,136.86,Customer_231,South,Corporate,2022-06-17,Product_2,Clothing,102.15,Regular,B2B,0.3902439024390244,-0.9298229926352269,2023,3,March,1,Saturday,2023-03,1231.7400000000002,919.35,312.3900000000002,25.36,4987.84,Low Value,1231.7400000000002
ORD001168,CUST0217,PRD0035,2024-10-23,13.0,387.88,Customer_217,West,Home Office,2024-01-03,Product_35,Electronics,195.05,Bulk,B2B-Home,0.5853658536585366,0.29206505844116176,2024,10,October,4,Wednesday,2024-10,5042.44,2535.65,2506.7899999999995,49.71,14480.220000000001,Medium Value,5042.44
ORD001169,CUST0084,PRD0040,2024-05-26,10.0,37.04,Customer_84,West,Corporate,2022-11-21,Product_40,Groceries,30.03,Regular,B2B,0.43902439024390244,-1.4157160101575166,2024,5,May,2,Sunday,2024-05,370.4,300.3,70.09999999999997,18.93,25454.75,High Value,370.4
ORD001170,CUST0130,PRD0056,2023-05-19,12.0,711.44,Customer_130,West,Home Office,2023-09-09,Product_56,Groceries,375.64,Bulk,B2B-Home,0.5365853658536586,1.8670554887107675,2023,5,May,2,Friday,2023-05,8537.28,4507.68,4029.6000000000004,47.2,29687.56,High Value,8537.28
ORD001171,CUST0231,PRD0028,2024-11-28,10.0,375.61,Customer_231,South,Corporate,2022-06-17,Product_28,Electronics,205.51,Regular,B2B,0.43902439024390244,0.23233847734520421,2024,11,November,4,Thursday,2024-11,3756.1000000000004,2055.1,1701.0000000000005,45.29,4987.84,Low Value,3756.1000000000004
ORD001172,CUST0070,PRD0047,2023-07-04,8.0,491.72,Customer_70,South,Home Office,2022-01-23,Product_47,Furniture,240.28,Regular,B2B-Home,0.34146341463414637,0.7975261978873105,2023,7,July,3,Tuesday,2023-07,3933.76,1922.24,2011.5200000000002,51.13,11016.12,Medium Value,3933.76
ORD001173,CUST0145,PRD0039,2023-07-24,1.0,112.92,Customer_145,West,Consumer,2024-05-18,Product_39,Electronics,58.09,Regular,B2C,0.0,-1.046355539614626,2023,7,July,3,Monday,2023-07,112.92,58.09,54.83,48.56,28262.845,High Value,112.92
ORD001174,CUST0123,PRD0006,2023-08-02,13.0,100.25,Customer_123,South,Consumer,2024-04-28,Product_6,Groceries,73.48,Bulk,B2C,0.5853658536585366,-1.108029197518928,2023,8,August,3,Wednesday,2023-08,1303.25,955.24,348.01,26.7,15292.470000000001,Medium Value,1303.25
ORD001175,CUST0089,PRD0009,2023-09-13,8.0,365.6,Customer_89,West,Consumer,2024-01-29,Product_9,Clothing,212.18,Regular,B2C,0.34146341463414637,0.1836128802163912,2023,9,September,3,Wednesday,2023-09,2924.8,1697.44,1227.3600000000001,41.96,15199.720000000001,Medium Value,2924.8
ORD001176,CUST0249,PRD0020,2023-05-15,9.0,532.93,Customer_249,North,Home Office,2023-05-26,Product_20,Furniture,372.1,Regular,B2B-Home,0.3902439024390244,0.998123786066969,2023,5,May,2,Monday,2023-05,4796.37,3348.9,1447.4699999999998,30.18,23289.71,High Value,4796.37
ORD001177,CUST0028,PRD0060,2024-07-26,6.0,320.42,Customer_28,South,Consumer,2024-03-12,Product_60,Groceries,231.92,Regular,B2C,0.24390243902439024,-0.036309445286083736,2024,7,July,3,Friday,2024-07,1922.52,1391.52,531.0,27.62,5300.620000000001,Low Value,1922.52
ORD001178,CUST0066,PRD0001,2023-03-29,10.0,133.49,Customer_66,South,Home Office,2022-10-16,Product_1,Furniture,65.38,Regular,B2B-Home,0.43902439024390244,-0.9462271147455267,2023,3,March,1,Wednesday,2023-03,1334.9,653.8,681.1000000000001,51.02,4776.9400000000005,Low Value,1334.9
ORD001179,CUST0163,PRD0008,2023-07-26,5.0,68.43,Customer_163,West,Consumer,2022-08-05,Product_8,Furniture,36.69,Regular,B2C,0.1951219512195122,-1.2629191576227072,2023,7,July,3,Wednesday,2023-07,342.15000000000003,183.45,158.70000000000005,46.38,3308.28,Low Value,342.15000000000003
ORD001180,CUST0229,PRD0055,2023-05-09,6.0,540.73,Customer_229,North,Consumer,2022-06-23,Product_55,Groceries,293.69,Regular,B2C,0.24390243902439024,1.0360917838296808,2023,5,May,2,Tuesday,2023-05,3244.38,1762.1399999999999,1482.2400000000002,45.69,17827.010000000002,Medium Value,3244.38
ORD001181,CUST0005,PRD0023,2023-01-03,13.0,201.54,Customer_5,East,Home Office,2023-09-28,Product_23,Electronics,115.59,Bulk,B2B-Home,0.5853658536585366,-0.6149806727259736,2023,1,January,1,Tuesday,2023-01,2620.02,1502.67,1117.35,42.65,5899.5199999999995,Low Value,2620.02
ORD001182,CUST0193,PRD0003,2023-05-01,6.0,136.62,Customer_193,North,Corporate,2022-05-24,Product_3,Electronics,68.47,Regular,B2B,0.24390243902439024,-0.9309912387202336,2023,5,May,2,Monday,2023-05,819.72,410.82,408.90000000000003,49.88,16156.54,Medium Value,819.72
ORD001183,CUST0168,PRD0004,2024-01-20,9.0,110.29,Customer_168,East,Home Office,2024-05-30,Product_4,Electronics,78.69,Regular,B2B-Home,0.3902439024390244,-1.059157569629489,2024,1,January,1,Saturday,2024-01,992.61,708.21,284.4,28.65,8955.15,Low Value,992.61
ORD001184,CUST0204,PRD0058,2024-09-05,4.0,45.4,Customer_204,North,Corporate,2022-05-24,Product_58,Electronics,31.27,Regular,B2B,0.14634146341463414,-1.3750221048631235,2024,9,September,3,Thursday,2024-09,181.6,125.08,56.519999999999996,31.12,17106.79,Medium Value,181.6
ORD001185,CUST0184,PRD0025,2023-02-07,2.0,143.9,Customer_184,East,Corporate,2023-03-31,Product_25,Clothing,78.88,Regular,B2B,0.04878048780487805,-0.8955544408083695,2023,2,February,1,Tuesday,2023-02,287.8,157.76,130.04000000000002,45.18,14288.32,Medium Value,287.8
ORD001186,CUST0164,PRD0047,2023-12-07,11.0,491.72,Customer_164,West,Consumer,2024-05-16,Product_47,Furniture,240.28,Bulk,B2C,0.4878048780487805,0.7975261978873105,2023,12,December,4,Thursday,2023-12,5408.92,2643.08,2765.84,51.13,19909.52,High Value,5408.92
ORD001187,CUST0045,PRD0038,2024-10-06,11.0,199.83,Customer_45,West,Corporate,2022-09-04,Product_38,Office Supplies,137.96,Bulk,B2B,0.4878048780487805,-0.6233044260816448,2024,10,October,4,Sunday,2024-10,2198.13,1517.5600000000002,680.5699999999999,30.96,29981.27,High Value,2198.13
ORD001188,CUST0151,PRD0015,2024-12-14,9.0,547.01,Customer_151,East,Consumer,2023-07-02,Product_15,Office Supplies,346.88,Regular,B2C,0.3902439024390244,1.0666608897206844,2024,12,December,4,Saturday,2024-12,4923.09,3121.92,1801.17,36.59,25924.43,High Value,4923.09
ORD001189,CUST0047,PRD0021,2023-01-21,2.0,472.24,Customer_47,West,Home Office,2022-06-03,Product_21,Office Supplies,224.92,Regular,B2B-Home,0.04878048780487805,0.7027035573209489,2023,1,January,1,Saturday,2023-01,944.48,449.84,494.64000000000004,52.37,23461.079999999998,High Value,944.48
ORD001190,CUST0031,PRD0035,2023-08-30,10.0,387.88,Customer_31,North,Home Office,2022-04-28,Product_35,Electronics,195.05,Regular,B2B-Home,0.43902439024390244,0.29206505844116176,2023,8,August,3,Wednesday,2023-08,3878.8,1950.5,1928.3000000000002,49.71,17397.95,Medium Value,3878.8
ORD001191,CUST0139,PRD0057,2024-03-30,9.0,133.48,Customer_139,East,Consumer,2023-02-24,Product_57,Electronics,76.59,Regular,B2C,0.3902439024390244,-0.9462757916657354,2024,3,March,1,Saturday,2024-03,1201.32,689.3100000000001,512.0099999999999,42.62,10697.31,Medium Value,1201.32
ORD001192,CUST0010,PRD0053,2024-09-12,2.0,742.35,Customer_10,South,Corporate,2022-04-30,Product_53,Office Supplies,386.19,Regular,B2B,0.04878048780487805,2.0175158490755636,2024,9,September,3,Thursday,2024-09,1484.7,772.38,712.32,47.98,12215.730000000001,Medium Value,1484.7
ORD001193,CUST0195,PRD0053,2023-10-30,12.0,742.35,Customer_195,East,Consumer,2022-03-10,Product_53,Office Supplies,386.19,Bulk,B2C,0.5365853658536586,2.0175158490755636,2023,10,October,4,Monday,2023-10,8908.2,4634.28,4273.920000000001,47.98,27758.170000000002,High Value,8908.2
ORD001194,CUST0118,PRD0046,2024-08-18,8.0,400.12,Customer_118,South,Corporate,2022-09-10,Product_46,Office Supplies,305.29,Regular,B2B,0.34146341463414637,0.35164560877649365,2024,8,August,3,Sunday,2024-08,3200.96,2442.32,758.6399999999999,23.7,16938.989999999998,Medium Value,3200.96
ORD001195,CUST0014,PRD0052,2024-08-17,9.0,476.07,Customer_14,East,Corporate,2022-02-27,Product_52,Furniture,333.09,Regular,B2B,0.3902439024390244,0.7213468177608444,2024,8,August,3,Saturday,2024-08,4284.63,2997.81,1286.8200000000002,30.03,17393.65,Medium Value,4284.63
ORD001196,CUST0080,PRD0014,2023-03-10,12.0,635.89,Customer_80,West,Corporate,2023-10-21,Product_14,Office Supplies,387.94,Bulk,B2B,0.5365853658536586,1.4993013565347606,2023,3,March,1,Friday,2023-03,7630.68,4655.28,2975.4000000000005,38.99,20842.22,High Value,7630.68
ORD001197,CUST0202,PRD0036,2023-05-09,10.0,291.11,Customer_202,West,Corporate,2023-07-19,Product_36,Clothing,215.37,Regular,B2B,0.43902439024390244,-0.17898149841750338,2023,5,May,2,Tuesday,2023-05,2911.1000000000004,2153.7,757.4000000000005,26.02,18852.37,Medium Value,2911.1000000000004
ORD001198,CUST0093,PRD0012,2023-07-15,9.0,78.44,Customer_93,South,Unknown,2022-06-09,Product_12,Furniture,49.26,Regular,,0.3902439024390244,-1.2141935604938943,2023,7,July,3,Saturday,2023-07,705.96,443.34,262.62000000000006,37.2,17045.37,Medium Value,705.96
ORD001199,CUST0010,PRD0017,2023-05-20,10.0,160.45,Customer_10,South,Corporate,2022-04-30,Product_17,Clothing,106.87,Regular,B2B,0.43902439024390244,-0.8149941378631292,2023,5,May,2,Saturday,2023-05,1604.5,1068.7,535.8,33.39,12215.730000000001,Medium Value,1604.5
ORD001200,CUST0076,PRD0039,2024-03-19,9.0,112.92,Customer_76,South,Consumer,2024-03-12,Product_39,Electronics,58.09,Regular,B2C,0.3902439024390244,-1.046355539614626,2024,3,March,1,Tuesday,2024-03,1016.28,522.8100000000001,493.4699999999999,48.56,13324.84,Medium Value,1016.28
ORD001201,CUST0094,PRD0009,2023-10-10,2.0,365.6,Customer_94,South,Consumer,2023-04-20,Product_9,Clothing,212.18,Regular,B2C,0.04878048780487805,0.1836128802163912,2023,10,October,4,Tuesday,2023-10,731.2,424.36,306.84000000000003,41.96,3216.76,Low Value,731.2
ORD001202,CUST0105,PRD0035,2023-11-08,4.0,387.88,Customer_105,South,Consumer,2024-04-14,Product_35,Electronics,195.05,Regular,B2C,0.14634146341463414,0.29206505844116176,2023,11,November,4,Wednesday,2023-11,1551.52,780.2,771.3199999999999,49.71,15387.39,Medium Value,1551.52
ORD001203,CUST0001,PRD0060,2024-06-18,7.0,320.42,Customer_1,East,Corporate,2024-03-30,Product_60,Groceries,231.92,Regular,B2B,0.2926829268292683,-0.036309445286083736,2024,6,June,2,Tuesday,2024-06,2242.94,1623.4399999999998,619.5000000000002,27.62,21904.12,High Value,2242.94
ORD001204,CUST0133,PRD0013,2024-10-26,12.0,326.99,Customer_133,North,Home Office,2023-05-16,Product_13,Office Supplies,162.15,Bulk,B2B-Home,0.5365853658536586,-0.004328708709030647,2024,10,October,4,Saturday,2024-10,3923.88,1945.8000000000002,1978.08,50.41,27927.370000000003,High Value,3923.88
ORD001205,CUST0020,PRD0015,2023-10-04,2.0,547.01,Customer_20,East,Corporate,2024-03-01,Product_15,Office Supplies,346.88,Regular,B2B,0.04878048780487805,1.0666608897206844,2023,10,October,4,Wednesday,2023-10,1094.02,693.76,400.26,36.59,11573.93,Medium Value,1094.02
ORD001206,CUST0008,PRD0018,2023-03-02,1.0,141.2,Customer_8,North,Home Office,2023-10-21,Product_18,Groceries,72.5,Regular,B2B-Home,0.0,-0.9086972092646928,2023,3,March,1,Thursday,2023-03,141.2,72.5,68.69999999999999,48.65,25350.17,High Value,141.2
ORD001207,CUST0171,PRD0051,2023-11-15,3.0,502.39,Customer_171,West,Home Office,2024-05-29,Product_51,Furniture,372.16,Regular,B2B-Home,0.0975609756097561,0.8494644717498913,2023,11,November,4,Wednesday,2023-11,1507.17,1116.48,390.69000000000005,25.92,23186.15,High Value,1507.17
ORD001208,CUST0204,PRD0033,2023-02-21,12.0,406.65,Customer_204,North,Corporate,2022-05-24,Product_33,Groceries,234.59,Bulk,B2B,0.5365853658536586,0.3834316376727122,2023,2,February,1,Tuesday,2023-02,4879.799999999999,2815.08,2064.7199999999993,42.31,17106.79,Medium Value,4879.799999999999
ORD001209,CUST0001,PRD0006,2023-06-02,4.0,100.25,Customer_1,East,Corporate,2024-03-30,Product_6,Groceries,73.48,Regular,B2B,0.14634146341463414,-1.108029197518928,2023,6,June,2,Friday,2023-06,401.0,293.92,107.07999999999998,26.7,21904.12,High Value,401.0
ORD001210,CUST0057,PRD0059,2023-11-07,8.0,460.22,Customer_57,West,Home Office,2024-01-20,Product_59,Groceries,297.74,Regular,B2B-Home,0.34146341463414637,0.6441938992302065,2023,11,November,4,Tuesday,2023-11,3681.76,2381.92,1299.8400000000001,35.3,16352.6,Medium Value,3681.76
ORD001211,CUST0064,PRD0027,2024-06-27,6.0,370.3,Customer_64,North,Home Office,2023-07-05,Product_27,Electronics,173.05,Regular,B2B-Home,0.24390243902439024,0.20649103271443522,2024,6,June,2,Thursday,2024-06,2221.8,1038.3000000000002,1183.5,53.27,11935.43,Medium Value,2221.8
ORD001212,CUST0118,PRD0023,2024-07-20,11.0,201.54,Customer_118,South,Corporate,2022-09-10,Product_23,Electronics,115.59,Bulk,B2B,0.4878048780487805,-0.6149806727259736,2024,7,July,3,Saturday,2024-07,2216.94,1271.49,945.45,42.65,16938.989999999998,Medium Value,2216.94
ORD001213,CUST0212,PRD0059,2024-01-24,2.0,460.22,Customer_212,East,Consumer,2022-08-11,Product_59,Groceries,297.74,Regular,B2C,0.04878048780487805,0.6441938992302065,2024,1,January,1,Wednesday,2024-01,920.44,595.48,324.96000000000004,35.3,920.44,Low Value,920.44
ORD001214,CUST0028,PRD0027,2024-07-01,9.0,370.3,Customer_28,South,Consumer,2024-03-12,Product_27,Electronics,173.05,Regular,B2C,0.3902439024390244,0.20649103271443522,2024,7,July,3,Monday,2024-07,3332.7000000000003,1557.45,1775.2500000000002,53.27,5300.620000000001,Low Value,3332.7000000000003
ORD001215,CUST0121,PRD0034,2024-09-13,14.0,138.13,Customer_121,West,Unknown,2022-02-04,Product_34,Clothing,65.97,Bulk,,0.6341463414634146,-0.9236410237687344,2024,9,September,3,Friday,2024-09,1933.82,923.5799999999999,1010.24,52.24,5678.95,Low Value,1933.82
ORD001216,CUST0107,PRD0056,2023-06-26,2.0,711.44,Customer_107,South,Corporate,2023-02-21,Product_56,Groceries,375.64,Regular,B2B,0.04878048780487805,1.8670554887107675,2023,6,June,2,Monday,2023-06,1422.88,751.28,671.6000000000001,47.2,10106.86,Medium Value,1422.88
ORD001217,CUST0165,PRD0046,2023-12-28,13.0,400.12,Customer_165,South,Unknown,2024-05-22,Product_46,Office Supplies,305.29,Bulk,,0.5853658536585366,0.35164560877649365,2023,12,December,4,Thursday,2023-12,5201.56,3968.7700000000004,1232.79,23.7,9121.480000000001,Low Value,5201.56
ORD001218,CUST0175,PRD0038,2023-11-10,12.0,199.83,Customer_175,West,Consumer,2023-11-30,Product_38,Office Supplies,137.96,Bulk,B2C,0.5365853658536586,-0.6233044260816448,2023,11,November,4,Friday,2023-11,2397.96,1655.52,742.44,30.96,13309.85,Medium Value,2397.96
ORD001219,CUST0229,PRD0014,2023-04-07,5.0,635.89,Customer_229,North,Consumer,2022-06-23,Product_14,Office Supplies,387.94,Regular,B2C,0.1951219512195122,1.4993013565347606,2023,4,April,2,Friday,2023-04,3179.45,1939.7,1239.7499999999998,38.99,17827.010000000002,Medium Value,3179.45
ORD001220,CUST0204,PRD0036,2023-08-01,12.0,291.11,Customer_204,North,Corporate,2022-05-24,Product_36,Clothing,215.37,Bulk,B2B,0.5365853658536586,-0.17898149841750338,2023,8,August,3,Tuesday,2023-08,3493.32,2584.44,908.8800000000001,26.02,17106.79,Medium Value,3493.32
ORD001221,CUST0165,PRD0053,2023-05-17,4.0,742.35,Customer_165,South,Unknown,2024-05-22,Product_53,Office Supplies,386.19,Regular,,0.14634146341463414,2.0175158490755636,2023,5,May,2,Wednesday,2023-05,2969.4,1544.76,1424.64,47.98,9121.480000000001,Low Value,2969.4
ORD001222,CUST0049,PRD0008,2023-01-06,13.0,68.43,Customer_49,South,Home Office,2023-03-11,Product_8,Furniture,36.69,Bulk,B2B-Home,0.5853658536585366,-1.2629191576227072,2023,1,January,1,Friday,2023-01,889.5900000000001,476.96999999999997,412.6200000000002,46.38,18717.89,Medium Value,889.5900000000001
ORD001223,CUST0241,PRD0035,2023-04-19,7.0,387.88,Customer_241,South,Consumer,2022-12-05,Product_35,Electronics,195.05,Regular,B2C,0.2926829268292683,0.29206505844116176,2023,4,April,2,Wednesday,2023-04,2715.16,1365.3500000000001,1349.8099999999997,49.71,24028.78,High Value,2715.16
ORD001224,CUST0120,PRD0019,2024-06-30,8.0,458.22,Customer_120,North,Consumer,2024-01-24,Product_19,Furniture,269.11,Regular,B2C,0.34146341463414637,0.6344585151884856,2024,6,June,2,Sunday,2024-06,3665.76,2152.88,1512.88,41.27,21611.49,High Value,3665.76
ORD001225,CUST0044,PRD0030,2023-02-08,5.0,67.45,Customer_44,West,Corporate,2024-05-10,Product_30,Clothing,50.36,Regular,B2B,0.1951219512195122,-1.2676894958031506,2023,2,February,1,Wednesday,2023-02,337.25,251.8,85.44999999999999,25.34,13914.64,Medium Value,337.25
ORD001226,CUST0056,PRD0014,2024-10-23,10.0,635.89,Customer_56,West,Corporate,2022-04-04,Product_14,Office Supplies,387.94,Regular,B2B,0.43902439024390244,1.4993013565347606,2024,10,October,4,Wednesday,2024-10,6358.9,3879.4,2479.4999999999995,38.99,19286.059999999998,Medium Value,6358.9
ORD001227,CUST0156,PRD0059,2024-02-29,14.0,460.22,Customer_156,South,Corporate,2024-01-06,Product_59,Groceries,297.74,Bulk,B2B,0.6341463414634146,0.6441938992302065,2024,2,February,1,Thursday,2024-02,6443.08,4168.360000000001,2274.7199999999993,35.3,24876.12,High Value,6443.08
ORD001228,CUST0111,PRD0020,2024-09-21,14.0,532.93,Customer_111,West,Home Office,2023-07-10,Product_20,Furniture,372.1,Bulk,B2B-Home,0.6341463414634146,0.998123786066969,2024,9,September,3,Saturday,2024-09,7461.0199999999995,5209.400000000001,2251.619999999999,30.18,17838.7,Medium Value,7461.0199999999995
ORD001229,CUST0207,PRD0049,2023-09-18,5.0,267.83,Customer_207,West,Consumer,2022-04-19,Product_49,Groceries,167.68,Regular,B2C,0.1951219512195122,-0.29230136866313466,2023,9,September,3,Monday,2023-09,1339.1499999999999,838.4000000000001,500.7499999999998,37.39,12478.16,Medium Value,1339.1499999999999
ORD001230,CUST0134,PRD0025,2024-03-01,2.0,143.9,Customer_134,North,Corporate,2023-09-18,Product_25,Clothing,78.88,Regular,B2B,0.04878048780487805,-0.8955544408083695,2024,3,March,1,Friday,2024-03,287.8,157.76,130.04000000000002,45.18,13210.79,Medium Value,287.8
ORD001231,CUST0108,PRD0040,2023-03-28,8.0,37.04,Customer_108,West,Home Office,2022-06-17,Product_40,Groceries,30.03,Regular,B2B-Home,0.34146341463414637,-1.4157160101575166,2023,3,March,1,Tuesday,2023-03,296.32,240.24,56.079999999999984,18.93,18570.65,Medium Value,296.32
ORD001232,CUST0189,PRD0024,2024-04-09,14.0,650.79,Customer_189,East,Corporate,2023-07-18,Product_24,Groceries,308.95,Bulk,B2B,0.6341463414634146,1.5718299676455811,2024,4,April,2,Tuesday,2024-04,9111.06,4325.3,4785.759999999999,52.53,31618.679999999997,High Value,9111.06
ORD001233,CUST0148,PRD0014,2023-03-17,2.0,635.89,Customer_148,East,Home Office,2024-01-09,Product_14,Office Supplies,387.94,Regular,B2B-Home,0.04878048780487805,1.4993013565347606,2023,3,March,1,Friday,2023-03,1271.78,775.88,495.9,38.99,13347.279999999999,Medium Value,1271.78
ORD001234,CUST0114,PRD0026,2024-04-15,10.0,174.95,Customer_114,South,Corporate,2022-01-12,Product_26,Furniture,132.85,Regular,B2B,0.43902439024390244,-0.7444126035606528,2024,4,April,2,Monday,2024-04,1749.5,1328.5,421.0,24.06,27783.88,High Value,1749.5
ORD001235,CUST0078,PRD0038,2024-02-18,12.0,199.83,Customer_78,West,Consumer,2022-08-11,Product_38,Office Supplies,137.96,Bulk,B2C,0.5365853658536586,-0.6233044260816448,2024,2,February,1,Sunday,2024-02,2397.96,1655.52,742.44,30.96,7493.87,Low Value,2397.96
ORD001236,CUST0130,PRD0023,2024-12-26,6.0,201.54,Customer_130,West,Home Office,2023-09-09,Product_23,Electronics,115.59,Regular,B2B-Home,0.24390243902439024,-0.6149806727259736,2024,12,December,4,Thursday,2024-12,1209.24,693.54,515.7,42.65,29687.56,High Value,1209.24
ORD001237,CUST0201,PRD0022,2024-04-01,8.0,365.55,Customer_201,East,Consumer,2023-04-29,Product_22,Office Supplies,230.79,Regular,B2C,0.34146341463414637,0.18336949561534813,2024,4,April,2,Monday,2024-04,2924.4,1846.32,1078.0800000000002,36.86,13455.37,Medium Value,2924.4
ORD001238,CUST0037,PRD0048,2023-10-12,6.0,253.91,Customer_37,West,Consumer,2024-06-15,Product_48,Electronics,191.27,Regular,B2C,0.24390243902439024,-0.360059641593512,2023,10,October,4,Thursday,2023-10,1523.46,1147.6200000000001,375.8399999999999,24.67,26289.41,High Value,1523.46
ORD001239,CUST0020,PRD0057,2023-08-27,4.0,133.48,Customer_20,East,Corporate,2024-03-01,Product_57,Electronics,76.59,Regular,B2B,0.14634146341463414,-0.9462757916657354,2023,8,August,3,Sunday,2023-08,533.92,306.36,227.55999999999995,42.62,11573.93,Medium Value,533.92
ORD001240,CUST0026,PRD0019,2024-11-07,13.0,458.22,Customer_26,South,Home Office,2023-05-28,Product_19,Furniture,269.11,Bulk,B2B-Home,0.5853658536585366,0.6344585151884856,2024,11,November,4,Thursday,2024-11,5956.860000000001,3498.4300000000003,2458.4300000000003,41.27,28628.86,High Value,5956.860000000001
ORD001241,CUST0029,PRD0046,2024-08-21,4.0,400.12,Customer_29,West,Consumer,2022-04-06,Product_46,Office Supplies,305.29,Regular,B2C,0.14634146341463414,0.35164560877649365,2024,8,August,3,Wednesday,2024-08,1600.48,1221.16,379.31999999999994,23.7,35541.26,High Value,1600.48
ORD001242,CUST0001,PRD0051,2024-10-14,6.0,502.39,Customer_1,East,Corporate,2024-03-30,Product_51,Furniture,372.16,Regular,B2B,0.24390243902439024,0.8494644717498913,2024,10,October,4,Monday,2024-10,3014.34,2232.96,781.3800000000001,25.92,21904.12,High Value,3014.34
ORD001243,CUST0119,PRD0003,2024-11-02,14.0,136.62,Customer_119,West,Home Office,2023-05-14,Product_3,Electronics,68.47,Bulk,B2B-Home,0.6341463414634146,-0.9309912387202336,2024,11,November,4,Saturday,2024-11,1912.68,958.5799999999999,954.1000000000001,49.88,30217.149999999998,High Value,1912.68
ORD001244,CUST0035,PRD0042,2024-07-11,13.0,259.69,Customer_35,South,Corporate,2022-08-25,Product_42,Clothing,132.33,Bulk,B2B,0.5853658536585366,-0.33192438171293864,2024,7,July,3,Thursday,2024-07,3375.97,1720.2900000000002,1655.6799999999996,49.04,9883.67,Medium Value,3375.97
ORD001245,CUST0198,PRD0019,2024-01-07,4.0,458.22,Customer_198,West,Home Office,2022-01-25,Product_19,Furniture,269.11,Regular,B2B-Home,0.14634146341463414,0.6344585151884856,2024,1,January,1,Sunday,2024-01,1832.88,1076.44,756.44,41.27,25630.34,High Value,1832.88
ORD001246,CUST0229,PRD0009,2024-05-09,8.0,365.6,Customer_229,North,Consumer,2022-06-23,Product_9,Clothing,212.18,Regular,B2C,0.34146341463414637,0.1836128802163912,2024,5,May,2,Thursday,2024-05,2924.8,1697.44,1227.3600000000001,41.96,17827.010000000002,Medium Value,2924.8
ORD001247,CUST0245,PRD0028,2024-09-15,9.0,375.61,Customer_245,East,Corporate,2024-04-12,Product_28,Electronics,205.51,Regular,B2B,0.3902439024390244,0.23233847734520421,2024,9,September,3,Sunday,2024-09,3380.4900000000002,1849.59,1530.9000000000003,45.29,17741.12,Medium Value,3380.4900000000002
ORD001248,CUST0059,PRD0020,2023-02-14,1.0,532.93,Customer_59,East,Consumer,2022-07-23,Product_20,Furniture,372.1,Regular,B2C,0.0,0.998123786066969,2023,2,February,1,Tuesday,2023-02,532.93,372.1,160.82999999999993,30.18,18452.66,Medium Value,532.93
ORD001249,CUST0069,PRD0045,2024-02-05,13.0,554.21,Customer_69,West,Home Office,2022-12-23,Product_45,Clothing,274.19,Bulk,B2B-Home,0.5853658536585366,1.1017082722708798,2024,2,February,1,Monday,2024-02,7204.7300000000005,3564.47,3640.2600000000007,50.53,9271.37,Low Value,7204.7300000000005
ORD001250,CUST0161,PRD0007,2023-09-04,4.0,723.68,Customer_161,East,Home Office,2023-06-09,Product_7,Clothing,359.22,Regular,B2B-Home,0.14634146341463414,1.9266360390460988,2023,9,September,3,Monday,2023-09,2894.72,1436.88,1457.8399999999997,50.36,18873.29,Medium Value,2894.72
ORD001251,CUST0241,PRD0014,2024-09-07,4.0,635.89,Customer_241,South,Consumer,2022-12-05,Product_14,Office Supplies,387.94,Regular,B2C,0.14634146341463414,1.4993013565347606,2024,9,September,3,Saturday,2024-09,2543.56,1551.76,991.8,38.99,24028.78,High Value,2543.56
ORD001252,CUST0179,PRD0009,2024-08-19,2.0,365.6,Customer_179,North,Corporate,2023-01-31,Product_9,Clothing,212.18,Regular,B2B,0.04878048780487805,0.1836128802163912,2024,8,August,3,Monday,2024-08,731.2,424.36,306.84000000000003,41.96,4424.96,Low Value,731.2
ORD001253,CUST0206,PRD0059,2024-03-25,6.0,460.22,Customer_206,North,Corporate,2022-02-08,Product_59,Groceries,297.74,Regular,B2B,0.24390243902439024,0.6441938992302065,2024,3,March,1,Monday,2024-03,2761.32,1786.44,974.8800000000001,35.3,14861.295,Medium Value,2761.32
ORD001254,CUST0012,PRD0060,2024-04-29,3.0,320.42,Customer_12,East,Consumer,2024-02-26,Product_60,Groceries,231.92,Regular,B2C,0.0975609756097561,-0.036309445286083736,2024,4,April,2,Monday,2024-04,961.26,695.76,265.5,27.62,18815.17,Medium Value,961.26
ORD001255,CUST0234,PRD0055,2024-10-07,7.0,540.73,Customer_234,West,Consumer,2024-03-05,Product_55,Groceries,293.69,Regular,B2C,0.2926829268292683,1.0360917838296808,2024,10,October,4,Monday,2024-10,3785.11,2055.83,1729.2800000000002,45.69,11286.880000000001,Medium Value,3785.11
ORD001256,CUST0020,PRD0057,2024-09-11,13.0,133.48,Customer_20,East,Corporate,2024-03-01,Product_57,Electronics,76.59,Bulk,B2B,0.5853658536585366,-0.9462757916657354,2024,9,September,3,Wednesday,2024-09,1735.2399999999998,995.6700000000001,739.5699999999997,42.62,11573.93,Medium Value,1735.2399999999998
ORD001257,CUST0181,PRD0060,2023-01-18,11.0,320.42,Customer_181,North,Corporate,2022-08-21,Product_60,Groceries,231.92,Bulk,B2B,0.4878048780487805,-0.036309445286083736,2023,1,January,1,Wednesday,2023-01,3524.6200000000003,2551.12,973.5000000000005,27.62,9609.62,Medium Value,3524.6200000000003
ORD001258,CUST0242,PRD0019,2024-08-28,11.0,458.22,Customer_242,East,Consumer,2023-10-10,Product_19,Furniture,269.11,Bulk,B2C,0.4878048780487805,0.6344585151884856,2024,8,August,3,Wednesday,2024-08,5040.42,2960.21,2080.21,41.27,29273.95,High Value,5040.42
ORD001259,CUST0216,PRD0047,2024-10-23,5.0,491.72,Customer_216,North,Home Office,2022-08-03,Product_47,Furniture,240.28,Regular,B2B-Home,0.1951219512195122,0.7975261978873105,2024,10,October,4,Wednesday,2024-10,2458.6000000000004,1201.4,1257.2000000000003,51.13,14688.54,Medium Value,2458.6000000000004
ORD001260,CUST0043,PRD0052,2023-10-16,4.0,476.07,Customer_43,South,Consumer,2024-02-29,Product_52,Furniture,333.09,Regular,B2C,0.14634146341463414,0.7213468177608444,2023,10,October,4,Monday,2023-10,1904.28,1332.36,571.9200000000001,30.03,5682.2,Low Value,1904.28
ORD001261,CUST0126,PRD0014,2024-02-18,5.0,635.89,Customer_126,West,Home Office,2023-08-28,Product_14,Office Supplies,387.94,Regular,B2B-Home,0.1951219512195122,1.4993013565347606,2024,2,February,1,Sunday,2024-02,3179.45,1939.7,1239.7499999999998,38.99,17624.39,Medium Value,3179.45
ORD001262,CUST0226,PRD0056,2024-12-21,8.0,711.44,Customer_226,South,Corporate,2022-09-10,Product_56,Groceries,375.64,Regular,B2B,0.34146341463414637,1.8670554887107675,2024,12,December,4,Saturday,2024-12,5691.52,3005.12,2686.4000000000005,47.2,33569.15,High Value,5691.52
ORD001263,CUST0217,PRD0038,2024-09-29,3.0,199.83,Customer_217,West,Home Office,2024-01-03,Product_38,Office Supplies,137.96,Regular,B2B-Home,0.0975609756097561,-0.6233044260816448,2024,9,September,3,Sunday,2024-09,599.49,413.88,185.61,30.96,14480.220000000001,Medium Value,599.49
ORD001264,CUST0050,PRD0053,2023-08-23,14.0,742.35,Customer_50,South,Consumer,2022-03-27,Product_53,Office Supplies,386.19,Bulk,B2C,0.6341463414634146,2.0175158490755636,2023,8,August,3,Wednesday,2023-08,10392.9,5406.66,4986.24,47.98,17166.309999999998,Medium Value,10392.9
ORD001265,CUST0029,PRD0036,2024-02-20,7.0,291.11,Customer_29,West,Consumer,2022-04-06,Product_36,Clothing,215.37,Regular,B2C,0.2926829268292683,-0.17898149841750338,2024,2,February,1,Tuesday,2024-02,2037.77,1507.5900000000001,530.1799999999998,26.02,35541.26,High Value,2037.77
ORD001266,CUST0185,PRD0040,2024-05-13,14.0,37.04,Customer_185,North,Corporate,2024-03-06,Product_40,Groceries,30.03,Bulk,B2B,0.6341463414634146,-1.4157160101575166,2024,5,May,2,Monday,2024-05,518.56,420.42,98.13999999999993,18.93,7939.9,Low Value,518.56
ORD001267,CUST0039,PRD0017,2024-09-25,6.0,160.45,Customer_39,North,Consumer,2022-07-08,Product_17,Clothing,106.87,Regular,B2C,0.24390243902439024,-0.8149941378631292,2024,9,September,3,Wednesday,2024-09,962.6999999999999,641.22,321.4799999999999,33.39,22167.1,High Value,962.6999999999999
ORD001268,CUST0223,PRD0030,2024-10-11,12.0,67.45,Customer_223,South,Corporate,2022-01-09,Product_30,Clothing,50.36,Bulk,B2B,0.5365853658536586,-1.2676894958031506,2024,10,October,4,Friday,2024-10,809.4000000000001,604.3199999999999,205.08000000000015,25.34,15030.25,Medium Value,809.4000000000001
ORD001269,CUST0184,PRD0009,2023-04-25,1.0,365.6,Customer_184,East,Corporate,2023-03-31,Product_9,Clothing,212.18,Regular,B2B,0.0,0.1836128802163912,2023,4,April,2,Tuesday,2023-04,365.6,212.18,153.42000000000002,41.96,14288.32,Medium Value,365.6
ORD001270,CUST0239,PRD0033,2024-11-04,13.0,406.65,Customer_239,East,Home Office,2022-06-14,Product_33,Groceries,234.59,Bulk,B2B-Home,0.5853658536585366,0.3834316376727122,2024,11,November,4,Monday,2024-11,5286.45,3049.67,2236.7799999999997,42.31,38168.37,High Value,5286.45
ORD001271,CUST0171,PRD0056,2024-12-13,7.0,711.44,Customer_171,West,Home Office,2024-05-29,Product_56,Groceries,375.64,Regular,B2B-Home,0.2926829268292683,1.8670554887107675,2024,12,December,4,Friday,2024-12,4980.08,2629.48,2350.6,47.2,23186.15,High Value,4980.08
ORD001272,CUST0178,PRD0052,2023-08-22,14.0,476.07,Customer_178,East,Consumer,2023-09-04,Product_52,Furniture,333.09,Bulk,B2C,0.6341463414634146,0.7213468177608444,2023,8,August,3,Tuesday,2023-08,6664.98,4663.259999999999,2001.7200000000003,30.03,13094.699999999999,Medium Value,6664.98
ORD001273,CUST0151,PRD0025,2024-06-23,13.0,143.9,Customer_151,East,Consumer,2023-07-02,Product_25,Clothing,78.88,Bulk,B2C,0.5853658536585366,-0.8955544408083695,2024,6,June,2,Sunday,2024-06,1870.7,1025.44,845.26,45.18,25924.43,High Value,1870.7
ORD001274,CUST0172,PRD0014,2023-01-11,7.0,635.89,Customer_172,North,Consumer,2023-12-30,Product_14,Office Supplies,387.94,Regular,B2C,0.2926829268292683,1.4993013565347606,2023,1,January,1,Wednesday,2023-01,4451.23,2715.58,1735.6499999999996,38.99,25425.829999999998,High Value,4451.23
ORD001275,CUST0038,PRD0011,2023-07-25,14.0,816.42,Customer_38,North,Consumer,2022-09-29,Product_11,Groceries,393.04,Bulk,B2C,0.6341463414634146,2.3780657970606964,2023,7,July,3,Tuesday,2023-07,11429.88,5502.56,5927.319999999999,51.86,19394.91,Medium Value,11429.88
ORD001276,CUST0084,PRD0053,2024-11-09,12.0,742.35,Customer_84,West,Corporate,2022-11-21,Product_53,Office Supplies,386.19,Bulk,B2B,0.5365853658536586,2.0175158490755636,2024,11,November,4,Saturday,2024-11,8908.2,4634.28,4273.920000000001,47.98,25454.75,High Value,8908.2
ORD001277,CUST0151,PRD0035,2023-09-04,1.0,387.88,Customer_151,East,Consumer,2023-07-02,Product_35,Electronics,195.05,Regular,B2C,0.0,0.29206505844116176,2023,9,September,3,Monday,2023-09,387.88,195.05,192.82999999999998,49.71,25924.43,High Value,387.88
ORD001278,CUST0128,PRD0041,2024-07-12,9.0,700.93,Customer_128,North,Consumer,2023-02-22,Product_41,Furniture,396.03,Regular,B2C,0.3902439024390244,1.8158960455715238,2024,7,July,3,Friday,2024-07,6308.37,3564.2699999999995,2744.1000000000004,43.5,9649.779999999999,Medium Value,6308.37
ORD001279,CUST0126,PRD0059,2023-05-07,6.0,460.22,Customer_126,West,Home Office,2023-08-28,Product_59,Groceries,297.74,Regular,B2B-Home,0.24390243902439024,0.6441938992302065,2023,5,May,2,Sunday,2023-05,2761.32,1786.44,974.8800000000001,35.3,17624.39,Medium Value,2761.32
ORD001280,CUST0045,PRD0014,2023-05-27,8.0,635.89,Customer_45,West,Corporate,2022-09-04,Product_14,Office Supplies,387.94,Regular,B2B,0.34146341463414637,1.4993013565347606,2023,5,May,2,Saturday,2023-05,5087.12,3103.52,1983.6,38.99,29981.27,High Value,5087.12
ORD001281,CUST0052,PRD0030,2023-04-28,2.0,67.45,Customer_52,South,Corporate,2022-10-12,Product_30,Clothing,50.36,Regular,B2B,0.04878048780487805,-1.2676894958031506,2023,4,April,2,Friday,2023-04,134.9,100.72,34.18000000000001,25.34,9976.42,Medium Value,134.9
ORD001282,CUST0080,PRD0041,2024-01-17,5.0,700.93,Customer_80,West,Corporate,2023-10-21,Product_41,Furniture,396.03,Regular,B2B,0.1951219512195122,1.8158960455715238,2024,1,January,1,Wednesday,2024-01,3504.6499999999996,1980.1499999999999,1524.4999999999998,43.5,20842.22,High Value,3504.6499999999996
ORD001283,CUST0178,PRD0004,2024-02-16,13.0,110.29,Customer_178,East,Consumer,2023-09-04,Product_4,Electronics,78.69,Bulk,B2C,0.5853658536585366,-1.059157569629489,2024,2,February,1,Friday,2024-02,1433.77,1022.97,410.79999999999995,28.65,13094.699999999999,Medium Value,1433.77
ORD001284,CUST0234,PRD0059,2024-10-25,11.0,460.22,Customer_234,West,Consumer,2024-03-05,Product_59,Groceries,297.74,Bulk,B2C,0.4878048780487805,0.6441938992302065,2024,10,October,4,Friday,2024-10,5062.42,3275.1400000000003,1787.2799999999997,35.3,11286.880000000001,Medium Value,5062.42
ORD001285,CUST0124,PRD0004,2024-08-06,4.0,110.29,Customer_124,East,Corporate,2022-03-31,Product_4,Electronics,78.69,Regular,B2B,0.14634146341463414,-1.059157569629489,2024,8,August,3,Tuesday,2024-08,441.16,314.76,126.40000000000003,28.65,6284.13,Low Value,441.16
ORD001286,CUST0119,PRD0028,2023-12-29,7.0,375.61,Customer_119,West,Home Office,2023-05-14,Product_28,Electronics,205.51,Regular,B2B-Home,0.2926829268292683,0.23233847734520421,2023,12,December,4,Friday,2023-12,2629.27,1438.57,1190.7,45.29,30217.149999999998,High Value,2629.27
ORD001287,CUST0008,PRD0008,2024-05-23,8.0,68.43,Customer_8,North,Home Office,2023-10-21,Product_8,Furniture,36.69,Regular,B2B-Home,0.34146341463414637,-1.2629191576227072,2024,5,May,2,Thursday,2024-05,547.44,293.52,253.92000000000007,46.38,25350.17,High Value,547.44
ORD001288,CUST0242,PRD0002,2023-05-17,11.0,136.86,Customer_242,East,Consumer,2023-10-10,Product_2,Clothing,102.15,Bulk,B2C,0.4878048780487805,-0.9298229926352269,2023,5,May,2,Wednesday,2023-05,1505.46,1123.65,381.80999999999995,25.36,29273.95,High Value,1505.46
ORD001289,CUST0085,PRD0041,2023-06-24,8.0,700.93,Customer_85,East,Home Office,2023-05-31,Product_41,Furniture,396.03,Regular,B2B-Home,0.34146341463414637,1.8158960455715238,2023,6,June,2,Saturday,2023-06,5607.44,3168.24,2439.2,43.5,16345.86,Medium Value,5607.44
ORD001290,CUST0129,PRD0046,2023-10-16,11.0,400.12,Customer_129,West,Consumer,2022-04-25,Product_46,Office Supplies,305.29,Bulk,B2C,0.4878048780487805,0.35164560877649365,2023,10,October,4,Monday,2023-10,4401.32,3358.19,1043.1299999999997,23.7,8352.01,Low Value,4401.32
ORD001291,CUST0247,PRD0022,2024-04-25,1.0,365.55,Customer_247,North,Unknown,2023-05-15,Product_22,Office Supplies,230.79,Regular,,0.0,0.18336949561534813,2024,4,April,2,Thursday,2024-04,365.55,230.79,134.76000000000002,36.86,7743.219999999999,Low Value,365.55
ORD001292,CUST0008,PRD0041,2023-01-19,5.0,700.93,Customer_8,North,Home Office,2023-10-21,Product_41,Furniture,396.03,Regular,B2B-Home,0.1951219512195122,1.8158960455715238,2023,1,January,1,Thursday,2023-01,3504.6499999999996,1980.1499999999999,1524.4999999999998,43.5,25350.17,High Value,3504.6499999999996
ORD001293,CUST0157,PRD0056,2023-07-14,3.0,711.44,Customer_157,East,Consumer,2022-02-06,Product_56,Groceries,375.64,Regular,B2C,0.0975609756097561,1.8670554887107675,2023,7,July,3,Friday,2023-07,2134.32,1126.92,1007.4000000000001,47.2,8424.04,Low Value,2134.32
ORD001294,CUST0096,PRD0055,2023-11-26,1.0,540.73,Customer_96,South,Home Office,2023-10-26,Product_55,Groceries,293.69,Regular,B2B-Home,0.0,1.0360917838296808,2023,11,November,4,Sunday,2023-11,540.73,293.69,247.04000000000002,45.69,14565.7,Medium Value,540.73
ORD001295,CUST0102,PRD0016,2023-06-24,12.0,544.93,Customer_102,South,Corporate,2023-03-03,Product_16,Office Supplies,327.74,Bulk,B2B,0.5365853658536586,1.0565360903172945,2023,6,June,2,Saturday,2023-06,6539.16,3932.88,2606.2799999999997,39.86,15984.16,Medium Value,6539.16
ORD001296,CUST0005,PRD0029,2024-03-24,3.0,154.64,Customer_5,East,Home Office,2023-09-28,Product_29,Furniture,100.75,Regular,B2B-Home,0.0975609756097561,-0.8432754285043285,2024,3,March,1,Sunday,2024-03,463.91999999999996,302.25,161.66999999999996,34.85,5899.5199999999995,Low Value,463.91999999999996
ORD001297,CUST0239,PRD0049,2023-12-20,14.0,267.83,Customer_239,East,Home Office,2022-06-14,Product_49,Groceries,167.68,Bulk,B2B-Home,0.6341463414634146,-0.29230136866313466,2023,12,December,4,Wednesday,2023-12,3749.62,2347.52,1402.1,37.39,38168.37,High Value,3749.62
ORD001298,CUST0086,PRD0048,2024-05-13,6.0,253.91,Customer_86,East,Home Office,2022-01-16,Product_48,Electronics,191.27,Regular,B2B-Home,0.24390243902439024,-0.360059641593512,2024,5,May,2,Monday,2024-05,1523.46,1147.6200000000001,375.8399999999999,24.67,9032.79,Low Value,1523.46
ORD001299,CUST0175,PRD0030,2023-05-21,14.0,67.45,Customer_175,West,Consumer,2023-11-30,Product_30,Clothing,50.36,Bulk,B2C,0.6341463414634146,-1.2676894958031506,2023,5,May,2,Sunday,2023-05,944.3000000000001,705.04,239.2600000000001,25.34,13309.85,Medium Value,944.3000000000001
ORD001300,CUST0034,PRD0012,2023-04-03,7.0,78.44,Customer_34,South,Corporate,2023-05-03,Product_12,Furniture,49.26,Regular,B2B,0.2926829268292683,-1.2141935604938943,2023,4,April,2,Monday,2023-04,549.0799999999999,344.82,204.25999999999993,37.2,8270.08,Low Value,549.0799999999999
ORD001301,CUST0193,PRD0035,2023-08-27,8.0,387.88,Customer_193,North,Corporate,2022-05-24,Product_35,Electronics,195.05,Regular,B2B,0.34146341463414637,0.29206505844116176,2023,8,August,3,Sunday,2023-08,3103.04,1560.4,1542.6399999999999,49.71,16156.54,Medium Value,3103.04
ORD001302,CUST0055,PRD0011,2023-07-24,13.0,816.42,Customer_55,East,Corporate,2022-02-16,Product_11,Groceries,393.04,Bulk,B2B,0.5853658536585366,2.3780657970606964,2023,7,July,3,Monday,2023-07,10613.46,5109.52,5503.939999999999,51.86,25584.11,High Value,10613.46
ORD001303,CUST0119,PRD0046,2024-07-13,11.0,400.12,Customer_119,West,Home Office,2023-05-14,Product_46,Office Supplies,305.29,Bulk,B2B-Home,0.4878048780487805,0.35164560877649365,2024,7,July,3,Saturday,2024-07,4401.32,3358.19,1043.1299999999997,23.7,30217.149999999998,High Value,4401.32
ORD001304,CUST0218,PRD0050,2024-03-08,4.0,285.21,Customer_218,North,Home Office,2022-08-23,Product_50,Clothing,142.8,Regular,B2B-Home,0.14634146341463414,-0.20770088134058018,2024,3,March,1,Friday,2024-03,1140.84,571.2,569.6399999999999,49.93,16281.71,Medium Value,1140.84
ORD001305,CUST0171,PRD0021,2023-09-02,3.0,472.24,Customer_171,West,Home Office,2024-05-29,Product_21,Office Supplies,224.92,Regular,B2B-Home,0.0975609756097561,0.7027035573209489,2023,9,September,3,Saturday,2023-09,1416.72,674.76,741.96,52.37,23186.15,High Value,1416.72
ORD001306,CUST0202,PRD0021,2023-11-13,5.0,472.24,Customer_202,West,Corporate,2023-07-19,Product_21,Office Supplies,224.92,Regular,B2B,0.1951219512195122,0.7027035573209489,2023,11,November,4,Monday,2023-11,2361.2,1124.6,1236.6,52.37,18852.37,Medium Value,2361.2
ORD001307,CUST0158,PRD0005,2023-10-22,9.0,160.38,Customer_158,South,Corporate,2024-02-19,Product_5,Office Supplies,117.61,Regular,B2B,0.3902439024390244,-0.8153348763045895,2023,10,October,4,Sunday,2023-10,1443.42,1058.49,384.93000000000006,26.67,18382.7,Medium Value,1443.42
ORD001308,CUST0114,PRD0048,2024-10-01,13.0,253.91,Customer_114,South,Corporate,2022-01-12,Product_48,Electronics,191.27,Bulk,B2B,0.5853658536585366,-0.360059641593512,2024,10,October,4,Tuesday,2024-10,3300.83,2486.51,814.3199999999997,24.67,27783.88,High Value,3300.83
ORD001309,CUST0210,PRD0020,2023-10-09,6.0,532.93,Customer_210,North,Home Office,2022-07-05,Product_20,Furniture,372.1,Regular,B2B-Home,0.24390243902439024,0.998123786066969,2023,10,October,4,Monday,2023-10,3197.58,2232.6000000000004,964.9799999999996,30.18,10350.1,Medium Value,3197.58
ORD001310,CUST0145,PRD0037,2023-01-17,9.0,38.5,Customer_145,West,Consumer,2024-05-18,Product_37,Furniture,25.47,Regular,B2C,0.3902439024390244,-1.4086091798070604,2023,1,January,1,Tuesday,2023-01,346.5,229.23,117.27000000000001,33.84,28262.845,High Value,346.5
ORD001311,CUST0026,PRD0003,2023-03-12,6.0,136.62,Customer_26,South,Home Office,2023-05-28,Product_3,Electronics,68.47,Regular,B2B-Home,0.24390243902439024,-0.9309912387202336,2023,3,March,1,Sunday,2023-03,819.72,410.82,408.90000000000003,49.88,28628.86,High Value,819.72
ORD001312,CUST0136,PRD0044,2023-09-26,2.0,162.81,Customer_136,North,Corporate,2022-03-16,Product_44,Electronics,105.58,Regular,B2B,0.04878048780487805,-0.8035063846938985,2023,9,September,3,Tuesday,2023-09,325.62,211.16,114.46000000000001,35.15,5826.04,Low Value,325.62
ORD001313,CUST0047,PRD0033,2023-11-21,13.0,406.65,Customer_47,West,Home Office,2022-06-03,Product_33,Groceries,234.59,Bulk,B2B-Home,0.5853658536585366,0.3834316376727122,2023,11,November,4,Tuesday,2023-11,5286.45,3049.67,2236.7799999999997,42.31,23461.079999999998,High Value,5286.45
ORD001314,CUST0232,PRD0053,2023-11-01,5.0,742.35,Customer_232,West,Corporate,2022-06-19,Product_53,Office Supplies,386.19,Regular,B2B,0.1951219512195122,2.0175158490755636,2023,11,November,4,Wednesday,2023-11,3711.75,1930.95,1780.8,47.98,8366.31,Low Value,3711.75
ORD001315,CUST0113,PRD0009,2024-03-26,12.0,365.6,Customer_113,West,Consumer,2023-02-01,Product_9,Clothing,212.18,Bulk,B2C,0.5365853658536586,0.1836128802163912,2024,3,March,1,Tuesday,2024-03,4387.200000000001,2546.16,1841.0400000000009,41.96,9162.11,Low Value,4387.200000000001
ORD001316,CUST0076,PRD0009,2023-01-07,11.0,365.6,Customer_76,South,Consumer,2024-03-12,Product_9,Clothing,212.18,Bulk,B2C,0.4878048780487805,0.1836128802163912,2023,1,January,1,Saturday,2023-01,4021.6000000000004,2333.98,1687.6200000000003,41.96,13324.84,Medium Value,4021.6000000000004
ORD001317,CUST0219,PRD0004,2023-11-10,9.0,110.29,Customer_219,West,Corporate,2024-04-22,Product_4,Electronics,78.69,Regular,B2B,0.3902439024390244,-1.059157569629489,2023,11,November,4,Friday,2023-11,992.61,708.21,284.4,28.65,5375.400000000001,Low Value,992.61
ORD001318,CUST0072,PRD0035,2023-04-13,8.0,387.88,Customer_72,South,Consumer,2023-06-06,Product_35,Electronics,195.05,Regular,B2C,0.34146341463414637,0.29206505844116176,2023,4,April,2,Thursday,2023-04,3103.04,1560.4,1542.6399999999999,49.71,24813.85,High Value,3103.04
ORD001319,CUST0089,PRD0017,2023-07-12,7.0,160.45,Customer_89,West,Consumer,2024-01-29,Product_17,Clothing,106.87,Regular,B2C,0.2926829268292683,-0.8149941378631292,2023,7,July,3,Wednesday,2023-07,1123.1499999999999,748.09,375.05999999999983,33.39,15199.720000000001,Medium Value,1123.1499999999999
ORD001320,CUST0046,PRD0034,2024-07-27,1.0,138.13,Customer_46,West,Home Office,2022-03-17,Product_34,Clothing,65.97,Regular,B2B-Home,0.0,-0.9236410237687344,2024,7,July,3,Saturday,2024-07,138.13,65.97,72.16,52.24,28122.76,High Value,138.13
ORD001321,CUST0196,PRD0024,2024-06-12,4.0,650.79,Customer_196,South,Consumer,2022-04-09,Product_24,Groceries,308.95,Regular,B2C,0.14634146341463414,1.5718299676455811,2024,6,June,2,Wednesday,2024-06,2603.16,1235.8,1367.36,52.53,29994.35,High Value,2603.16
ORD001322,CUST0033,PRD0032,2023-06-20,12.0,216.61,Customer_33,West,Corporate,2023-08-24,Product_32,Electronics,119.01,Bulk,B2B,0.5365853658536586,-0.5416245539716065,2023,6,June,2,Tuesday,2023-06,2599.32,1428.1200000000001,1171.2,45.06,7098.120000000001,Low Value,2599.32
ORD001323,CUST0001,PRD0001,2024-06-20,7.0,133.49,Customer_1,East,Corporate,2024-03-30,Product_1,Furniture,65.38,Regular,B2B,0.2926829268292683,-0.9462271147455267,2024,6,June,2,Thursday,2024-06,934.4300000000001,457.65999999999997,476.7700000000001,51.02,21904.12,High Value,934.4300000000001
ORD001324,CUST0147,PRD0008,2023-09-08,11.0,68.43,Customer_147,East,Consumer,2022-07-11,Product_8,Furniture,36.69,Bulk,B2C,0.4878048780487805,-1.2629191576227072,2023,9,September,3,Friday,2023-09,752.73,403.59,349.14000000000004,46.38,15997.035,Medium Value,752.73
ORD001325,CUST0031,PRD0045,2024-01-22,7.0,554.21,Customer_31,North,Home Office,2022-04-28,Product_45,Clothing,274.19,Regular,B2B-Home,0.2926829268292683,1.1017082722708798,2024,1,January,1,Monday,2024-01,3879.4700000000003,1919.33,1960.1400000000003,50.53,17397.95,Medium Value,3879.4700000000003
ORD001326,CUST0208,PRD0023,2023-07-26,6.0,201.54,Customer_208,West,Consumer,2023-11-24,Product_23,Electronics,115.59,Regular,B2C,0.24390243902439024,-0.6149806727259736,2023,7,July,3,Wednesday,2023-07,1209.24,693.54,515.7,42.65,10414.62,Medium Value,1209.24
ORD001327,CUST0142,PRD0047,2024-06-24,8.0,491.72,Customer_142,North,Home Office,2024-01-31,Product_47,Furniture,240.28,Regular,B2B-Home,0.34146341463414637,0.7975261978873105,2024,6,June,2,Monday,2024-06,3933.76,1922.24,2011.5200000000002,51.13,13403.5,Medium Value,3933.76
ORD001328,CUST0053,PRD0040,2024-09-20,11.0,37.04,Customer_53,East,Consumer,2022-08-08,Product_40,Groceries,30.03,Bulk,B2C,0.4878048780487805,-1.4157160101575166,2024,9,September,3,Friday,2024-09,407.44,330.33000000000004,77.10999999999996,18.93,10522.06,Medium Value,407.44
ORD001329,CUST0048,PRD0012,2024-02-20,13.0,78.44,Customer_48,East,Home Office,2023-10-18,Product_12,Furniture,49.26,Bulk,B2B-Home,0.5853658536585366,-1.2141935604938943,2024,2,February,1,Tuesday,2024-02,1019.72,640.38,379.34000000000003,37.2,4421.28,Low Value,1019.72
ORD001330,CUST0069,PRD0054,2024-01-15,6.0,103.87,Customer_69,West,Home Office,2022-12-23,Product_54,Office Supplies,54.1,Regular,B2B-Home,0.24390243902439024,-1.090408152403413,2024,1,January,1,Monday,2024-01,623.22,324.6,298.62,47.92,9271.37,Low Value,623.22
ORD001331,CUST0105,PRD0012,2023-05-24,10.0,78.44,Customer_105,South,Consumer,2024-04-14,Product_12,Furniture,49.26,Regular,B2C,0.43902439024390244,-1.2141935604938943,2023,5,May,2,Wednesday,2023-05,784.4,492.59999999999997,291.8,37.2,15387.39,Medium Value,784.4
ORD001332,CUST0090,PRD0046,2023-01-25,3.0,291.11,Customer_90,South,Corporate,2022-09-15,Product_46,Office Supplies,305.29,Regular,B2B,0.0975609756097561,-0.17898149841750338,2023,1,January,1,Wednesday,2023-01,873.33,915.8700000000001,-42.54000000000008,-4.87,18871.21,Medium Value,873.33
ORD001333,CUST0190,PRD0047,2024-10-29,4.0,491.72,Customer_190,South,Home Office,2024-04-30,Product_47,Furniture,240.28,Regular,B2B-Home,0.14634146341463414,0.7975261978873105,2024,10,October,4,Tuesday,2024-10,1966.88,961.12,1005.7600000000001,51.13,20038.690000000002,High Value,1966.88
ORD001334,CUST0220,PRD0015,2023-03-14,14.0,547.01,Customer_220,East,Corporate,2023-10-20,Product_15,Office Supplies,346.88,Bulk,B2B,0.6341463414634146,1.0666608897206844,2023,3,March,1,Tuesday,2023-03,7658.139999999999,4856.32,2801.8199999999997,36.59,15534.15,Medium Value,7658.139999999999
ORD001335,CUST0194,PRD0041,2024-09-23,3.0,700.93,Customer_194,East,Corporate,2024-06-03,Product_41,Furniture,396.03,Regular,B2B,0.0975609756097561,1.8158960455715238,2024,9,September,3,Monday,2024-09,2102.79,1188.09,914.7,43.5,18051.27,Medium Value,2102.79
ORD001336,CUST0242,PRD0019,2023-04-03,1.0,458.22,Customer_242,East,Consumer,2023-10-10,Product_19,Furniture,269.11,Regular,B2C,0.0,0.6344585151884856,2023,4,April,2,Monday,2023-04,458.22,269.11,189.11,41.27,29273.95,High Value,458.22
ORD001337,CUST0192,PRD0026,2024-05-19,10.0,174.95,Customer_192,East,Corporate,2023-01-02,Product_26,Furniture,132.85,Regular,B2B,0.43902439024390244,-0.7444126035606528,2024,5,May,2,Sunday,2024-05,1749.5,1328.5,421.0,24.06,10536.52,Medium Value,1749.5
ORD001338,CUST0198,PRD0052,2024-08-20,5.0,476.07,Customer_198,West,Home Office,2022-01-25,Product_52,Furniture,333.09,Regular,B2B-Home,0.1951219512195122,0.7213468177608444,2024,8,August,3,Tuesday,2024-08,2380.35,1665.4499999999998,714.9000000000001,30.03,25630.34,High Value,2380.35
ORD001339,CUST0063,PRD0029,2023-12-02,1.0,154.64,Customer_63,North,Consumer,2022-12-07,Product_29,Furniture,100.75,Regular,B2C,0.0,-0.8432754285043285,2023,12,December,4,Saturday,2023-12,154.64,100.75,53.889999999999986,34.85,14462.820000000002,Medium Value,154.64
ORD001340,CUST0073,PRD0022,2024-02-29,1.0,365.55,Customer_73,North,Consumer,2024-01-28,Product_22,Office Supplies,230.79,Regular,B2C,0.0,0.18336949561534813,2024,2,February,1,Thursday,2024-02,365.55,230.79,134.76000000000002,36.86,17765.3,Medium Value,365.55
ORD001341,CUST0161,PRD0040,2024-05-13,2.0,37.04,Customer_161,East,Home Office,2023-06-09,Product_40,Groceries,30.03,Regular,B2B-Home,0.04878048780487805,-1.4157160101575166,2024,5,May,2,Monday,2024-05,74.08,60.06,14.019999999999996,18.93,18873.29,Medium Value,74.08
ORD001342,CUST0169,PRD0021,2023-12-30,13.0,472.24,Customer_169,East,Home Office,2022-03-03,Product_21,Office Supplies,224.92,Bulk,B2B-Home,0.5853658536585366,0.7027035573209489,2023,12,December,4,Saturday,2023-12,6139.12,2923.96,3215.16,52.37,18288.989999999998,Medium Value,6139.12
ORD001343,CUST0089,PRD0051,2024-09-21,4.0,502.39,Customer_89,West,Consumer,2024-01-29,Product_51,Furniture,372.16,Regular,B2C,0.14634146341463414,0.8494644717498913,2024,9,September,3,Saturday,2024-09,2009.56,1488.64,520.9199999999998,25.92,15199.720000000001,Medium Value,2009.56
ORD001344,CUST0176,PRD0038,2023-07-18,6.0,199.83,Customer_176,South,Home Office,2022-01-19,Product_38,Office Supplies,137.96,Regular,B2B-Home,0.24390243902439024,-0.6233044260816448,2023,7,July,3,Tuesday,2023-07,1198.98,827.76,371.22,30.96,20571.989999999998,High Value,1198.98
ORD001345,CUST0013,PRD0020,2024-12-18,8.0,532.93,Customer_13,East,Home Office,2023-08-27,Product_20,Furniture,372.1,Regular,B2B-Home,0.34146341463414637,0.998123786066969,2024,12,December,4,Wednesday,2024-12,4263.44,2976.8,1286.6399999999994,30.18,12595.68,Medium Value,4263.44
ORD001346,CUST0073,PRD0057,2024-02-17,13.0,133.48,Customer_73,North,Consumer,2024-01-28,Product_57,Electronics,76.59,Bulk,B2C,0.5853658536585366,-0.9462757916657354,2024,2,February,1,Saturday,2024-02,1735.2399999999998,995.6700000000001,739.5699999999997,42.62,17765.3,Medium Value,1735.2399999999998
ORD001347,CUST0245,PRD0029,2023-12-05,3.0,154.64,Customer_245,East,Corporate,2024-04-12,Product_29,Furniture,100.75,Regular,B2B,0.0975609756097561,-0.8432754285043285,2023,12,December,4,Tuesday,2023-12,463.91999999999996,302.25,161.66999999999996,34.85,17741.12,Medium Value,463.91999999999996
ORD001348,CUST0077,PRD0051,2024-10-20,1.0,502.39,Customer_77,West,Home Office,2022-06-29,Product_51,Furniture,372.16,Regular,B2B-Home,0.0,0.8494644717498913,2024,10,October,4,Sunday,2024-10,502.39,372.16,130.22999999999996,25.92,13978.36,Medium Value,502.39
ORD001349,CUST0159,PRD0004,2024-03-04,3.0,110.29,Customer_159,North,Consumer,2023-01-04,Product_4,Electronics,78.69,Regular,B2C,0.0975609756097561,-1.059157569629489,2024,3,March,1,Monday,2024-03,330.87,236.07,94.80000000000001,28.65,13921.130000000001,Medium Value,330.87
ORD001350,CUST0233,PRD0055,2023-05-19,12.0,540.73,Customer_233,West,Corporate,2023-01-28,Product_55,Groceries,293.69,Bulk,B2B,0.5365853658536586,1.0360917838296808,2023,5,May,2,Friday,2023-05,6488.76,3524.2799999999997,2964.4800000000005,45.69,14605.84,Medium Value,6488.76
ORD001351,CUST0203,PRD0007,2024-11-23,3.0,723.68,Customer_203,East,Home Office,2022-05-31,Product_7,Clothing,359.22,Regular,B2B-Home,0.0975609756097561,1.9266360390460988,2024,11,November,4,Saturday,2024-11,2171.04,1077.66,1093.3799999999999,50.36,29921.85,High Value,2171.04
ORD001352,CUST0068,PRD0028,2024-06-25,5.0,375.61,Customer_68,North,Home Office,2024-01-04,Product_28,Electronics,205.51,Regular,B2B-Home,0.1951219512195122,0.23233847734520421,2024,6,June,2,Tuesday,2024-06,1878.0500000000002,1027.55,850.5000000000002,45.29,12091.31,Medium Value,1878.0500000000002
ORD001353,CUST0098,PRD0028,2023-02-26,11.0,375.61,Customer_98,West,Consumer,2023-11-06,Product_28,Electronics,205.51,Bulk,B2C,0.4878048780487805,0.23233847734520421,2023,2,February,1,Sunday,2023-02,4131.71,2260.6099999999997,1871.1000000000004,45.29,26418.614999999998,High Value,4131.71
ORD001354,CUST0125,PRD0004,2023-08-20,12.0,110.29,Customer_125,North,Consumer,2024-02-15,Product_4,Electronics,78.69,Bulk,B2C,0.5365853658536586,-1.059157569629489,2023,8,August,3,Sunday,2023-08,1323.48,944.28,379.20000000000005,28.65,15735.99,Medium Value,1323.48
ORD001355,CUST0102,PRD0022,2024-10-19,12.0,365.55,Customer_102,South,Corporate,2023-03-03,Product_22,Office Supplies,230.79,Bulk,B2B,0.5365853658536586,0.18336949561534813,2024,10,October,4,Saturday,2024-10,4386.6,2769.48,1617.1200000000003,36.86,15984.16,Medium Value,4386.6
ORD001356,CUST0238,PRD0012,2024-03-10,4.0,78.44,Customer_238,South,Corporate,2022-01-29,Product_12,Furniture,49.26,Regular,B2B,0.14634146341463414,-1.2141935604938943,2024,3,March,1,Sunday,2024-03,313.76,197.04,116.72,37.2,15609.16,Medium Value,313.76
ORD001357,CUST0132,PRD0045,2024-01-19,13.0,554.21,Customer_132,North,Corporate,2024-04-05,Product_45,Clothing,274.19,Bulk,B2B,0.5853658536585366,1.1017082722708798,2024,1,January,1,Friday,2024-01,7204.7300000000005,3564.47,3640.2600000000007,50.53,22089.88,High Value,7204.7300000000005
ORD001358,CUST0102,PRD0003,2024-07-13,4.0,136.62,Customer_102,South,Corporate,2023-03-03,Product_3,Electronics,68.47,Regular,B2B,0.14634146341463414,-0.9309912387202336,2024,7,July,3,Saturday,2024-07,546.48,273.88,272.6,49.88,15984.16,Medium Value,546.48
ORD001359,CUST0019,PRD0022,2023-07-13,9.0,365.55,Customer_19,West,Consumer,2024-04-09,Product_22,Office Supplies,230.79,Regular,B2C,0.3902439024390244,0.18336949561534813,2023,7,July,3,Thursday,2023-07,3289.9500000000003,2077.11,1212.8400000000001,36.86,9312.470000000001,Medium Value,3289.9500000000003
ORD001360,CUST0198,PRD0044,2024-10-09,7.0,162.81,Customer_198,West,Home Office,2022-01-25,Product_44,Electronics,105.58,Regular,B2B-Home,0.2926829268292683,-0.8035063846938985,2024,10,October,4,Wednesday,2024-10,1139.67,739.06,400.6100000000001,35.15,25630.34,High Value,1139.67
ORD001361,CUST0226,PRD0002,2024-06-17,4.0,136.86,Customer_226,South,Corporate,2022-09-10,Product_2,Clothing,102.15,Regular,B2B,0.14634146341463414,-0.9298229926352269,2024,6,June,2,Monday,2024-06,547.44,408.6,138.84000000000003,25.36,33569.15,High Value,547.44
ORD001362,CUST0082,PRD0024,2024-06-01,3.0,650.79,Customer_82,West,Home Office,2023-08-31,Product_24,Groceries,308.95,Regular,B2B-Home,0.0975609756097561,1.5718299676455811,2024,6,June,2,Saturday,2024-06,1952.37,926.8499999999999,1025.52,52.53,15303.380000000001,Medium Value,1952.37
ORD001363,CUST0141,PRD0034,2024-12-16,6.0,138.13,Customer_141,West,Corporate,2022-10-04,Product_34,Clothing,65.97,Regular,B2B,0.24390243902439024,-0.9236410237687344,2024,12,December,4,Monday,2024-12,828.78,395.82,432.96,52.24,18900.04,Medium Value,828.78
ORD001364,CUST0233,PRD0027,2023-07-04,3.0,370.3,Customer_233,West,Corporate,2023-01-28,Product_27,Electronics,173.05,Regular,B2B,0.0975609756097561,0.20649103271443522,2023,7,July,3,Tuesday,2023-07,1110.9,519.1500000000001,591.75,53.27,14605.84,Medium Value,1110.9
ORD001365,CUST0023,PRD0055,2023-10-19,6.0,540.73,Customer_23,South,Corporate,2023-10-03,Product_55,Groceries,293.69,Regular,B2B,0.24390243902439024,1.0360917838296808,2023,10,October,4,Thursday,2023-10,3244.38,1762.1399999999999,1482.2400000000002,45.69,9435.74,Medium Value,3244.38
ORD001366,CUST0083,PRD0041,2023-12-01,11.0,700.93,Customer_83,North,Corporate,2024-02-08,Product_41,Furniture,396.03,Bulk,B2B,0.4878048780487805,1.8158960455715238,2023,12,December,4,Friday,2023-12,7710.23,4356.33,3353.8999999999996,43.5,11000.63,Medium Value,7710.23
ORD001367,CUST0109,PRD0001,2023-04-26,13.0,133.49,Customer_109,South,Corporate,2024-04-21,Product_1,Furniture,65.38,Bulk,B2B,0.5853658536585366,-0.9462271147455267,2023,4,April,2,Wednesday,2023-04,1735.3700000000001,849.9399999999999,885.4300000000002,51.02,11517.170000000002,Medium Value,1735.3700000000001
ORD001368,CUST0075,PRD0008,2023-02-18,11.0,68.43,Customer_75,North,Corporate,2022-04-10,Product_8,Furniture,36.69,Bulk,B2B,0.4878048780487805,-1.2629191576227072,2023,2,February,1,Saturday,2023-02,752.73,403.59,349.14000000000004,46.38,11561.58,Medium Value,752.73
ORD001369,CUST0129,PRD0023,2024-11-15,13.0,201.54,Customer_129,West,Consumer,2022-04-25,Product_23,Electronics,115.59,Bulk,B2C,0.5853658536585366,-0.6149806727259736,2024,11,November,4,Friday,2024-11,2620.02,1502.67,1117.35,42.65,8352.01,Low Value,2620.02
ORD001370,CUST0088,PRD0038,2023-03-23,13.0,199.83,Customer_88,North,Consumer,2022-12-02,Product_38,Office Supplies,137.96,Bulk,B2C,0.5853658536585366,-0.6233044260816448,2023,3,March,1,Thursday,2023-03,2597.79,1793.48,804.31,30.96,18964.23,Medium Value,2597.79
ORD001371,CUST0054,PRD0006,2023-11-29,12.0,100.25,Customer_54,West,Corporate,2022-03-10,Product_6,Groceries,73.48,Bulk,B2B,0.5365853658536586,-1.108029197518928,2023,11,November,4,Wednesday,2023-11,1203.0,881.76,321.24,26.7,25861.08,High Value,1203.0
ORD001372,CUST0199,PRD0022,2024-07-10,9.0,365.55,Customer_199,North,Corporate,2024-06-09,Product_22,Office Supplies,230.79,Regular,B2B,0.3902439024390244,0.18336949561534813,2024,7,July,3,Wednesday,2024-07,3289.9500000000003,2077.11,1212.8400000000001,36.86,26612.1,High Value,3289.9500000000003
ORD001373,CUST0089,PRD0025,2023-12-01,6.0,143.9,Customer_89,West,Consumer,2024-01-29,Product_25,Clothing,78.88,Regular,B2C,0.24390243902439024,-0.8955544408083695,2023,12,December,4,Friday,2023-12,863.4000000000001,473.28,390.1200000000001,45.18,15199.720000000001,Medium Value,863.4000000000001
ORD001374,CUST0213,PRD0018,2024-06-15,12.0,141.2,Customer_213,North,Consumer,2023-09-26,Product_18,Groceries,72.5,Bulk,B2C,0.5365853658536586,-0.9086972092646928,2024,6,June,2,Saturday,2024-06,1694.3999999999999,870.0,824.3999999999999,48.65,11388.64,Medium Value,1694.3999999999999
ORD001375,CUST0143,PRD0017,2023-08-09,4.0,160.45,Customer_143,West,Home Office,2023-11-07,Product_17,Clothing,106.87,Regular,B2B-Home,0.14634146341463414,-0.8149941378631292,2023,8,August,3,Wednesday,2023-08,641.8,427.48,214.31999999999994,33.39,25298.78,High Value,641.8
ORD001376,CUST0065,PRD0012,2024-09-26,5.0,78.44,Customer_65,East,Home Office,2023-09-04,Product_12,Furniture,49.26,Regular,B2B-Home,0.1951219512195122,-1.2141935604938943,2024,9,September,3,Thursday,2024-09,392.2,246.29999999999998,145.9,37.2,3108.55,Low Value,392.2
ORD001377,CUST0076,PRD0006,2023-11-19,13.0,100.25,Customer_76,South,Consumer,2024-03-12,Product_6,Groceries,73.48,Bulk,B2C,0.5853658536585366,-1.108029197518928,2023,11,November,4,Sunday,2023-11,1303.25,955.24,348.01,26.7,13324.84,Medium Value,1303.25
ORD001378,CUST0250,PRD0026,2023-01-03,6.0,174.95,Customer_250,East,Home Office,2022-11-23,Product_26,Furniture,132.85,Regular,B2B-Home,0.24390243902439024,-0.7444126035606528,2023,1,January,1,Tuesday,2023-01,1049.6999999999998,797.0999999999999,252.5999999999999,24.06,9575.7,Medium Value,1049.6999999999998
ORD001379,CUST0199,PRD0027,2024-11-24,11.0,370.3,Customer_199,North,Corporate,2024-06-09,Product_27,Electronics,173.05,Bulk,B2B,0.4878048780487805,0.20649103271443522,2024,11,November,4,Sunday,2024-11,4073.3,1903.5500000000002,2169.75,53.27,26612.1,High Value,4073.3
ORD001380,CUST0143,PRD0008,2023-07-25,3.0,68.43,Customer_143,West,Home Office,2023-11-07,Product_8,Furniture,36.69,Regular,B2B-Home,0.0975609756097561,-1.2629191576227072,2023,7,July,3,Tuesday,2023-07,205.29000000000002,110.07,95.22000000000003,46.38,25298.78,High Value,205.29000000000002
ORD001381,CUST0149,PRD0019,2023-02-09,8.0,458.22,Customer_149,North,Consumer,2023-11-20,Product_19,Furniture,269.11,Regular,B2C,0.34146341463414637,0.6344585151884856,2023,2,February,1,Thursday,2023-02,3665.76,2152.88,1512.88,41.27,20440.949999999997,High Value,3665.76
ORD001382,CUST0147,PRD0060,2023-02-28,4.0,320.42,Customer_147,East,Consumer,2022-07-11,Product_60,Groceries,231.92,Regular,B2C,0.14634146341463414,-0.036309445286083736,2023,2,February,1,Tuesday,2023-02,1281.68,927.68,354.0000000000001,27.62,15997.035,Medium Value,1281.68
ORD001383,CUST0060,PRD0042,2024-07-27,8.0,259.69,Customer_60,North,Consumer,2022-08-06,Product_42,Clothing,132.33,Regular,B2C,0.34146341463414637,-0.33192438171293864,2024,7,July,3,Saturday,2024-07,2077.52,1058.64,1018.8799999999999,49.04,22112.15,High Value,2077.52
ORD001384,CUST0093,PRD0001,2024-10-05,10.0,133.49,Customer_93,South,Unknown,2022-06-09,Product_1,Furniture,65.38,Regular,,0.43902439024390244,-0.9462271147455267,2024,10,October,4,Saturday,2024-10,1334.9,653.8,681.1000000000001,51.02,17045.37,Medium Value,1334.9
ORD001385,CUST0217,PRD0057,2024-05-21,10.0,133.48,Customer_217,West,Home Office,2024-01-03,Product_57,Electronics,76.59,Regular,B2B-Home,0.43902439024390244,-0.9462757916657354,2024,5,May,2,Tuesday,2024-05,1334.8,765.9000000000001,568.8999999999999,42.62,14480.220000000001,Medium Value,1334.8
ORD001386,CUST0161,PRD0029,2024-07-25,3.0,154.64,Customer_161,East,Home Office,2023-06-09,Product_29,Furniture,100.75,Regular,B2B-Home,0.0975609756097561,-0.8432754285043285,2024,7,July,3,Thursday,2024-07,463.91999999999996,302.25,161.66999999999996,34.85,18873.29,Medium Value,463.91999999999996
ORD001387,CUST0049,PRD0045,2023-05-02,10.0,554.21,Customer_49,South,Home Office,2023-03-11,Product_45,Clothing,274.19,Regular,B2B-Home,0.43902439024390244,1.1017082722708798,2023,5,May,2,Tuesday,2023-05,5542.1,2741.9,2800.2000000000003,50.53,18717.89,Medium Value,5542.1
ORD001388,CUST0224,PRD0049,2024-04-23,7.0,267.83,Customer_224,West,Home Office,2022-03-15,Product_49,Groceries,167.68,Regular,B2B-Home,0.2926829268292683,-0.29230136866313466,2024,4,April,2,Tuesday,2024-04,1874.81,1173.76,701.05,37.39,9256.22,Low Value,1874.81
ORD001389,CUST0241,PRD0035,2024-09-10,11.0,387.88,Customer_241,South,Consumer,2022-12-05,Product_35,Electronics,195.05,Bulk,B2C,0.4878048780487805,0.29206505844116176,2024,9,September,3,Tuesday,2024-09,4266.68,2145.55,2121.13,49.71,24028.78,High Value,4266.68
ORD001390,CUST0035,PRD0040,2023-04-06,13.0,37.04,Customer_35,South,Corporate,2022-08-25,Product_40,Groceries,30.03,Bulk,B2B,0.5853658536585366,-1.4157160101575166,2023,4,April,2,Thursday,2023-04,481.52,390.39,91.13,18.93,9883.67,Medium Value,481.52
ORD001391,CUST0172,PRD0014,2024-02-18,12.0,635.89,Customer_172,North,Consumer,2023-12-30,Product_14,Office Supplies,387.94,Bulk,B2C,0.5365853658536586,1.4993013565347606,2024,2,February,1,Sunday,2024-02,7630.68,4655.28,2975.4000000000005,38.99,25425.829999999998,High Value,7630.68
ORD001392,CUST0102,PRD0035,2023-08-23,9.0,387.88,Customer_102,South,Corporate,2023-03-03,Product_35,Electronics,195.05,Regular,B2B,0.3902439024390244,0.29206505844116176,2023,8,August,3,Wednesday,2023-08,3490.92,1755.45,1735.47,49.71,15984.16,Medium Value,3490.92
ORD001393,CUST0218,PRD0048,2023-03-03,4.0,253.91,Customer_218,North,Home Office,2022-08-23,Product_48,Electronics,191.27,Regular,B2B-Home,0.14634146341463414,-0.360059641593512,2023,3,March,1,Friday,2023-03,1015.64,765.08,250.55999999999995,24.67,16281.71,Medium Value,1015.64
ORD001394,CUST0011,PRD0045,2023-09-13,8.0,554.21,Customer_11,East,Consumer,2024-04-10,Product_45,Clothing,274.19,Regular,B2C,0.34146341463414637,1.1017082722708798,2023,9,September,3,Wednesday,2023-09,4433.68,2193.52,2240.1600000000003,50.53,20185.96,High Value,4433.68
ORD001395,CUST0099,PRD0020,2024-07-14,3.0,532.93,Customer_99,South,Home Office,2023-01-15,Product_20,Furniture,372.1,Regular,B2B-Home,0.0975609756097561,0.998123786066969,2024,7,July,3,Sunday,2024-07,1598.79,1116.3000000000002,482.4899999999998,30.18,10555.14,Medium Value,1598.79
ORD001396,CUST0200,PRD0056,2023-12-14,7.0,711.44,Customer_200,East,Home Office,2023-04-14,Product_56,Groceries,375.64,Regular,B2B-Home,0.2926829268292683,1.8670554887107675,2023,12,December,4,Thursday,2023-12,4980.08,2629.48,2350.6,47.2,8446.85,Low Value,4980.08
ORD001397,CUST0110,PRD0049,2024-11-01,3.0,267.83,Customer_110,East,Consumer,2022-02-12,Product_49,Groceries,167.68,Regular,B2C,0.0975609756097561,-0.29230136866313466,2024,11,November,4,Friday,2024-11,803.49,503.04,300.45,37.39,11602.22,Medium Value,803.49
ORD001398,CUST0206,PRD0013,2023-05-04,12.0,326.99,Customer_206,North,Corporate,2022-02-08,Product_13,Office Supplies,162.15,Bulk,B2B,0.5365853658536586,-0.004328708709030647,2023,5,May,2,Thursday,2023-05,3923.88,1945.8000000000002,1978.08,50.41,14861.295,Medium Value,3923.88
ORD001399,CUST0074,PRD0038,2024-04-26,7.0,199.83,Customer_74,South,Home Office,2024-04-16,Product_38,Office Supplies,137.96,Regular,B2B-Home,0.2926829268292683,-0.6233044260816448,2024,4,April,2,Friday,2024-04,1398.8100000000002,965.72,433.09000000000015,30.96,14716.050000000001,Medium Value,1398.8100000000002
ORD001400,CUST0194,PRD0049,2023-11-13,14.0,267.83,Customer_194,East,Corporate,2024-06-03,Product_49,Groceries,167.68,Bulk,B2B,0.6341463414634146,-0.29230136866313466,2023,11,November,4,Monday,2023-11,3749.62,2347.52,1402.1,37.39,18051.27,Medium Value,3749.62
ORD001401,CUST0174,PRD0046,2024-05-18,11.0,400.12,Customer_174,West,Home Office,2023-02-01,Product_46,Office Supplies,305.29,Bulk,B2B-Home,0.4878048780487805,0.35164560877649365,2024,5,May,2,Saturday,2024-05,4401.32,3358.19,1043.1299999999997,23.7,11404.2,Medium Value,4401.32
ORD001402,CUST0009,PRD0049,2024-12-19,10.0,267.83,Customer_9,East,Consumer,2023-10-19,Product_49,Groceries,167.68,Regular,B2C,0.43902439024390244,-0.29230136866313466,2024,12,December,4,Thursday,2024-12,2678.2999999999997,1676.8000000000002,1001.4999999999995,37.39,21697.53,High Value,2678.2999999999997
ORD001403,CUST0003,PRD0008,2023-02-17,10.0,68.43,Customer_3,North,Consumer,2022-09-26,Product_8,Furniture,36.69,Regular,B2C,0.43902439024390244,-1.2629191576227072,2023,2,February,1,Friday,2023-02,684.3000000000001,366.9,317.4000000000001,46.38,14395.29,Medium Value,684.3000000000001
ORD001404,CUST0085,PRD0043,2024-02-13,11.0,674.74,Customer_85,East,Home Office,2023-05-31,Product_43,Furniture,324.9,Bulk,B2B-Home,0.4878048780487805,1.688411191545189,2024,2,February,1,Tuesday,2024-02,7422.14,3573.8999999999996,3848.2400000000007,51.85,16345.86,Medium Value,7422.14
ORD001405,CUST0026,PRD0020,2023-05-16,11.0,532.93,Customer_26,South,Home Office,2023-05-28,Product_20,Furniture,372.1,Bulk,B2B-Home,0.4878048780487805,0.998123786066969,2023,5,May,2,Tuesday,2023-05,5862.23,4093.1000000000004,1769.1299999999992,30.18,28628.86,High Value,5862.23
ORD001406,CUST0072,PRD0060,2023-07-20,6.0,320.42,Customer_72,South,Consumer,2023-06-06,Product_60,Groceries,231.92,Regular,B2C,0.24390243902439024,-0.036309445286083736,2023,7,July,3,Thursday,2023-07,1922.52,1391.52,531.0,27.62,24813.85,High Value,1922.52
ORD001407,CUST0048,PRD0033,2023-09-07,2.0,406.65,Customer_48,East,Home Office,2023-10-18,Product_33,Groceries,234.59,Regular,B2B-Home,0.04878048780487805,0.3834316376727122,2023,9,September,3,Thursday,2023-09,813.3,469.18,344.11999999999995,42.31,4421.28,Low Value,813.3
ORD001408,CUST0194,PRD0026,2023-11-10,11.0,174.95,Customer_194,East,Corporate,2024-06-03,Product_26,Furniture,132.85,Bulk,B2B,0.4878048780487805,-0.7444126035606528,2023,11,November,4,Friday,2023-11,1924.4499999999998,1461.35,463.0999999999999,24.06,18051.27,Medium Value,1924.4499999999998
ORD001409,CUST0198,PRD0039,2024-01-03,3.0,112.92,Customer_198,West,Home Office,2022-01-25,Product_39,Electronics,58.09,Regular,B2B-Home,0.0975609756097561,-1.046355539614626,2024,1,January,1,Wednesday,2024-01,338.76,174.27,164.48999999999998,48.56,25630.34,High Value,338.76
ORD001410,CUST0156,PRD0021,2024-03-04,6.0,472.24,Customer_156,South,Corporate,2024-01-06,Product_21,Office Supplies,224.92,Regular,B2B,0.24390243902439024,0.7027035573209489,2024,3,March,1,Monday,2024-03,2833.44,1349.52,1483.92,52.37,24876.12,High Value,2833.44
ORD001411,CUST0117,PRD0053,2024-04-24,14.0,742.35,Customer_117,North,Corporate,2024-06-16,Product_53,Office Supplies,386.19,Bulk,B2B,0.6341463414634146,2.0175158490755636,2024,4,April,2,Wednesday,2024-04,10392.9,5406.66,4986.24,47.98,18738.5,Medium Value,10392.9
ORD001412,CUST0221,PRD0049,2023-11-10,4.0,267.83,Customer_221,East,Unknown,2024-01-21,Product_49,Groceries,167.68,Regular,,0.14634146341463414,-0.29230136866313466,2023,11,November,4,Friday,2023-11,1071.32,670.72,400.5999999999999,37.39,18324.27,Medium Value,1071.32
ORD001413,CUST0154,PRD0042,2024-05-14,6.0,259.69,Customer_154,East,Consumer,2023-10-25,Product_42,Clothing,132.33,Regular,B2C,0.24390243902439024,-0.33192438171293864,2024,5,May,2,Tuesday,2024-05,1558.1399999999999,793.98,764.1599999999999,49.04,14464.37,Medium Value,1558.1399999999999
ORD001414,CUST0153,PRD0043,2024-12-21,1.0,674.74,Customer_153,North,Home Office,2023-10-26,Product_43,Furniture,324.9,Regular,B2B-Home,0.0,1.688411191545189,2024,12,December,4,Saturday,2024-12,674.74,324.9,349.84000000000003,51.85,15670.85,Medium Value,674.74
ORD001415,CUST0012,PRD0054,2023-12-21,10.0,103.87,Customer_12,East,Consumer,2024-02-26,Product_54,Office Supplies,54.1,Regular,B2C,0.43902439024390244,-1.090408152403413,2023,12,December,4,Thursday,2023-12,1038.7,541.0,497.70000000000005,47.92,18815.17,Medium Value,1038.7
ORD001416,CUST0133,PRD0041,2024-04-29,12.0,700.93,Customer_133,North,Home Office,2023-05-16,Product_41,Furniture,396.03,Bulk,B2B-Home,0.5365853658536586,1.8158960455715238,2024,4,April,2,Monday,2024-04,8411.16,4752.36,3658.8,43.5,27927.370000000003,High Value,8411.16
ORD001417,CUST0226,PRD0009,2023-07-30,1.0,365.6,Customer_226,South,Corporate,2022-09-10,Product_9,Clothing,212.18,Regular,B2B,0.0,0.1836128802163912,2023,7,July,3,Sunday,2023-07,365.6,212.18,153.42000000000002,41.96,33569.15,High Value,365.6
ORD001418,CUST0048,PRD0024,2024-12-04,3.0,650.79,Customer_48,East,Home Office,2023-10-18,Product_24,Groceries,308.95,Regular,B2B-Home,0.0975609756097561,1.5718299676455811,2024,12,December,4,Wednesday,2024-12,1952.37,926.8499999999999,1025.52,52.53,4421.28,Low Value,1952.37
ORD001419,CUST0037,PRD0037,2023-02-13,8.0,38.5,Customer_37,West,Consumer,2024-06-15,Product_37,Furniture,25.47,Regular,B2C,0.34146341463414637,-1.4086091798070604,2023,2,February,1,Monday,2023-02,308.0,203.76,104.24000000000001,33.84,26289.41,High Value,308.0
ORD001420,CUST0207,PRD0049,2024-06-24,8.0,267.83,Customer_207,West,Consumer,2022-04-19,Product_49,Groceries,167.68,Regular,B2C,0.34146341463414637,-0.29230136866313466,2024,6,June,2,Monday,2024-06,2142.64,1341.44,801.1999999999998,37.39,12478.16,Medium Value,2142.64
ORD001421,CUST0044,PRD0041,2024-07-24,11.0,700.93,Customer_44,West,Corporate,2024-05-10,Product_41,Furniture,396.03,Bulk,B2B,0.4878048780487805,1.8158960455715238,2024,7,July,3,Wednesday,2024-07,7710.23,4356.33,3353.8999999999996,43.5,13914.64,Medium Value,7710.23
ORD001422,CUST0228,PRD0017,2024-08-05,4.0,160.45,Customer_228,South,Corporate,2023-06-03,Product_17,Clothing,106.87,Regular,B2B,0.14634146341463414,-0.8149941378631292,2024,8,August,3,Monday,2024-08,641.8,427.48,214.31999999999994,33.39,3446.52,Low Value,641.8
ORD001423,CUST0015,PRD0024,2023-04-02,6.0,650.79,Customer_15,West,Unknown,2022-12-12,Product_24,Groceries,308.95,Regular,,0.24390243902439024,1.5718299676455811,2023,4,April,2,Sunday,2023-04,3904.74,1853.6999999999998,2051.04,52.53,30532.535000000003,High Value,3904.74
ORD001424,CUST0043,PRD0021,2023-09-22,8.0,472.24,Customer_43,South,Consumer,2024-02-29,Product_21,Office Supplies,224.92,Regular,B2C,0.34146341463414637,0.7027035573209489,2023,9,September,3,Friday,2023-09,3777.92,1799.36,1978.5600000000002,52.37,5682.2,Low Value,3777.92
ORD001425,CUST0176,PRD0051,2023-08-08,7.0,502.39,Customer_176,South,Home Office,2022-01-19,Product_51,Furniture,372.16,Regular,B2B-Home,0.2926829268292683,0.8494644717498913,2023,8,August,3,Tuesday,2023-08,3516.73,2605.1200000000003,911.6099999999997,25.92,20571.989999999998,High Value,3516.73
ORD001426,CUST0087,PRD0059,2024-03-17,11.0,291.11,Customer_87,South,Corporate,2024-03-02,Product_59,Groceries,297.74,Bulk,B2B,0.4878048780487805,-0.17898149841750338,2024,3,March,1,Sunday,2024-03,3202.21,3275.1400000000003,-72.93000000000029,-2.28,12915.939999999999,Medium Value,3202.21
ORD001427,CUST0070,PRD0039,2024-02-05,7.0,112.92,Customer_70,South,Home Office,2022-01-23,Product_39,Electronics,58.09,Regular,B2B-Home,0.2926829268292683,-1.046355539614626,2024,2,February,1,Monday,2024-02,790.44,406.63,383.81000000000006,48.56,11016.12,Medium Value,790.44
ORD001428,CUST0046,PRD0055,2024-02-04,13.0,540.73,Customer_46,West,Home Office,2022-03-17,Product_55,Groceries,293.69,Bulk,B2B-Home,0.5853658536585366,1.0360917838296808,2024,2,February,1,Sunday,2024-02,7029.49,3817.97,3211.52,45.69,28122.76,High Value,7029.49
ORD001429,CUST0242,PRD0041,2024-12-27,4.0,700.93,Customer_242,East,Consumer,2023-10-10,Product_41,Furniture,396.03,Regular,B2C,0.14634146341463414,1.8158960455715238,2024,12,December,4,Friday,2024-12,2803.72,1584.12,1219.6,43.5,29273.95,High Value,2803.72
ORD001430,CUST0108,PRD0039,2024-07-29,9.0,112.92,Customer_108,West,Home Office,2022-06-17,Product_39,Electronics,58.09,Regular,B2B-Home,0.3902439024390244,-1.046355539614626,2024,7,July,3,Monday,2024-07,1016.28,522.8100000000001,493.4699999999999,48.56,18570.65,Medium Value,1016.28
ORD001431,CUST0123,PRD0013,2024-05-04,12.0,326.99,Customer_123,South,Consumer,2024-04-28,Product_13,Office Supplies,162.15,Bulk,B2C,0.5365853658536586,-0.004328708709030647,2024,5,May,2,Saturday,2024-05,3923.88,1945.8000000000002,1978.08,50.41,15292.470000000001,Medium Value,3923.88
ORD001432,CUST0171,PRD0011,2024-04-29,10.0,816.42,Customer_171,West,Home Office,2024-05-29,Product_11,Groceries,393.04,Regular,B2B-Home,0.43902439024390244,2.3780657970606964,2024,4,April,2,Monday,2024-04,8164.2,3930.4,4233.799999999999,51.86,23186.15,High Value,8164.2
ORD001433,CUST0237,PRD0046,2024-04-14,6.0,400.12,Customer_237,South,Home Office,2023-06-01,Product_46,Office Supplies,305.29,Regular,B2B-Home,0.24390243902439024,0.35164560877649365,2024,4,April,2,Sunday,2024-04,2400.7200000000003,1831.7400000000002,568.98,23.7,24063.03,High Value,2400.7200000000003
ORD001434,CUST0021,PRD0019,2024-07-27,14.0,458.22,Customer_21,South,Consumer,2022-05-07,Product_19,Furniture,269.11,Bulk,B2C,0.6341463414634146,0.6344585151884856,2024,7,July,3,Saturday,2024-07,6415.08,3767.54,2647.54,41.27,17505.63,Medium Value,6415.08
ORD001435,CUST0151,PRD0011,2024-11-12,12.0,816.42,Customer_151,East,Consumer,2023-07-02,Product_11,Groceries,393.04,Bulk,B2C,0.5365853658536586,2.3780657970606964,2024,11,November,4,Tuesday,2024-11,9797.039999999999,4716.4800000000005,5080.559999999999,51.86,25924.43,High Value,9797.039999999999
ORD001436,CUST0107,PRD0013,2024-03-20,11.0,326.99,Customer_107,South,Corporate,2023-02-21,Product_13,Office Supplies,162.15,Bulk,B2B,0.4878048780487805,-0.004328708709030647,2024,3,March,1,Wednesday,2024-03,3596.8900000000003,1783.65,1813.2400000000002,50.41,10106.86,Medium Value,3596.8900000000003
ORD001437,CUST0247,PRD0046,2023-09-26,3.0,400.12,Customer_247,North,Unknown,2023-05-15,Product_46,Office Supplies,305.29,Regular,,0.0975609756097561,0.35164560877649365,2023,9,September,3,Tuesday,2023-09,1200.3600000000001,915.8700000000001,284.49,23.7,7743.219999999999,Low Value,1200.3600000000001
ORD001438,CUST0080,PRD0045,2023-09-24,5.0,554.21,Customer_80,West,Corporate,2023-10-21,Product_45,Clothing,274.19,Regular,B2B,0.1951219512195122,1.1017082722708798,2023,9,September,3,Sunday,2023-09,2771.05,1370.95,1400.1000000000001,50.53,20842.22,High Value,2771.05
ORD001439,CUST0047,PRD0001,2023-02-23,5.0,133.49,Customer_47,West,Home Office,2022-06-03,Product_1,Furniture,65.38,Regular,B2B-Home,0.1951219512195122,-0.9462271147455267,2023,2,February,1,Thursday,2023-02,667.45,326.9,340.55000000000007,51.02,23461.079999999998,High Value,667.45
ORD001440,CUST0117,PRD0040,2024-06-11,14.0,37.04,Customer_117,North,Corporate,2024-06-16,Product_40,Groceries,30.03,Bulk,B2B,0.6341463414634146,-1.4157160101575166,2024,6,June,2,Tuesday,2024-06,518.56,420.42,98.13999999999993,18.93,18738.5,Medium Value,518.56
ORD001441,CUST0124,PRD0044,2024-06-03,5.0,162.81,Customer_124,East,Corporate,2022-03-31,Product_44,Electronics,105.58,Regular,B2B,0.1951219512195122,-0.8035063846938985,2024,6,June,2,Monday,2024-06,814.05,527.9,286.15,35.15,6284.13,Low Value,814.05
ORD001442,CUST0143,PRD0019,2024-09-07,8.0,458.22,Customer_143,West,Home Office,2023-11-07,Product_19,Furniture,269.11,Regular,B2B-Home,0.34146341463414637,0.6344585151884856,2024,9,September,3,Saturday,2024-09,3665.76,2152.88,1512.88,41.27,25298.78,High Value,3665.76
ORD001443,CUST0025,PRD0012,2023-02-28,9.0,78.44,Customer_25,West,Corporate,2023-09-26,Product_12,Furniture,49.26,Regular,B2B,0.3902439024390244,-1.2141935604938943,2023,2,February,1,Tuesday,2023-02,705.96,443.34,262.62000000000006,37.2,14677.33,Medium Value,705.96
ORD001444,CUST0036,PRD0008,2023-02-09,13.0,68.43,Customer_36,North,Home Office,2024-06-03,Product_8,Furniture,36.69,Bulk,B2B-Home,0.5853658536585366,-1.2629191576227072,2023,2,February,1,Thursday,2023-02,889.5900000000001,476.96999999999997,412.6200000000002,46.38,7275.29,Low Value,889.5900000000001
ORD001445,CUST0203,PRD0008,2023-08-25,9.0,68.43,Customer_203,East,Home Office,2022-05-31,Product_8,Furniture,36.69,Regular,B2B-Home,0.3902439024390244,-1.2629191576227072,2023,8,August,3,Friday,2023-08,615.8700000000001,330.21,285.66000000000014,46.38,29921.85,High Value,615.8700000000001
ORD001446,CUST0051,PRD0053,2024-01-21,13.0,742.35,Customer_51,East,Home Office,2023-11-28,Product_53,Office Supplies,386.19,Bulk,B2B-Home,0.5853658536585366,2.0175158490755636,2024,1,January,1,Sunday,2024-01,9650.550000000001,5020.47,4630.080000000001,47.98,22998.519999999997,High Value,9650.550000000001
ORD001447,CUST0015,PRD0045,2024-08-28,21.5,554.21,Customer_15,West,Unknown,2022-12-12,Product_45,Clothing,274.19,Bulk,,1.0,1.1017082722708798,2024,8,August,3,Wednesday,2024-08,11915.515000000001,5895.085,6020.430000000001,50.53,30532.535000000003,High Value,11915.515000000001
ORD001448,CUST0068,PRD0012,2024-12-16,6.0,78.44,Customer_68,North,Home Office,2024-01-04,Product_12,Furniture,49.26,Regular,B2B-Home,0.24390243902439024,-1.2141935604938943,2024,12,December,4,Monday,2024-12,470.64,295.56,175.07999999999998,37.2,12091.31,Medium Value,470.64
ORD001449,CUST0021,PRD0048,2024-10-11,9.0,253.91,Customer_21,South,Consumer,2022-05-07,Product_48,Electronics,191.27,Regular,B2C,0.3902439024390244,-0.360059641593512,2024,10,October,4,Friday,2024-10,2285.19,1721.43,563.76,24.67,17505.63,Medium Value,2285.19
ORD001450,CUST0141,PRD0033,2023-10-27,4.0,406.65,Customer_141,West,Corporate,2022-10-04,Product_33,Groceries,234.59,Regular,B2B,0.14634146341463414,0.3834316376727122,2023,10,October,4,Friday,2023-10,1626.6,938.36,688.2399999999999,42.31,18900.04,Medium Value,1626.6
ORD001451,CUST0214,PRD0045,2024-01-30,6.0,554.21,Customer_214,East,Corporate,2022-05-13,Product_45,Clothing,274.19,Regular,B2B,0.24390243902439024,1.1017082722708798,2024,1,January,1,Tuesday,2024-01,3325.26,1645.1399999999999,1680.1200000000003,50.53,19948.84,High Value,3325.26
ORD001452,CUST0019,PRD0026,2023-07-26,8.0,174.95,Customer_19,West,Consumer,2024-04-09,Product_26,Furniture,132.85,Regular,B2C,0.34146341463414637,-0.7444126035606528,2023,7,July,3,Wednesday,2023-07,1399.6,1062.8,336.79999999999995,24.06,9312.470000000001,Medium Value,1399.6
ORD001453,CUST0034,PRD0039,2023-12-02,11.0,112.92,Customer_34,South,Corporate,2023-05-03,Product_39,Electronics,58.09,Bulk,B2B,0.4878048780487805,-1.046355539614626,2023,12,December,4,Saturday,2023-12,1242.1200000000001,638.99,603.1300000000001,48.56,8270.08,Low Value,1242.1200000000001
ORD001454,CUST0078,PRD0028,2024-08-15,1.0,375.61,Customer_78,West,Consumer,2022-08-11,Product_28,Electronics,205.51,Regular,B2C,0.0,0.23233847734520421,2024,8,August,3,Thursday,2024-08,375.61,205.51,170.10000000000002,45.29,7493.87,Low Value,375.61
ORD001455,CUST0125,PRD0058,2024-12-30,8.0,45.4,Customer_125,North,Consumer,2024-02-15,Product_58,Electronics,31.27,Regular,B2C,0.34146341463414637,-1.3750221048631235,2024,12,December,4,Monday,2024-12,363.2,250.16,113.03999999999999,31.12,15735.99,Medium Value,363.2
ORD001456,CUST0196,PRD0005,2024-05-28,14.0,160.38,Customer_196,South,Consumer,2022-04-09,Product_5,Office Supplies,117.61,Bulk,B2C,0.6341463414634146,-0.8153348763045895,2024,5,May,2,Tuesday,2024-05,2245.3199999999997,1646.54,598.7799999999997,26.67,29994.35,High Value,2245.3199999999997
ORD001457,CUST0240,PRD0008,2023-06-27,10.0,68.43,Customer_240,West,Consumer,2023-02-26,Product_8,Furniture,36.69,Regular,B2C,0.43902439024390244,-1.2629191576227072,2023,6,June,2,Tuesday,2023-06,684.3000000000001,366.9,317.4000000000001,46.38,7942.71,Low Value,684.3000000000001
ORD001458,CUST0117,PRD0025,2024-01-31,11.0,143.9,Customer_117,North,Corporate,2024-06-16,Product_25,Clothing,78.88,Bulk,B2B,0.4878048780487805,-0.8955544408083695,2024,1,January,1,Wednesday,2024-01,1582.9,867.68,715.2200000000001,45.18,18738.5,Medium Value,1582.9
ORD001459,CUST0052,PRD0027,2024-01-06,12.0,370.3,Customer_52,South,Corporate,2022-10-12,Product_27,Electronics,173.05,Bulk,B2B,0.5365853658536586,0.20649103271443522,2024,1,January,1,Saturday,2024-01,4443.6,2076.6000000000004,2367.0,53.27,9976.42,Medium Value,4443.6
ORD001460,CUST0238,PRD0046,2024-10-19,6.0,400.12,Customer_238,South,Corporate,2022-01-29,Product_46,Office Supplies,305.29,Regular,B2B,0.24390243902439024,0.35164560877649365,2024,10,October,4,Saturday,2024-10,2400.7200000000003,1831.7400000000002,568.98,23.7,15609.16,Medium Value,2400.7200000000003
ORD001461,CUST0027,PRD0023,2023-11-14,9.0,201.54,Customer_27,South,Consumer,2024-01-21,Product_23,Electronics,115.59,Regular,B2C,0.3902439024390244,-0.6149806727259736,2023,11,November,4,Tuesday,2023-11,1813.86,1040.31,773.55,42.65,8937.84,Low Value,1813.86
ORD001462,CUST0157,PRD0030,2024-01-04,7.0,67.45,Customer_157,East,Consumer,2022-02-06,Product_30,Clothing,50.36,Regular,B2C,0.2926829268292683,-1.2676894958031506,2024,1,January,1,Thursday,2024-01,472.15000000000003,352.52,119.63000000000005,25.34,8424.04,Low Value,472.15000000000003
ORD001463,CUST0239,PRD0045,2024-01-19,13.0,554.21,Customer_239,East,Home Office,2022-06-14,Product_45,Clothing,274.19,Bulk,B2B-Home,0.5853658536585366,1.1017082722708798,2024,1,January,1,Friday,2024-01,7204.7300000000005,3564.47,3640.2600000000007,50.53,38168.37,High Value,7204.7300000000005
ORD001464,CUST0156,PRD0047,2023-03-03,7.0,491.72,Customer_156,South,Corporate,2024-01-06,Product_47,Furniture,240.28,Regular,B2B,0.2926829268292683,0.7975261978873105,2023,3,March,1,Friday,2023-03,3442.04,1681.96,1760.08,51.13,24876.12,High Value,3442.04
ORD001465,CUST0035,PRD0023,2024-05-19,2.0,201.54,Customer_35,South,Corporate,2022-08-25,Product_23,Electronics,115.59,Regular,B2B,0.04878048780487805,-0.6149806727259736,2024,5,May,2,Sunday,2024-05,403.08,231.18,171.89999999999998,42.65,9883.67,Medium Value,403.08
ORD001466,CUST0136,PRD0049,2023-08-27,12.0,267.83,Customer_136,North,Corporate,2022-03-16,Product_49,Groceries,167.68,Bulk,B2B,0.5365853658536586,-0.29230136866313466,2023,8,August,3,Sunday,2023-08,3213.96,2012.16,1201.8,37.39,5826.04,Low Value,3213.96
ORD001467,CUST0144,PRD0047,2023-07-14,11.0,491.72,Customer_144,West,Corporate,2023-01-29,Product_47,Furniture,240.28,Bulk,B2B,0.4878048780487805,0.7975261978873105,2023,7,July,3,Friday,2023-07,5408.92,2643.08,2765.84,51.13,17815.66,Medium Value,5408.92
ORD001468,CUST0106,PRD0020,2024-11-08,9.0,532.93,Customer_106,South,Corporate,2023-07-31,Product_20,Furniture,372.1,Regular,B2B,0.3902439024390244,0.998123786066969,2024,11,November,4,Friday,2024-11,4796.37,3348.9,1447.4699999999998,30.18,13823.58,Medium Value,4796.37
ORD001469,CUST0164,PRD0018,2023-08-10,10.0,141.2,Customer_164,West,Consumer,2024-05-16,Product_18,Groceries,72.5,Regular,B2C,0.43902439024390244,-0.9086972092646928,2023,8,August,3,Thursday,2023-08,1412.0,725.0,687.0,48.65,19909.52,High Value,1412.0
ORD001470,CUST0158,PRD0018,2023-03-02,9.0,141.2,Customer_158,South,Corporate,2024-02-19,Product_18,Groceries,72.5,Regular,B2B,0.3902439024390244,-0.9086972092646928,2023,3,March,1,Thursday,2023-03,1270.8,652.5,618.3,48.65,18382.7,Medium Value,1270.8
ORD001471,CUST0146,PRD0002,2023-05-09,6.0,136.86,Customer_146,East,Corporate,2023-04-02,Product_2,Clothing,102.15,Regular,B2B,0.24390243902439024,-0.9298229926352269,2023,5,May,2,Tuesday,2023-05,821.1600000000001,612.9000000000001,208.26,25.36,14648.6,Medium Value,821.1600000000001
ORD001472,CUST0002,PRD0004,2024-11-15,13.0,110.29,Customer_2,West,Consumer,2023-10-18,Product_4,Electronics,78.69,Bulk,B2C,0.5853658536585366,-1.059157569629489,2024,11,November,4,Friday,2024-11,1433.77,1022.97,410.79999999999995,28.65,13901.66,Medium Value,1433.77
ORD001473,CUST0177,PRD0030,2023-06-05,3.0,67.45,Customer_177,East,Corporate,2022-06-26,Product_30,Clothing,50.36,Regular,B2B,0.0975609756097561,-1.2676894958031506,2023,6,June,2,Monday,2023-06,202.35000000000002,151.07999999999998,51.27000000000004,25.34,11052.95,Medium Value,202.35000000000002
ORD001474,CUST0077,PRD0033,2024-01-13,1.0,406.65,Customer_77,West,Home Office,2022-06-29,Product_33,Groceries,234.59,Regular,B2B-Home,0.0,0.3834316376727122,2024,1,January,1,Saturday,2024-01,406.65,234.59,172.05999999999997,42.31,13978.36,Medium Value,406.65
ORD001475,CUST0132,PRD0036,2024-09-13,8.0,291.11,Customer_132,North,Corporate,2024-04-05,Product_36,Clothing,215.37,Regular,B2B,0.34146341463414637,-0.17898149841750338,2024,9,September,3,Friday,2024-09,2328.88,1722.96,605.9200000000001,26.02,22089.88,High Value,2328.88
ORD001476,CUST0090,PRD0018,2024-08-08,14.0,141.2,Customer_90,South,Corporate,2022-09-15,Product_18,Groceries,72.5,Bulk,B2B,0.6341463414634146,-0.9086972092646928,2024,8,August,3,Thursday,2024-08,1976.7999999999997,1015.0,961.7999999999997,48.65,18871.21,Medium Value,1976.7999999999997
ORD001477,CUST0089,PRD0037,2024-03-12,14.0,38.5,Customer_89,West,Consumer,2024-01-29,Product_37,Furniture,25.47,Bulk,B2C,0.6341463414634146,-1.4086091798070604,2024,3,March,1,Tuesday,2024-03,539.0,356.58,182.42000000000002,33.84,15199.720000000001,Medium Value,539.0
ORD001478,CUST0094,PRD0019,2023-07-26,3.0,458.22,Customer_94,South,Consumer,2023-04-20,Product_19,Furniture,269.11,Regular,B2C,0.0975609756097561,0.6344585151884856,2023,7,July,3,Wednesday,2023-07,1374.66,807.33,567.33,41.27,3216.76,Low Value,1374.66
ORD001479,CUST0203,PRD0047,2024-01-23,14.0,491.72,Customer_203,East,Home Office,2022-05-31,Product_47,Furniture,240.28,Bulk,B2B-Home,0.6341463414634146,0.7975261978873105,2024,1,January,1,Tuesday,2024-01,6884.08,3363.92,3520.16,51.13,29921.85,High Value,6884.08
ORD001480,CUST0007,PRD0028,2024-04-24,12.0,291.11,Customer_7,North,Unknown,2023-11-01,Product_28,Electronics,205.51,Bulk,,0.5365853658536586,-0.17898149841750338,2024,4,April,2,Wednesday,2024-04,3493.32,2466.12,1027.2000000000003,29.4,17978.420000000002,Medium Value,3493.32
ORD001481,CUST0095,PRD0040,2023-12-06,1.0,37.04,Customer_95,South,Home Office,2024-05-01,Product_40,Groceries,30.03,Regular,B2B-Home,0.0,-1.4157160101575166,2023,12,December,4,Wednesday,2023-12,37.04,30.03,7.009999999999998,18.93,1542.5,Low Value,37.04
ORD001482,CUST0108,PRD0020,2023-12-06,3.0,532.93,Customer_108,West,Home Office,2022-06-17,Product_20,Furniture,372.1,Regular,B2B-Home,0.0975609756097561,0.998123786066969,2023,12,December,4,Wednesday,2023-12,1598.79,1116.3000000000002,482.4899999999998,30.18,18570.65,Medium Value,1598.79
ORD001483,CUST0074,PRD0049,2023-07-23,14.0,267.83,Customer_74,South,Home Office,2024-04-16,Product_49,Groceries,167.68,Bulk,B2B-Home,0.6341463414634146,-0.29230136866313466,2023,7,July,3,Sunday,2023-07,3749.62,2347.52,1402.1,37.39,14716.050000000001,Medium Value,3749.62
ORD001484,CUST0039,PRD0033,2023-06-10,14.0,406.65,Customer_39,North,Consumer,2022-07-08,Product_33,Groceries,234.59,Bulk,B2C,0.6341463414634146,0.3834316376727122,2023,6,June,2,Saturday,2023-06,5693.099999999999,3284.26,2408.8399999999992,42.31,22167.1,High Value,5693.099999999999
ORD001485,CUST0141,PRD0012,2024-06-23,4.0,78.44,Customer_141,West,Corporate,2022-10-04,Product_12,Furniture,49.26,Regular,B2B,0.14634146341463414,-1.2141935604938943,2024,6,June,2,Sunday,2024-06,313.76,197.04,116.72,37.2,18900.04,Medium Value,313.76
ORD001486,CUST0159,PRD0058,2024-01-27,13.0,45.4,Customer_159,North,Consumer,2023-01-04,Product_58,Electronics,31.27,Bulk,B2C,0.5853658536585366,-1.3750221048631235,2024,1,January,1,Saturday,2024-01,590.1999999999999,406.51,183.68999999999994,31.12,13921.130000000001,Medium Value,590.1999999999999
ORD001487,CUST0071,PRD0051,2024-11-07,13.0,502.39,Customer_71,South,Unknown,2024-02-01,Product_51,Furniture,372.16,Bulk,,0.5853658536585366,0.8494644717498913,2024,11,November,4,Thursday,2024-11,6531.07,4838.08,1692.9899999999998,25.92,7507.929999999999,Low Value,6531.07
ORD001488,CUST0191,PRD0015,2024-07-28,14.0,547.01,Customer_191,East,Home Office,2023-05-21,Product_15,Office Supplies,346.88,Bulk,B2B-Home,0.6341463414634146,1.0666608897206844,2024,7,July,3,Sunday,2024-07,7658.139999999999,4856.32,2801.8199999999997,36.59,16809.71,Medium Value,7658.139999999999
ORD001489,CUST0056,PRD0041,2024-06-17,8.0,700.93,Customer_56,West,Corporate,2022-04-04,Product_41,Furniture,396.03,Regular,B2B,0.34146341463414637,1.8158960455715238,2024,6,June,2,Monday,2024-06,5607.44,3168.24,2439.2,43.5,19286.059999999998,Medium Value,5607.44
ORD001490,CUST0241,PRD0039,2023-03-11,9.0,112.92,Customer_241,South,Consumer,2022-12-05,Product_39,Electronics,58.09,Regular,B2C,0.3902439024390244,-1.046355539614626,2023,3,March,1,Saturday,2023-03,1016.28,522.8100000000001,493.4699999999999,48.56,24028.78,High Value,1016.28
ORD001491,CUST0170,PRD0002,2024-02-09,3.0,136.86,Customer_170,South,Consumer,2023-08-19,Product_2,Clothing,102.15,Regular,B2C,0.0975609756097561,-0.9298229926352269,2024,2,February,1,Friday,2024-02,410.58000000000004,306.45000000000005,104.13,25.36,14979.23,Medium Value,410.58000000000004
ORD001492,CUST0189,PRD0029,2024-08-30,6.0,154.64,Customer_189,East,Corporate,2023-07-18,Product_29,Furniture,100.75,Regular,B2B,0.24390243902439024,-0.8432754285043285,2024,8,August,3,Friday,2024-08,927.8399999999999,604.5,323.3399999999999,34.85,31618.679999999997,High Value,927.8399999999999
ORD001493,CUST0042,PRD0041,2024-11-05,10.0,700.93,Customer_42,East,Corporate,2023-08-04,Product_41,Furniture,396.03,Regular,B2B,0.43902439024390244,1.8158960455715238,2024,11,November,4,Tuesday,2024-11,7009.299999999999,3960.2999999999997,3048.9999999999995,43.5,9366.939999999999,Medium Value,7009.299999999999
ORD001494,CUST0184,PRD0010,2024-08-13,11.0,260.5,Customer_184,East,Corporate,2023-03-31,Product_10,Furniture,167.11,Bulk,B2B,0.4878048780487805,-0.32798155117604166,2024,8,August,3,Tuesday,2024-08,2865.5,1838.21,1027.29,35.85,14288.32,Medium Value,2865.5
ORD001495,CUST0036,PRD0002,2024-05-31,5.0,136.86,Customer_36,North,Home Office,2024-06-03,Product_2,Clothing,102.15,Regular,B2B-Home,0.1951219512195122,-0.9298229926352269,2024,5,May,2,Friday,2024-05,684.3000000000001,510.75,173.55000000000007,25.36,7275.29,Low Value,684.3000000000001
ORD001496,CUST0084,PRD0051,2023-04-30,6.0,502.39,Customer_84,West,Corporate,2022-11-21,Product_51,Furniture,372.16,Regular,B2B,0.24390243902439024,0.8494644717498913,2023,4,April,2,Sunday,2023-04,3014.34,2232.96,781.3800000000001,25.92,25454.75,High Value,3014.34
ORD001497,CUST0196,PRD0011,2024-11-20,21.5,816.42,Customer_196,South,Consumer,2022-04-09,Product_11,Groceries,393.04,Bulk,B2C,1.0,2.3780657970606964,2024,11,November,4,Wednesday,2024-11,17553.03,8450.36,9102.669999999998,51.86,29994.35,High Value,17553.03
ORD001498,CUST0118,PRD0013,2024-11-18,10.0,326.99,Customer_118,South,Corporate,2022-09-10,Product_13,Office Supplies,162.15,Regular,B2B,0.43902439024390244,-0.004328708709030647,2024,11,November,4,Monday,2024-11,3269.9,1621.5,1648.4,50.41,16938.989999999998,Medium Value,3269.9
ORD001499,CUST0007,PRD0010,2023-08-05,6.0,260.5,Customer_7,North,Unknown,2023-11-01,Product_10,Furniture,167.11,Regular,,0.24390243902439024,-0.32798155117604166,2023,8,August,3,Saturday,2023-08,1563.0,1002.6600000000001,560.3399999999999,35.85,17978.420000000002,Medium Value,1563.0
ORD001500,CUST0054,PRD0014,2023-02-25,7.0,635.89,Customer_54,West,Corporate,2022-03-10,Product_14,Office Supplies,387.94,Regular,B2B,0.2926829268292683,1.4993013565347606,2023,2,February,1,Saturday,2023-02,4451.23,2715.58,1735.6499999999996,38.99,25861.08,High Value,4451.23
